ISO-10303-21;
HEADER;
FILE_DESCRIPTION (( 'STEP AP203' ),
    '1' );
FILE_NAME ('F_car_battery_box_V11_eight_slots_plus2mm.STEP',
    '2026-09-11T09:41:07',
    ( '' ),
    ( '' ),
    'SwSTEP 2.0',
    'SolidWorks 2026',
    '' );
FILE_SCHEMA (( 'CONFIG_CONTROL_DESIGN' ));
ENDSEC;

DATA;
#1 = CARTESIAN_POINT ( 'NONE',  ( 48.50000000000000000, -26.00000000000000355, 13.29999999999999893 ) ) ;
#2 = DIRECTION ( 'NONE',  ( -1.000000000000000000, 0.000000000000000000, 0.000000000000000000 ) ) ;
#3 = DIRECTION ( 'NONE',  ( 0.000000000000000000, -1.000000000000000000, 0.000000000000000000 ) ) ;
#4 = VECTOR ( 'NONE', #63, 1000.000000000000000 ) ;
#5 = ADVANCED_FACE ( 'NONE', ( #1351 ), #2580, .F. ) ;
#6 = ORIENTED_EDGE ( 'NONE', *, *, #2347, .T. ) ;
#7 = EDGE_LOOP ( 'NONE', ( #3093, #1041, #1134, #3601 ) ) ;
#8 = CARTESIAN_POINT ( 'NONE',  ( 35.48945008333713247, -21.00000000000000000, 0.000000000000000000 ) ) ;
#9 = CARTESIAN_POINT ( 'NONE',  ( -22.62010700774440153, -21.00000000000000000, 0.000000000000000000 ) ) ;
#10 = FACE_OUTER_BOUND ( 'NONE', #2008, .T. ) ;
#11 = EDGE_LOOP ( 'NONE', ( #734, #810, #64, #3216 ) ) ;
#12 = ORIENTED_EDGE ( 'NONE', *, *, #1375, .T. ) ;
#13 = CARTESIAN_POINT ( 'NONE',  ( 19.57050800057007933, -20.99999999999999645, 2.000000000000001776 ) ) ;
#14 = FACE_OUTER_BOUND ( 'NONE', #1748, .T. ) ;
#15 = DIRECTION ( 'NONE',  ( -1.000000000000000000, 0.000000000000000000, 0.000000000000000000 ) ) ;
#16 = VERTEX_POINT ( 'NONE', #3871 ) ;
#17 = DIRECTION ( 'NONE',  ( 0.000000000000000000, 0.000000000000000000, 1.000000000000000000 ) ) ;
#18 = EDGE_CURVE ( 'NONE', #2867, #1181, #2377, .T. ) ;
#19 = DIRECTION ( 'NONE',  ( 0.000000000000000000, 0.000000000000000000, -1.000000000000000000 ) ) ;
#20 = LINE ( 'NONE', #2796, #2384 ) ;
#21 = DIRECTION ( 'NONE',  ( -0.000000000000000000, -1.000000000000000000, -0.000000000000000000 ) ) ;
#22 = ORIENTED_EDGE ( 'NONE', *, *, #1775, .T. ) ;
#23 = EDGE_CURVE ( 'NONE', #414, #2383, #545, .T. ) ;
#24 = ORIENTED_EDGE ( 'NONE', *, *, #3827, .T. ) ;
#25 = ADVANCED_FACE ( 'NONE', ( #3831 ), #1450, .F. ) ;
#26 = DIRECTION ( 'NONE',  ( 0.000000000000000000, 0.000000000000000000, -1.000000000000000000 ) ) ;
#27 = DIRECTION ( 'NONE',  ( 1.000000000000000000, 0.000000000000000000, 0.000000000000000000 ) ) ;
#28 = DIRECTION ( 'NONE',  ( 0.000000000000000000, 0.000000000000000000, 1.000000000000000000 ) ) ;
#29 = VECTOR ( 'NONE', #710, 1000.000000000000000 ) ;
#30 = ORIENTED_EDGE ( 'NONE', *, *, #3221, .T. ) ;
#31 = EDGE_CURVE ( 'NONE', #3434, #1773, #1736, .T. ) ;
#32 = ORIENTED_EDGE ( 'NONE', *, *, #2164, .T. ) ;
#33 = CYLINDRICAL_SURFACE ( 'NONE', #3013, 1.500000000000001332 ) ;
#34 = DIRECTION ( 'NONE',  ( 1.000000000000000000, 0.000000000000000000, 0.000000000000000000 ) ) ;
#35 = CARTESIAN_POINT ( 'NONE',  ( 48.50000000000000000, -24.00000000000000000, 15.00000000000000000 ) ) ;
#36 = ORIENTED_EDGE ( 'NONE', *, *, #3827, .F. ) ;
#37 = DIRECTION ( 'NONE',  ( -1.577021341797098053E-16, 1.000000000000000000, 0.000000000000000000 ) ) ;
#38 = LINE ( 'NONE', #3774, #3527 ) ;
#39 = CARTESIAN_POINT ( 'NONE',  ( 49.20000000000000284, -15.00000000000000000, 35.00000000000000000 ) ) ;
#40 = CARTESIAN_POINT ( 'NONE',  ( -48.50000000000000000, -26.00000000000000355, 16.69999999999999929 ) ) ;
#41 = ORIENTED_EDGE ( 'NONE', *, *, #1583, .F. ) ;
#42 = EDGE_CURVE ( 'NONE', #537, #3026, #1779, .T. ) ;
#43 = ORIENTED_EDGE ( 'NONE', *, *, #2366, .T. ) ;
#44 = CARTESIAN_POINT ( 'NONE',  ( 42.50000000000000000, -46.00000000000000000, 25.00000000000000000 ) ) ;
#45 = DIRECTION ( 'NONE',  ( 0.000000000000000000, 1.000000000000000000, -0.000000000000000000 ) ) ;
#46 = CARTESIAN_POINT ( 'NONE',  ( -48.00000000000000000, -22.45947104138353012, 33.00000000000000000 ) ) ;
#47 = ORIENTED_EDGE ( 'NONE', *, *, #687, .F. ) ;
#48 = EDGE_CURVE ( 'NONE', #86, #1188, #2459, .T. ) ;
#49 = AXIS2_PLACEMENT_3D ( 'NONE', #1955, #1936, #1013 ) ;
#50 = ORIENTED_EDGE ( 'NONE', *, *, #2532, .T. ) ;
#51 = CARTESIAN_POINT ( 'NONE',  ( -19.00000000000000000, -28.50000000000000000, 15.00000000000000000 ) ) ;
#52 = CARTESIAN_POINT ( 'NONE',  ( -2.223505790279008298, -20.81363375606980171, 0.000000000000000000 ) ) ;
#53 = VECTOR ( 'NONE', #298, 1000.000000000000000 ) ;
#54 = EDGE_CURVE ( 'NONE', #3435, #3768, #842, .T. ) ;
#55 = AXIS2_PLACEMENT_3D ( 'NONE', #3475, #422, #2595 ) ;
#56 = DIRECTION ( 'NONE',  ( 1.000000000000000000, 0.000000000000000000, 0.000000000000000000 ) ) ;
#57 = ORIENTED_EDGE ( 'NONE', *, *, #1855, .F. ) ;
#58 = AXIS2_PLACEMENT_3D ( 'NONE', #1363, #2245, #2549 ) ;
#59 = DIRECTION ( 'NONE',  ( 1.000000000000000000, 0.000000000000000000, 0.000000000000000000 ) ) ;
#60 = CIRCLE ( 'NONE', #2312, 1.700000000000000178 ) ;
#61 = CARTESIAN_POINT ( 'NONE',  ( -22.62010700774440153, -19.44133094426763364, 0.000000000000000000 ) ) ;
#62 = FACE_BOUND ( 'NONE', #3577, .T. ) ;
#63 = DIRECTION ( 'NONE',  ( 1.000000000000000000, 0.000000000000000000, 0.000000000000000000 ) ) ;
#64 = ORIENTED_EDGE ( 'NONE', *, *, #2164, .F. ) ;
#65 = AXIS2_PLACEMENT_3D ( 'NONE', #2231, #683, #2814 ) ;
#66 = ORIENTED_EDGE ( 'NONE', *, *, #3253, .T. ) ;
#67 = CYLINDRICAL_SURFACE ( 'NONE', #985, 1.700000000000000178 ) ;
#68 = DIRECTION ( 'NONE',  ( 1.000000000000000000, -0.000000000000000000, -0.000000000000000000 ) ) ;
#69 = CARTESIAN_POINT ( 'NONE',  ( 52.50000000000000711, 19.00000000000000000, 0.000000000000000000 ) ) ;
#70 = VERTEX_POINT ( 'NONE', #2315 ) ;
#71 = AXIS2_PLACEMENT_3D ( 'NONE', #773, #164, #3303 ) ;
#72 = ORIENTED_EDGE ( 'NONE', *, *, #2999, .T. ) ;
#73 = DIRECTION ( 'NONE',  ( 1.000000000000000000, 0.000000000000000000, 0.000000000000000000 ) ) ;
#74 = EDGE_CURVE ( 'NONE', #3918, #612, #3569, .T. ) ;
#75 = CARTESIAN_POINT ( 'NONE',  ( 15.37273248786049962, -20.81363375606980171, 0.000000000000000000 ) ) ;
#76 = CIRCLE ( 'NONE', #336, 1.546639270964929924 ) ;
#77 = DIRECTION ( 'NONE',  ( 1.000000000000000000, 0.000000000000000000, 0.000000000000000000 ) ) ;
#78 = ORIENTED_EDGE ( 'NONE', *, *, #1021, .F. ) ;
#79 = CARTESIAN_POINT ( 'NONE',  ( -42.50000000000000000, -51.00000000000000000, 25.00000000000000000 ) ) ;
#80 = EDGE_CURVE ( 'NONE', #1110, #3434, #2997, .T. ) ;
#81 = EDGE_CURVE ( 'NONE', #2946, #2682, #3859, .T. ) ;
#82 = DIRECTION ( 'NONE',  ( 0.000000000000000000, 0.000000000000000000, -1.000000000000000000 ) ) ;
#83 = CARTESIAN_POINT ( 'NONE',  ( 21.02997904195361301, -22.45947104138353012, 2.000000000000000000 ) ) ;
#84 = CARTESIAN_POINT ( 'NONE',  ( -4.723505790279007854, -22.31363375606976263, 0.000000000000000000 ) ) ;
#85 = VECTOR ( 'NONE', #3553, 1000.000000000000000 ) ;
#86 = VERTEX_POINT ( 'NONE', #2939 ) ;
#87 = ORIENTED_EDGE ( 'NONE', *, *, #2018, .F. ) ;
#88 = FACE_OUTER_BOUND ( 'NONE', #2994, .T. ) ;
#89 = DIRECTION ( 'NONE',  ( 0.000000000000000000, -0.000000000000000000, -1.000000000000000000 ) ) ;
#90 = FACE_OUTER_BOUND ( 'NONE', #2664, .T. ) ;
#91 = CARTESIAN_POINT ( 'NONE',  ( -35.62010700774440153, -22.55866905573236991, 0.000000000000000000 ) ) ;
#92 = ORIENTED_EDGE ( 'NONE', *, *, #3825, .T. ) ;
#93 = ORIENTED_EDGE ( 'NONE', *, *, #1478, .F. ) ;
#94 = CARTESIAN_POINT ( 'NONE',  ( -55.00000000000000000, -26.00000000000000000, 10.00000000000000178 ) ) ;
#95 = CYLINDRICAL_SURFACE ( 'NONE', #2445, 1.546639270964929924 ) ;
#96 = AXIS2_PLACEMENT_3D ( 'NONE', #3246, #249, #3856 ) ;
#97 = APPROVAL ( #2905, '未' ) ;
#98 = DIRECTION ( 'NONE',  ( 1.000000000000000000, 0.000000000000000000, 0.000000000000000000 ) ) ;
#99 = EDGE_LOOP ( 'NONE', ( #3023, #915 ) ) ;
#100 = CARTESIAN_POINT ( 'NONE',  ( 15.37273248786049962, -19.26699448510487045, 2.000000000000000000 ) ) ;
#101 = EDGE_CURVE ( 'NONE', #1303, #310, #2638, .T. ) ;
#102 = ORIENTED_EDGE ( 'NONE', *, *, #3633, .F. ) ;
#103 = DIRECTION ( 'NONE',  ( -0.000000000000000000, -0.000000000000000000, 1.000000000000000000 ) ) ;
#104 = LINE ( 'NONE', #124, #1877 ) ;
#105 = EDGE_LOOP ( 'NONE', ( #384, #3310, #3699, #93 ) ) ;
#106 = FACE_OUTER_BOUND ( 'NONE', #3850, .T. ) ;
#107 = ADVANCED_FACE ( 'NONE', ( #2598 ), #1759, .F. ) ;
#108 = CARTESIAN_POINT ( 'NONE',  ( 44.20000000000000284, 14.00000000000000178, 35.00000000000000000 ) ) ;
#109 = DIRECTION ( 'NONE',  ( 1.000000000000000000, 0.000000000000000000, 0.000000000000000000 ) ) ;
#110 = DIRECTION ( 'NONE',  ( 0.000000000000000000, 1.000000000000000000, -0.000000000000000000 ) ) ;
#111 = ORIENTED_EDGE ( 'NONE', *, *, #3124, .F. ) ;
#112 = ORIENTED_EDGE ( 'NONE', *, *, #2515, .T. ) ;
#113 = CARTESIAN_POINT ( 'NONE',  ( 16.91937175882542732, -20.81363375606980171, 0.000000000000000000 ) ) ;
#114 = FACE_OUTER_BOUND ( 'NONE', #2295, .T. ) ;
#115 = ORIENTED_EDGE ( 'NONE', *, *, #2976, .T. ) ;
#116 = DIRECTION ( 'NONE',  ( -0.000000000000000000, -0.000000000000000000, 1.000000000000000000 ) ) ;
#117 = ORIENTED_EDGE ( 'NONE', *, *, #357, .F. ) ;
#118 = DIRECTION ( 'NONE',  ( 0.000000000000000000, 0.000000000000000000, 1.000000000000000000 ) ) ;
#119 = AXIS2_PLACEMENT_3D ( 'NONE', #361, #2425, #3051 ) ;
#120 = VECTOR ( 'NONE', #2729, 1000.000000000000000 ) ;
#121 = DIRECTION ( 'NONE',  ( -1.000000000000000000, -1.577021341797098053E-16, 0.000000000000000000 ) ) ;
#122 = AXIS2_PLACEMENT_3D ( 'NONE', #3443, #719, #416 ) ;
#123 = ADVANCED_FACE ( 'NONE', ( #3258 ), #162, .F. ) ;
#124 = CARTESIAN_POINT ( 'NONE',  ( 42.50000000000000000, -65.00000000000000000, 25.00000000000000000 ) ) ;
#125 = ORIENTED_EDGE ( 'NONE', *, *, #2464, .T. ) ;
#126 = CIRCLE ( 'NONE', #1543, 1.459471041383532341 ) ;
#127 = ORIENTED_EDGE ( 'NONE', *, *, #3677, .F. ) ;
#128 = DIRECTION ( 'NONE',  ( 1.000000000000000000, 0.000000000000000000, 0.000000000000000000 ) ) ;
#129 = DIRECTION ( 'NONE',  ( 1.000000000000000000, 0.000000000000000000, -0.000000000000000000 ) ) ;
#130 = EDGE_CURVE ( 'NONE', #2800, #3050, #2616, .T. ) ;
#131 = CARTESIAN_POINT ( 'NONE',  ( 42.50000000000000000, -46.00000000000000000, 25.00000000000000000 ) ) ;
#132 = VECTOR ( 'NONE', #121, 1000.000000000000000 ) ;
#133 = VERTEX_POINT ( 'NONE', #1081 ) ;
#134 = AXIS2_PLACEMENT_3D ( 'NONE', #848, #1708, #2084 ) ;
#135 = VERTEX_POINT ( 'NONE', #1431 ) ;
#136 = CARTESIAN_POINT ( 'NONE',  ( 15.37273248786050139, -22.36027302703473296, 33.00000000000000000 ) ) ;
#137 = CYLINDRICAL_SURFACE ( 'NONE', #2061, 1.558669055732368802 ) ;
#138 = VERTEX_POINT ( 'NONE', #801 ) ;
#139 = VECTOR ( 'NONE', #1207, 1000.000000000000000 ) ;
#140 = LINE ( 'NONE', #1366, #309 ) ;
#141 = ORIENTED_EDGE ( 'NONE', *, *, #1851, .T. ) ;
#142 = PLANE ( 'NONE',  #2812 ) ;
#143 = FACE_OUTER_BOUND ( 'NONE', #1820, .T. ) ;
#144 = APPROVAL_ROLE ( '' ) ;
#145 = VERTEX_POINT ( 'NONE', #205 ) ;
#146 = CC_DESIGN_DATE_AND_TIME_ASSIGNMENT ( #786, #3240, ( #2230 ) ) ;
#147 = DIRECTION ( 'NONE',  ( 0.000000000000000000, -1.000000000000000000, 0.000000000000000000 ) ) ;
#148 = CARTESIAN_POINT ( 'NONE',  ( -48.00000000000000000, -22.45947104138353012, 2.000000000000000000 ) ) ;
#149 = VERTEX_POINT ( 'NONE', #819 ) ;
#150 = ADVANCED_FACE ( 'NONE', ( #1123 ), #3280, .F. ) ;
#151 = ORIENTED_EDGE ( 'NONE', *, *, #543, .F. ) ;
#152 = CARTESIAN_POINT ( 'NONE',  ( 2.372732487860489847, -20.81363375606980171, 0.000000000000000000 ) ) ;
#153 = LINE ( 'NONE', #3444, #889 ) ;
#154 = EDGE_LOOP ( 'NONE', ( #1897, #2443, #2744, #1979 ) ) ;
#155 = ADVANCED_FACE ( 'NONE', ( #1821 ), #3059, .F. ) ;
#156 = LINE ( 'NONE', #2533, #593 ) ;
#157 = VERTEX_POINT ( 'NONE', #2155 ) ;
#158 = CARTESIAN_POINT ( 'NONE',  ( -52.50000000000000000, -65.00000000000000000, 35.00000000000000000 ) ) ;
#159 = ORIENTED_EDGE ( 'NONE', *, *, #849, .T. ) ;
#160 = LINE ( 'NONE', #2615, #2762 ) ;
#161 = CARTESIAN_POINT ( 'NONE',  ( -3.723505790279009631, -19.31363375606980171, 33.00000000000000000 ) ) ;
#162 = CYLINDRICAL_SURFACE ( 'NONE', #728, 1.459471041383532341 ) ;
#163 = DIRECTION ( 'NONE',  ( 1.000000000000000000, 0.000000000000000000, 0.000000000000000000 ) ) ;
#164 = DIRECTION ( 'NONE',  ( 0.000000000000000000, 0.000000000000000000, 1.000000000000000000 ) ) ;
#165 = DIRECTION ( 'NONE',  ( 0.000000000000000000, 0.000000000000000000, 1.000000000000000000 ) ) ;
#166 = ORIENTED_EDGE ( 'NONE', *, *, #2878, .F. ) ;
#167 = ORIENTED_EDGE ( 'NONE', *, *, #849, .F. ) ;
#168 = LINE ( 'NONE', #2969, #2950 ) ;
#169 = CARTESIAN_POINT ( 'NONE',  ( -3.723505790279009631, -19.31363375606980171, 0.000000000000000000 ) ) ;
#170 = EDGE_CURVE ( 'NONE', #3274, #1657, #304, .T. ) ;
#171 = ORIENTED_EDGE ( 'NONE', *, *, #2734, .T. ) ;
#172 = DIRECTION ( 'NONE',  ( 0.000000000000000000, 1.000000000000000000, 0.000000000000000000 ) ) ;
#173 = ORIENTED_EDGE ( 'NONE', *, *, #745, .F. ) ;
#174 = CARTESIAN_POINT ( 'NONE',  ( -22.62010700774440153, -22.55866905573236991, 0.000000000000000000 ) ) ;
#175 = VERTEX_POINT ( 'NONE', #3653 ) ;
#176 = EDGE_CURVE ( 'NONE', #2455, #601, #1631, .T. ) ;
#177 = VECTOR ( 'NONE', #867, 1000.000000000000000 ) ;
#178 = ORIENTED_EDGE ( 'NONE', *, *, #206, .F. ) ;
#179 = DIRECTION ( 'NONE',  ( -0.000000000000000000, -0.000000000000000000, 1.000000000000000000 ) ) ;
#180 = VECTOR ( 'NONE', #3352, 1000.000000000000000 ) ;
#181 = DIRECTION ( 'NONE',  ( -1.000000000000000000, -0.000000000000000000, -0.000000000000000000 ) ) ;
#182 = AXIS2_PLACEMENT_3D ( 'NONE', #1910, #736, #73 ) ;
#183 = CYLINDRICAL_SURFACE ( 'NONE', #3779, 1.700000000000000178 ) ;
#184 = FACE_OUTER_BOUND ( 'NONE', #3150, .T. ) ;
#185 = LINE ( 'NONE', #489, #2027 ) ;
#186 = ORIENTED_EDGE ( 'NONE', *, *, #576, .F. ) ;
#187 = AXIS2_PLACEMENT_3D ( 'NONE', #627, #3338, #1244 ) ;
#188 = ORIENTED_EDGE ( 'NONE', *, *, #1732, .F. ) ;
#189 = DIRECTION ( 'NONE',  ( 0.000000000000000000, 0.000000000000000000, -1.000000000000000000 ) ) ;
#190 = CIRCLE ( 'NONE', #2442, 1.500000000000001332 ) ;
#191 = CARTESIAN_POINT ( 'NONE',  ( 15.37273248786049962, -20.81363375606980171, 33.00000000000000000 ) ) ;
#192 = AXIS2_PLACEMENT_3D ( 'NONE', #1143, #787, #1999 ) ;
#193 = ORIENTED_EDGE ( 'NONE', *, *, #3156, .F. ) ;
#194 = AXIS2_PLACEMENT_3D ( 'NONE', #413, #1045, #1025 ) ;
#195 = EDGE_CURVE ( 'NONE', #3477, #2850, #896, .T. ) ;
#196 = CARTESIAN_POINT ( 'NONE',  ( -55.00000000000000000, -28.50000000000000000, 10.00000000000000178 ) ) ;
#197 = ORIENTED_EDGE ( 'NONE', *, *, #2999, .F. ) ;
#198 = CARTESIAN_POINT ( 'NONE',  ( -16.27649420972100103, -19.31363375606980171, 0.000000000000000000 ) ) ;
#199 = VECTOR ( 'NONE', #3692, 1000.000000000000000 ) ;
#200 = LOCAL_TIME ( 17, 41, 7.000000000000000000, #916 ) ;
#201 = EDGE_CURVE ( 'NONE', #1544, #254, #3375, .T. ) ;
#202 = EDGE_CURVE ( 'NONE', #2350, #3026, #2754, .T. ) ;
#203 = VERTEX_POINT ( 'NONE', #1856 ) ;
#204 = PERSON_AND_ORGANIZATION_ROLE ( 'creator' ) ;
#205 = CARTESIAN_POINT ( 'NONE',  ( -22.62010700774440153, -19.44133094426763364, 33.00000000000000000 ) ) ;
#206 = EDGE_CURVE ( 'NONE', #880, #686, #2174, .T. ) ;
#207 = VECTOR ( 'NONE', #2855, 1000.000000000000000 ) ;
#208 = LINE ( 'NONE', #2019, #2343 ) ;
#209 = LINE ( 'NONE', #1371, #2375 ) ;
#210 = DIRECTION ( 'NONE',  ( -0.000000000000000000, -1.000000000000000000, -0.000000000000000000 ) ) ;
#211 = CARTESIAN_POINT ( 'NONE',  ( -2.223505790279008298, -20.81363375606980171, 2.000000000000000000 ) ) ;
#212 = ORIENTED_EDGE ( 'NONE', *, *, #227, .F. ) ;
#213 = VECTOR ( 'NONE', #243, 1000.000000000000000 ) ;
#214 = ORIENTED_EDGE ( 'NONE', *, *, #403, .F. ) ;
#215 = EDGE_LOOP ( 'NONE', ( #1297, #2032 ) ) ;
#216 = DIRECTION ( 'NONE',  ( -1.000000000000000000, 0.000000000000000000, 0.000000000000000000 ) ) ;
#217 = DIRECTION ( 'NONE',  ( 0.000000000000000000, -0.000000000000000000, 1.000000000000000000 ) ) ;
#218 = VERTEX_POINT ( 'NONE', #2696 ) ;
#219 = AXIS2_PLACEMENT_3D ( 'NONE', #1060, #3851, #1103 ) ;
#220 = LINE ( 'NONE', #3844, #2811 ) ;
#221 = ORIENTED_EDGE ( 'NONE', *, *, #971, .F. ) ;
#222 = FACE_OUTER_BOUND ( 'NONE', #2273, .T. ) ;
#223 = ORIENTED_EDGE ( 'NONE', *, *, #2565, .F. ) ;
#224 = ADVANCED_FACE ( 'NONE', ( #2396 ), #1211, .F. ) ;
#225 = ORIENTED_EDGE ( 'NONE', *, *, #3630, .T. ) ;
#226 = DATE_AND_TIME ( #841, #270 ) ;
#227 = EDGE_CURVE ( 'NONE', #3952, #2876, #1959, .T. ) ;
#228 = DIRECTION ( 'NONE',  ( 1.000000000000000000, 0.000000000000000000, 0.000000000000000000 ) ) ;
#229 = CARTESIAN_POINT ( 'NONE',  ( 55.00000000000000000, -26.00000000000000000, 10.00000000000000178 ) ) ;
#230 = CARTESIAN_POINT ( 'NONE',  ( 48.50000000000000000, -28.50000000000000000, 16.69999999999999929 ) ) ;
#231 = CARTESIAN_POINT ( 'NONE',  ( -44.20000000000000284, 14.00000000000000178, 33.00000000000000000 ) ) ;
#232 = ADVANCED_FACE ( 'NONE', ( #3620 ), #355, .F. ) ;
#233 = ORIENTED_EDGE ( 'NONE', *, *, #423, .T. ) ;
#234 = ORIENTED_EDGE ( 'NONE', *, *, #3414, .T. ) ;
#235 = FACE_BOUND ( 'NONE', #1265, .T. ) ;
#236 = LINE ( 'NONE', #169, #2958 ) ;
#237 = ORIENTED_EDGE ( 'NONE', *, *, #2830, .T. ) ;
#238 = CARTESIAN_POINT ( 'NONE',  ( -19.00000000000000000, -26.00000000000000355, 13.29999999999999893 ) ) ;
#239 = ORIENTED_EDGE ( 'NONE', *, *, #785, .T. ) ;
#240 = CARTESIAN_POINT ( 'NONE',  ( 37.50000000000000711, -51.00000000000000000, 25.00000000000000000 ) ) ;
#241 = CARTESIAN_POINT ( 'NONE',  ( 40.80000000000000426, -46.00000000000000000, 35.00000000000000000 ) ) ;
#242 = ORIENTED_EDGE ( 'NONE', *, *, #419, .F. ) ;
#243 = DIRECTION ( 'NONE',  ( 1.000000000000000000, 0.000000000000000000, 0.000000000000000000 ) ) ;
#244 = CARTESIAN_POINT ( 'NONE',  ( -4.723505790279007854, -19.31363375606975907, 0.000000000000000000 ) ) ;
#245 = EDGE_CURVE ( 'NONE', #3661, #149, #2853, .T. ) ;
#246 = LINE ( 'NONE', #1493, #2436 ) ;
#247 = AXIS2_PLACEMENT_3D ( 'NONE', #1109, #3004, #512 ) ;
#248 = LINE ( 'NONE', #470, #1682 ) ;
#249 = DIRECTION ( 'NONE',  ( 0.000000000000000000, 0.000000000000000000, 1.000000000000000000 ) ) ;
#250 = ORIENTED_EDGE ( 'NONE', *, *, #2317, .F. ) ;
#251 = CARTESIAN_POINT ( 'NONE',  ( -42.50000000000000000, -46.00000000000000000, 35.00000000000000000 ) ) ;
#252 = AXIS2_PLACEMENT_3D ( 'NONE', #1791, #2033, #3256 ) ;
#253 = EDGE_CURVE ( 'NONE', #1293, #3045, #611, .T. ) ;
#254 = VERTEX_POINT ( 'NONE', #311 ) ;
#255 = ORIENTED_EDGE ( 'NONE', *, *, #3074, .T. ) ;
#256 = FACE_OUTER_BOUND ( 'NONE', #2352, .T. ) ;
#257 = DIRECTION ( 'NONE',  ( 1.000000000000000000, 0.000000000000000000, 0.000000000000000000 ) ) ;
#258 = AXIS2_PLACEMENT_3D ( 'NONE', #356, #45, #1964 ) ;
#259 = VERTEX_POINT ( 'NONE', #1539 ) ;
#260 = CIRCLE ( 'NONE', #2818, 1.700000000000000178 ) ;
#261 = FACE_OUTER_BOUND ( 'NONE', #279, .T. ) ;
#262 = ORIENTED_EDGE ( 'NONE', *, *, #3439, .T. ) ;
#263 = CARTESIAN_POINT ( 'NONE',  ( -2.223505790279008298, -20.81363375606980171, 33.00000000000000000 ) ) ;
#264 = CARTESIAN_POINT ( 'NONE',  ( 2.372732487860489847, -19.26699448510487045, 0.000000000000000000 ) ) ;
#265 = AXIS2_PLACEMENT_3D ( 'NONE', #1636, #3397, #2840 ) ;
#266 = ORIENTED_EDGE ( 'NONE', *, *, #1408, .F. ) ;
#267 = VECTOR ( 'NONE', #3761, 1000.000000000000000 ) ;
#268 = CIRCLE ( 'NONE', #71, 1.700000000000000178 ) ;
#269 = DIRECTION ( 'NONE',  ( 0.000000000000000000, -0.000000000000000000, 1.000000000000000000 ) ) ;
#270 = LOCAL_TIME ( 17, 41, 7.000000000000000000, #3594 ) ;
#271 = FACE_OUTER_BOUND ( 'NONE', #1827, .T. ) ;
#272 = CARTESIAN_POINT ( 'NONE',  ( 21.02997904195361301, -20.99999999999999645, 35.00000000000000000 ) ) ;
#273 = ORIENTED_EDGE ( 'NONE', *, *, #350, .T. ) ;
#274 = EDGE_CURVE ( 'NONE', #1990, #3663, #2765, .T. ) ;
#275 = EDGE_LOOP ( 'NONE', ( #3324, #2368, #1252, #1971 ) ) ;
#276 = ORIENTED_EDGE ( 'NONE', *, *, #2749, .T. ) ;
#277 = DIRECTION ( 'NONE',  ( 1.000000000000000000, 0.000000000000000000, 0.000000000000000000 ) ) ;
#278 = DIRECTION ( 'NONE',  ( -0.000000000000000000, -0.000000000000000000, 1.000000000000000000 ) ) ;
#279 = EDGE_LOOP ( 'NONE', ( #800, #1670, #1255, #1010 ) ) ;
#280 = EDGE_CURVE ( 'NONE', #1974, #2967, #1707, .T. ) ;
#281 = VERTEX_POINT ( 'NONE', #108 ) ;
#282 = CARTESIAN_POINT ( 'NONE',  ( -55.00000000000000000, -28.50000000000000000, 10.00000000000000178 ) ) ;
#283 = CARTESIAN_POINT ( 'NONE',  ( -37.50000000000000711, -41.00000000000000000, 25.00000000000000000 ) ) ;
#284 = EDGE_CURVE ( 'NONE', #1077, #1181, #3459, .T. ) ;
#285 = ORIENTED_EDGE ( 'NONE', *, *, #516, .F. ) ;
#286 = AXIS2_PLACEMENT_3D ( 'NONE', #3125, #672, #964 ) ;
#287 = LINE ( 'NONE', #2475, #580 ) ;
#288 = DIRECTION ( 'NONE',  ( -1.000000000000000000, 0.000000000000000000, 0.000000000000000000 ) ) ;
#289 = DIRECTION ( 'NONE',  ( 0.000000000000000000, 0.000000000000000000, -1.000000000000000000 ) ) ;
#290 = ORIENTED_EDGE ( 'NONE', *, *, #2110, .T. ) ;
#291 = AXIS2_PLACEMENT_3D ( 'NONE', #3945, #1853, #3373 ) ;
#292 = ORIENTED_EDGE ( 'NONE', *, *, #2335, .F. ) ;
#293 = ORIENTED_EDGE ( 'NONE', *, *, #620, .F. ) ;
#294 = CARTESIAN_POINT ( 'NONE',  ( -48.00000000000000000, -22.31363375606976263, 2.000000000000000000 ) ) ;
#295 = LINE ( 'NONE', #3937, #957 ) ;
#296 = ORIENTED_EDGE ( 'NONE', *, *, #2629, .F. ) ;
#297 = EDGE_LOOP ( 'NONE', ( #1560, #2490, #292, #3492 ) ) ;
#298 = DIRECTION ( 'NONE',  ( -0.000000000000000000, -1.000000000000000000, -0.000000000000000000 ) ) ;
#299 = EDGE_CURVE ( 'NONE', #2784, #1773, #1354, .T. ) ;
#300 = CARTESIAN_POINT ( 'NONE',  ( -47.50000000000000000, -15.00000000000000000, 33.00000000000000000 ) ) ;
#301 = PLANE ( 'NONE',  #1052 ) ;
#302 = ORIENTED_EDGE ( 'NONE', *, *, #2704, .T. ) ;
#303 = ADVANCED_FACE ( 'NONE', ( #88 ), #1332, .F. ) ;
#304 = LINE ( 'NONE', #2474, #3356 ) ;
#305 = CARTESIAN_POINT ( 'NONE',  ( -22.62010700774440153, -22.55866905573236991, 0.000000000000000000 ) ) ;
#306 = CARTESIAN_POINT ( 'NONE',  ( 21.02997904195361301, -20.99999999999999645, 2.000000000000001776 ) ) ;
#307 = CYLINDRICAL_SURFACE ( 'NONE', #987, 1.546639270964929924 ) ;
#308 = EDGE_LOOP ( 'NONE', ( #57, #3232, #1654, #2652 ) ) ;
#309 = VECTOR ( 'NONE', #1070, 1000.000000000000000 ) ;
#310 = VERTEX_POINT ( 'NONE', #2801 ) ;
#311 = CARTESIAN_POINT ( 'NONE',  ( -42.50000000000000000, -26.00000000000000000, 25.00000000000000000 ) ) ;
#312 = ORIENTED_EDGE ( 'NONE', *, *, #1076, .F. ) ;
#313 = DIRECTION ( 'NONE',  ( 1.000000000000000000, 1.577021341797098053E-16, 0.000000000000000000 ) ) ;
#314 = CARTESIAN_POINT ( 'NONE',  ( 34.02997904195360235, -22.45947104138353012, 35.00000000000000000 ) ) ;
#315 = ORIENTED_EDGE ( 'NONE', *, *, #274, .F. ) ;
#316 = DIRECTION ( 'NONE',  ( 0.000000000000000000, -0.000000000000000000, 1.000000000000000000 ) ) ;
#317 = VECTOR ( 'NONE', #1488, 1000.000000000000000 ) ;
#318 = EDGE_LOOP ( 'NONE', ( #1367, #1329 ) ) ;
#319 = CARTESIAN_POINT ( 'NONE',  ( 52.50000000000000000, -56.00000000000000000, 25.00000000000000000 ) ) ;
#320 = VECTOR ( 'NONE', #1688, 1000.000000000000000 ) ;
#321 = DIRECTION ( 'NONE',  ( 0.000000000000000000, 0.000000000000000000, 1.000000000000000000 ) ) ;
#322 = AXIS2_PLACEMENT_3D ( 'NONE', #565, #899, #1822 ) ;
#323 = EDGE_CURVE ( 'NONE', #218, #3195, #428, .T. ) ;
#324 = CARTESIAN_POINT ( 'NONE',  ( -21.00000000000000000, -28.50000000000000000, 16.69999999999999929 ) ) ;
#325 = EDGE_LOOP ( 'NONE', ( #1380, #510, #894, #3429, #3063, #3923, #558, #1064 ) ) ;
#326 = AXIS2_PLACEMENT_3D ( 'NONE', #300, #344, #34 ) ;
#327 = EDGE_CURVE ( 'NONE', #2810, #2806, #1243, .T. ) ;
#328 = ADVANCED_FACE ( 'NONE', ( #3781 ), #411, .F. ) ;
#329 = AXIS2_PLACEMENT_3D ( 'NONE', #2608, #3152, #2247 ) ;
#330 = CARTESIAN_POINT ( 'NONE',  ( 21.02997904195361301, -20.99999999999999645, 35.00000000000000000 ) ) ;
#331 = DIRECTION ( 'NONE',  ( 1.000000000000000000, 0.000000000000000000, -0.000000000000000000 ) ) ;
#332 = FACE_OUTER_BOUND ( 'NONE', #2543, .T. ) ;
#333 = VECTOR ( 'NONE', #1392, 1000.000000000000000 ) ;
#334 = ORIENTED_EDGE ( 'NONE', *, *, #377, .T. ) ;
#335 = ADVANCED_FACE ( 'NONE', ( #3759 ), #67, .F. ) ;
#336 = AXIS2_PLACEMENT_3D ( 'NONE', #1638, #685, #1941 ) ;
#337 = ORIENTED_EDGE ( 'NONE', *, *, #3103, .T. ) ;
#338 = DIRECTION ( 'NONE',  ( 1.000000000000000000, 0.000000000000000000, 0.000000000000000000 ) ) ;
#339 = CARTESIAN_POINT ( 'NONE',  ( -21.00000000000000000, -28.50000000000000000, 15.00000000000000000 ) ) ;
#340 = DIRECTION ( 'NONE',  ( -0.000000000000000000, -0.000000000000000000, 1.000000000000000000 ) ) ;
#341 = ORIENTED_EDGE ( 'NONE', *, *, #3869, .T. ) ;
#342 = ORIENTED_EDGE ( 'NONE', *, *, #2629, .T. ) ;
#343 = DIRECTION ( 'NONE',  ( 1.000000000000000000, 0.000000000000000000, -0.000000000000000000 ) ) ;
#344 = DIRECTION ( 'NONE',  ( -0.000000000000000000, 0.000000000000000000, 1.000000000000000000 ) ) ;
#345 = DIRECTION ( 'NONE',  ( -0.000000000000000000, 0.000000000000000000, 1.000000000000000000 ) ) ;
#346 = ORIENTED_EDGE ( 'NONE', *, *, #2929, .T. ) ;
#347 = EDGE_CURVE ( 'NONE', #3960, #840, #3113, .T. ) ;
#348 = DIRECTION ( 'NONE',  ( 0.000000000000000000, 0.000000000000000000, 1.000000000000000000 ) ) ;
#349 = DIRECTION ( 'NONE',  ( -1.000000000000000000, -0.000000000000000000, -0.000000000000000000 ) ) ;
#350 = EDGE_CURVE ( 'NONE', #2591, #3252, #3436, .T. ) ;
#351 = CARTESIAN_POINT ( 'NONE',  ( 19.00000000000000000, -26.00000000000000355, 15.00000000000000000 ) ) ;
#352 = CARTESIAN_POINT ( 'NONE',  ( -46.50000000000000000, -28.50000000000000000, 16.69999999999999929 ) ) ;
#353 = ORIENTED_EDGE ( 'NONE', *, *, #441, .F. ) ;
#354 = ORIENTED_EDGE ( 'NONE', *, *, #954, .T. ) ;
#355 = CYLINDRICAL_SURFACE ( 'NONE', #477, 1.700000000000000178 ) ;
#356 = CARTESIAN_POINT ( 'NONE',  ( 14.37273248786049074, -19.26699448510482782, 35.00000000000000000 ) ) ;
#357 = EDGE_CURVE ( 'NONE', #2884, #2876, #1043, .T. ) ;
#358 = DIRECTION ( 'NONE',  ( 0.000000000000000000, 0.000000000000000000, 1.000000000000000000 ) ) ;
#359 = AXIS2_PLACEMENT_3D ( 'NONE', #44, #393, #2563 ) ;
#360 = VERTEX_POINT ( 'NONE', #3165 ) ;
#361 = CARTESIAN_POINT ( 'NONE',  ( 15.37273248786049962, -20.81363375606980171, 2.000000000000000000 ) ) ;
#362 = VERTEX_POINT ( 'NONE', #3718 ) ;
#363 = DIRECTION ( 'NONE',  ( -0.000000000000000000, -0.000000000000000000, 1.000000000000000000 ) ) ;
#364 = PLANE ( 'NONE',  #3334 ) ;
#365 = VERTEX_POINT ( 'NONE', #1641 ) ;
#366 = FACE_OUTER_BOUND ( 'NONE', #3005, .T. ) ;
#367 = CARTESIAN_POINT ( 'NONE',  ( -48.00000000000000000, -19.26699448510482782, 2.000000000000000000 ) ) ;
#368 = APPLICATION_CONTEXT ( 'configuration controlled 3d designs of mechanical parts and assemblies' ) ;
#369 = DIRECTION ( 'NONE',  ( -1.000000000000000000, -0.000000000000000000, -0.000000000000000000 ) ) ;
#370 = EDGE_LOOP ( 'NONE', ( #1342, #2344, #2703, #3868 ) ) ;
#371 = CARTESIAN_POINT ( 'NONE',  ( 34.02997904195360235, -22.45947104138353012, 0.000000000000000000 ) ) ;
#372 = ADVANCED_FACE ( 'NONE', ( #1596 ), #1022, .F. ) ;
#373 = CARTESIAN_POINT ( 'NONE',  ( 50.50000000000000000, -23.99999999999999645, 33.00000000000000000 ) ) ;
#374 = LINE ( 'NONE', #148, #1093 ) ;
#375 = VERTEX_POINT ( 'NONE', #2261 ) ;
#376 = AXIS2_PLACEMENT_3D ( 'NONE', #3142, #1292, #3123 ) ;
#377 = EDGE_CURVE ( 'NONE', #686, #596, #2820, .T. ) ;
#378 = ORIENTED_EDGE ( 'NONE', *, *, #1601, .F. ) ;
#379 = CARTESIAN_POINT ( 'NONE',  ( 42.50000000000000000, -27.50000000000000000, 25.00000000000000000 ) ) ;
#380 = FACE_BOUND ( 'NONE', #1336, .T. ) ;
#381 = VECTOR ( 'NONE', #2535, 1000.000000000000000 ) ;
#382 = VECTOR ( 'NONE', #2607, 1000.000000000000000 ) ;
#383 = CARTESIAN_POINT ( 'NONE',  ( -50.50000000000000000, 19.00000000000000000, 33.00000000000000000 ) ) ;
#384 = ORIENTED_EDGE ( 'NONE', *, *, #1485, .F. ) ;
#385 = DIRECTION ( 'NONE',  ( 0.000000000000000000, 0.000000000000000000, 1.000000000000000000 ) ) ;
#386 = VECTOR ( 'NONE', #3283, 1000.000000000000000 ) ;
#387 = CARTESIAN_POINT ( 'NONE',  ( -52.50000000000000000, -25.99999999999999645, 25.00000000000000000 ) ) ;
#388 = VECTOR ( 'NONE', #1058, 1000.000000000000000 ) ;
#389 = CARTESIAN_POINT ( 'NONE',  ( 37.50000000000000711, -51.00000000000000000, 25.00000000000000000 ) ) ;
#390 = DIRECTION ( 'NONE',  ( 0.000000000000000000, 0.000000000000000000, 1.000000000000000000 ) ) ;
#391 = ORIENTED_EDGE ( 'NONE', *, *, #253, .T. ) ;
#392 = AXIS2_PLACEMENT_3D ( 'NONE', #2501, #3326, #3048 ) ;
#393 = DIRECTION ( 'NONE',  ( -0.000000000000000000, -0.000000000000000000, 1.000000000000000000 ) ) ;
#394 = DIRECTION ( 'NONE',  ( 0.000000000000000000, 0.000000000000000000, 1.000000000000000000 ) ) ;
#395 = VECTOR ( 'NONE', #210, 1000.000000000000000 ) ;
#396 = CYLINDRICAL_SURFACE ( 'NONE', #194, 1.558669055732368802 ) ;
#397 = EDGE_CURVE ( 'NONE', #1862, #523, #1963, .T. ) ;
#398 = EDGE_LOOP ( 'NONE', ( #1242, #3115, #234, #1108 ) ) ;
#399 = VECTOR ( 'NONE', #3167, 1000.000000000000000 ) ;
#400 = ORIENTED_EDGE ( 'NONE', *, *, #744, .T. ) ;
#401 = DIRECTION ( 'NONE',  ( 0.000000000000000000, -1.000000000000000000, 0.000000000000000000 ) ) ;
#402 = FACE_OUTER_BOUND ( 'NONE', #1618, .T. ) ;
#403 = EDGE_CURVE ( 'NONE', #2627, #735, #2524, .T. ) ;
#404 = FACE_OUTER_BOUND ( 'NONE', #1957, .T. ) ;
#405 = VERTEX_POINT ( 'NONE', #3798 ) ;
#406 = LINE ( 'NONE', #2877, #2176 ) ;
#407 = EDGE_CURVE ( 'NONE', #418, #2290, #3551, .T. ) ;
#408 = LINE ( 'NONE', #3478, #2826 ) ;
#409 = DIRECTION ( 'NONE',  ( -0.000000000000000000, 1.000000000000000000, -0.000000000000000000 ) ) ;
#410 = ORIENTED_EDGE ( 'NONE', *, *, #2456, .T. ) ;
#411 = CYLINDRICAL_SURFACE ( 'NONE', #359, 1.700000000000000178 ) ;
#412 = CARTESIAN_POINT ( 'NONE',  ( -2.223505790279008298, -20.81363375606980171, 0.000000000000000000 ) ) ;
#413 = CARTESIAN_POINT ( 'NONE',  ( -22.62010700774440153, -21.00000000000000000, 0.000000000000000000 ) ) ;
#414 = VERTEX_POINT ( 'NONE', #1579 ) ;
#415 = ORIENTED_EDGE ( 'NONE', *, *, #785, .F. ) ;
#416 = DIRECTION ( 'NONE',  ( 1.000000000000000000, 0.000000000000000000, 0.000000000000000000 ) ) ;
#417 = CARTESIAN_POINT ( 'NONE',  ( -42.50000000000000000, -41.00000000000000000, 25.00000000000000000 ) ) ;
#418 = VERTEX_POINT ( 'NONE', #3420 ) ;
#419 = EDGE_CURVE ( 'NONE', #2921, #3561, #208, .T. ) ;
#420 = CARTESIAN_POINT ( 'NONE',  ( 16.91937175882542732, -20.81363375606980171, 2.000000000000000000 ) ) ;
#421 = ORIENTED_EDGE ( 'NONE', *, *, #3276, .F. ) ;
#422 = DIRECTION ( 'NONE',  ( 0.000000000000000000, 1.000000000000000000, 0.000000000000000000 ) ) ;
#423 = EDGE_CURVE ( 'NONE', #2325, #3791, #1358, .T. ) ;
#424 = FACE_OUTER_BOUND ( 'NONE', #2465, .T. ) ;
#425 = CARTESIAN_POINT ( 'NONE',  ( -55.00000000000000000, -26.00000000000000000, 10.00000000000000178 ) ) ;
#426 = ORIENTED_EDGE ( 'NONE', *, *, #2440, .T. ) ;
#427 = ORIENTED_EDGE ( 'NONE', *, *, #1683, .F. ) ;
#428 = LINE ( 'NONE', #2499, #482 ) ;
#429 = PLANE ( 'NONE',  #3080 ) ;
#430 = CARTESIAN_POINT ( 'NONE',  ( 32.02997904195360945, -22.45947104138353012, 35.00000000000000000 ) ) ;
#431 = DIRECTION ( 'NONE',  ( 0.000000000000000000, 0.000000000000000000, 1.000000000000000000 ) ) ;
#432 = ORIENTED_EDGE ( 'NONE', *, *, #3298, .F. ) ;
#433 = EDGE_LOOP ( 'NONE', ( #1565, #2226, #3676, #1429 ) ) ;
#434 = DIRECTION ( 'NONE',  ( 0.000000000000000000, 0.000000000000000000, -1.000000000000000000 ) ) ;
#435 = DIRECTION ( 'NONE',  ( -0.000000000000000000, -0.000000000000000000, 1.000000000000000000 ) ) ;
#436 = ORIENTED_EDGE ( 'NONE', *, *, #806, .T. ) ;
#437 = LINE ( 'NONE', #2898, #502 ) ;
#438 = ORIENTED_EDGE ( 'NONE', *, *, #2586, .T. ) ;
#439 = CARTESIAN_POINT ( 'NONE',  ( -46.50000000000000000, -26.00000000000000355, 15.00000000000000000 ) ) ;
#440 = CIRCLE ( 'NONE', #1337, 1.700000000000000178 ) ;
#441 = EDGE_CURVE ( 'NONE', #753, #1990, #2858, .T. ) ;
#442 = AXIS2_PLACEMENT_3D ( 'NONE', #51, #3370, #618 ) ;
#443 = CARTESIAN_POINT ( 'NONE',  ( 19.00000000000000000, -24.00000000000000000, 15.00000000000000000 ) ) ;
#444 = DIRECTION ( 'NONE',  ( 1.000000000000000000, 0.000000000000000000, 0.000000000000000000 ) ) ;
#445 = ADVANCED_FACE ( 'NONE', ( #714 ), #3801, .F. ) ;
#446 = EDGE_CURVE ( 'NONE', #1891, #459, #1046, .T. ) ;
#447 = ORIENTED_EDGE ( 'NONE', *, *, #1459, .F. ) ;
#448 = LINE ( 'NONE', #1019, #1857 ) ;
#449 = CIRCLE ( 'NONE', #3396, 1.700000000000000178 ) ;
#450 = CARTESIAN_POINT ( 'NONE',  ( 37.50000000000000711, -51.00000000000000000, 35.00000000000000000 ) ) ;
#451 = LINE ( 'NONE', #1643, #2902 ) ;
#452 = VECTOR ( 'NONE', #1163, 1000.000000000000000 ) ;
#453 = EDGE_CURVE ( 'NONE', #2186, #537, #1373, .T. ) ;
#454 = ORIENTED_EDGE ( 'NONE', *, *, #3178, .F. ) ;
#455 = VECTOR ( 'NONE', #2042, 1000.000000000000000 ) ;
#456 = ORIENTED_EDGE ( 'NONE', *, *, #2217, .F. ) ;
#457 = CARTESIAN_POINT ( 'NONE',  ( -3.723505790279009631, -19.31363375606980171, 35.00000000000000000 ) ) ;
#458 = DIRECTION ( 'NONE',  ( -0.000000000000000000, -0.000000000000000000, -1.000000000000000000 ) ) ;
#459 = VERTEX_POINT ( 'NONE', #2660 ) ;
#460 = AXIS2_PLACEMENT_3D ( 'NONE', #1574, #2136, #3377 ) ;
#461 = LINE ( 'NONE', #2517, #2233 ) ;
#462 = DIRECTION ( 'NONE',  ( 0.000000000000000000, 0.000000000000000000, -1.000000000000000000 ) ) ;
#463 = VERTEX_POINT ( 'NONE', #2943 ) ;
#464 = LINE ( 'NONE', #3159, #3706 ) ;
#465 = DIRECTION ( 'NONE',  ( 0.000000000000000000, -1.000000000000000000, 0.000000000000000000 ) ) ;
#466 = PERSON_AND_ORGANIZATION ( #3943, #3727 ) ;
#467 = CARTESIAN_POINT ( 'NONE',  ( 21.02997904195361301, -20.99999999999999645, 35.00000000000000000 ) ) ;
#468 = ADVANCED_FACE ( 'NONE', ( #2037 ), #2022, .F. ) ;
#469 = CARTESIAN_POINT ( 'NONE',  ( 42.50000000000000000, -65.00000000000000000, 35.00000000000000000 ) ) ;
#470 = CARTESIAN_POINT ( 'NONE',  ( 19.57050800057007933, -20.99999999999999645, 35.00000000000000000 ) ) ;
#471 = EDGE_LOOP ( 'NONE', ( #2531, #2480, #72, #337 ) ) ;
#472 = EDGE_CURVE ( 'NONE', #3360, #259, #1119, .T. ) ;
#473 = ORIENTED_EDGE ( 'NONE', *, *, #2271, .T. ) ;
#474 = VERTEX_POINT ( 'NONE', #1128 ) ;
#475 = DIRECTION ( 'NONE',  ( 0.000000000000000000, 0.000000000000000000, 1.000000000000000000 ) ) ;
#476 = CARTESIAN_POINT ( 'NONE',  ( -45.79999999999999716, -15.00000000000000000, 35.00000000000000000 ) ) ;
#477 = AXIS2_PLACEMENT_3D ( 'NONE', #3027, #883, #2121 ) ;
#478 = CARTESIAN_POINT ( 'NONE',  ( -22.62010700774440153, -21.00000000000000000, 0.000000000000000000 ) ) ;
#479 = CARTESIAN_POINT ( 'NONE',  ( -21.00000000000000000, -26.00000000000000355, 13.29999999999999893 ) ) ;
#480 = ORIENTED_EDGE ( 'NONE', *, *, #2763, .T. ) ;
#481 = FACE_OUTER_BOUND ( 'NONE', #2023, .T. ) ;
#482 = VECTOR ( 'NONE', #2868, 1000.000000000000000 ) ;
#483 = AXIS2_PLACEMENT_3D ( 'NONE', #272, #914, #15 ) ;
#484 = AXIS2_PLACEMENT_3D ( 'NONE', #1740, #2399, #1415 ) ;
#485 = CARTESIAN_POINT ( 'NONE',  ( -22.62010700774440153, -19.44133094426763364, 2.000000000000000000 ) ) ;
#486 = CARTESIAN_POINT ( 'NONE',  ( 52.50000000000000711, 19.00000000000000000, 0.000000000000000000 ) ) ;
#487 = DIRECTION ( 'NONE',  ( -1.000000000000000000, 0.000000000000000000, -0.000000000000000000 ) ) ;
#488 = DIRECTION ( 'NONE',  ( 1.000000000000000000, 0.000000000000000000, 0.000000000000000000 ) ) ;
#489 = CARTESIAN_POINT ( 'NONE',  ( 45.79999999999999716, -50.00000000000000000, 25.00000000000000000 ) ) ;
#490 = VERTEX_POINT ( 'NONE', #3916 ) ;
#491 = EDGE_CURVE ( 'NONE', #135, #365, #185, .T. ) ;
#492 = ORIENTED_EDGE ( 'NONE', *, *, #3103, .F. ) ;
#493 = DIRECTION ( 'NONE',  ( 1.000000000000000000, 0.000000000000000000, 0.000000000000000000 ) ) ;
#494 = CARTESIAN_POINT ( 'NONE',  ( -50.00000000000000000, -24.00000000000000000, 35.00000000000000000 ) ) ;
#495 = VERTEX_POINT ( 'NONE', #211 ) ;
#496 = ADVANCED_FACE ( 'NONE', ( #1475 ), #3895, .F. ) ;
#497 = EDGE_CURVE ( 'NONE', #3667, #1742, #2322, .T. ) ;
#498 = DIRECTION ( 'NONE',  ( -0.000000000000000000, -1.000000000000000000, -0.000000000000000000 ) ) ;
#499 = VERTEX_POINT ( 'NONE', #3877 ) ;
#500 = DIRECTION ( 'NONE',  ( -0.000000000000000000, 1.000000000000000000, -0.000000000000000000 ) ) ;
#501 = ORIENTED_EDGE ( 'NONE', *, *, #1301, .T. ) ;
#502 = VECTOR ( 'NONE', #2918, 1000.000000000000000 ) ;
#503 = PERSON_AND_ORGANIZATION ( #3943, #3727 ) ;
#504 = AXIS2_PLACEMENT_3D ( 'NONE', #2974, #1426, #3295 ) ;
#505 = DIRECTION ( 'NONE',  ( 0.000000000000000000, 0.000000000000000000, -1.000000000000000000 ) ) ;
#506 = AXIS2_PLACEMENT_3D ( 'NONE', #575, #2402, #2143 ) ;
#507 = DIRECTION ( 'NONE',  ( -0.000000000000000000, -0.000000000000000000, 1.000000000000000000 ) ) ;
#508 = DIRECTION ( 'NONE',  ( -0.000000000000000000, -0.000000000000000000, 1.000000000000000000 ) ) ;
#509 = DIRECTION ( 'NONE',  ( -1.000000000000000000, 0.000000000000000000, 0.000000000000000000 ) ) ;
#510 = ORIENTED_EDGE ( 'NONE', *, *, #974, .F. ) ;
#511 = VECTOR ( 'NONE', #1556, 1000.000000000000000 ) ;
#512 = DIRECTION ( 'NONE',  ( 0.000000000000000000, 0.000000000000000000, 1.000000000000000000 ) ) ;
#513 = VERTEX_POINT ( 'NONE', #2341 ) ;
#514 = LINE ( 'NONE', #2026, #640 ) ;
#515 = AXIS2_PLACEMENT_3D ( 'NONE', #2255, #2294, #2692 ) ;
#516 = EDGE_CURVE ( 'NONE', #1795, #1476, #3179, .T. ) ;
#517 = FACE_OUTER_BOUND ( 'NONE', #1720, .T. ) ;
#518 = VECTOR ( 'NONE', #2467, 1000.000000000000000 ) ;
#519 = CARTESIAN_POINT ( 'NONE',  ( 14.37273248786049074, -19.26699448510482782, 35.00000000000000000 ) ) ;
#520 = ORIENTED_EDGE ( 'NONE', *, *, #1554, .F. ) ;
#521 = DIRECTION ( 'NONE',  ( 0.000000000000000000, 0.000000000000000000, 1.000000000000000000 ) ) ;
#522 = EDGE_CURVE ( 'NONE', #1629, #3561, #823, .T. ) ;
#523 = VERTEX_POINT ( 'NONE', #2701 ) ;
#524 = VECTOR ( 'NONE', #3930, 1000.000000000000000 ) ;
#525 = VERTEX_POINT ( 'NONE', #2358 ) ;
#526 = EDGE_CURVE ( 'NONE', #3885, #1376, #3573, .T. ) ;
#527 = CARTESIAN_POINT ( 'NONE',  ( 47.50000000000000000, -15.00000000000000000, 25.00000000000000000 ) ) ;
#528 = VECTOR ( 'NONE', #1650, 1000.000000000000000 ) ;
#529 = PLANE ( 'NONE',  #2894 ) ;
#530 = CARTESIAN_POINT ( 'NONE',  ( -40.80000000000000426, -46.00000000000000000, 25.00000000000000000 ) ) ;
#531 = CARTESIAN_POINT ( 'NONE',  ( -48.00000000000000000, -22.55866905573236991, 33.00000000000000000 ) ) ;
#532 = EDGE_LOOP ( 'NONE', ( #573, #3237, #561, #341, #2025 ) ) ;
#533 = VECTOR ( 'NONE', #2056, 1000.000000000000000 ) ;
#534 = ORIENTED_EDGE ( 'NONE', *, *, #855, .T. ) ;
#535 = CARTESIAN_POINT ( 'NONE',  ( 42.50000000000000000, -65.00000000000000000, 25.00000000000000000 ) ) ;
#536 = DIRECTION ( 'NONE',  ( 1.000000000000000000, 0.000000000000000000, 0.000000000000000000 ) ) ;
#537 = VERTEX_POINT ( 'NONE', #3262 ) ;
#538 = LINE ( 'NONE', #196, #2748 ) ;
#539 = EDGE_LOOP ( 'NONE', ( #1516, #2104, #2599, #3052 ) ) ;
#540 = PLANE ( 'NONE',  #875 ) ;
#541 = ORIENTED_EDGE ( 'NONE', *, *, #1301, .F. ) ;
#542 = CARTESIAN_POINT ( 'NONE',  ( 46.50000000000000000, -28.50000000000000000, 15.00000000000000000 ) ) ;
#543 = EDGE_CURVE ( 'NONE', #1728, #3932, #3496, .T. ) ;
#544 = VECTOR ( 'NONE', #731, 1000.000000000000000 ) ;
#545 = LINE ( 'NONE', #2297, #1878 ) ;
#546 = EDGE_CURVE ( 'NONE', #1754, #3323, #547, .T. ) ;
#547 = CIRCLE ( 'NONE', #3872, 1.500000000000001332 ) ;
#548 = CARTESIAN_POINT ( 'NONE',  ( -35.62010700774440153, -19.44133094426763364, 0.000000000000000000 ) ) ;
#549 = DIRECTION ( 'NONE',  ( 0.000000000000000000, 0.000000000000000000, 1.000000000000000000 ) ) ;
#550 = DIRECTION ( 'NONE',  ( 1.000000000000000000, 1.577021341797098053E-16, 0.000000000000000000 ) ) ;
#551 = ORIENTED_EDGE ( 'NONE', *, *, #543, .T. ) ;
#552 = ORIENTED_EDGE ( 'NONE', *, *, #3677, .T. ) ;
#553 = ORIENTED_EDGE ( 'NONE', *, *, #3171, .F. ) ;
#554 = DIRECTION ( 'NONE',  ( -0.000000000000000000, -0.000000000000000000, 1.000000000000000000 ) ) ;
#555 = DIRECTION ( 'NONE',  ( 1.000000000000000000, 0.000000000000000000, 0.000000000000000000 ) ) ;
#556 = VERTEX_POINT ( 'NONE', #2060 ) ;
#557 = DIRECTION ( 'NONE',  ( -0.000000000000000000, -1.000000000000000000, -0.000000000000000000 ) ) ;
#558 = ORIENTED_EDGE ( 'NONE', *, *, #407, .F. ) ;
#559 = CARTESIAN_POINT ( 'NONE',  ( -42.50000000000000000, -26.00000000000000000, 35.00000000000000000 ) ) ;
#560 = DIRECTION ( 'NONE',  ( 1.000000000000000000, 0.000000000000000000, 0.000000000000000000 ) ) ;
#561 = ORIENTED_EDGE ( 'NONE', *, *, #1157, .F. ) ;
#562 = EDGE_CURVE ( 'NONE', #259, #3360, #2602, .T. ) ;
#563 = DIRECTION ( 'NONE',  ( 0.000000000000000000, 0.000000000000000000, -1.000000000000000000 ) ) ;
#564 = VECTOR ( 'NONE', #2070, 1000.000000000000000 ) ;
#565 = CARTESIAN_POINT ( 'NONE',  ( 42.50000000000000000, -46.00000000000000000, 25.00000000000000000 ) ) ;
#566 = AXIS2_PLACEMENT_3D ( 'NONE', #2506, #1503, #3329 ) ;
#567 = EDGE_CURVE ( 'NONE', #2325, #1258, #2381, .T. ) ;
#568 = CARTESIAN_POINT ( 'NONE',  ( -22.62010700774440153, -21.00000000000000000, 2.000000000000000000 ) ) ;
#569 = DIRECTION ( 'NONE',  ( 1.000000000000000000, 0.000000000000000000, 0.000000000000000000 ) ) ;
#570 = ORIENTED_EDGE ( 'NONE', *, *, #3079, .T. ) ;
#571 = APPLICATION_CONTEXT ( 'configuration controlled 3d designs of mechanical parts and assemblies' ) ;
#572 = CIRCLE ( 'NONE', #767, 1.500000000000001332 ) ;
#573 = ORIENTED_EDGE ( 'NONE', *, *, #1920, .T. ) ;
#574 = ORIENTED_EDGE ( 'NONE', *, *, #3532, .F. ) ;
#575 = CARTESIAN_POINT ( 'NONE',  ( 42.50000000000000000, -46.00000000000000000, 25.00000000000000000 ) ) ;
#576 = EDGE_CURVE ( 'NONE', #3608, #2591, #2984, .T. ) ;
#577 = CARTESIAN_POINT ( 'NONE',  ( 42.50000000000000000, -26.00000000000000355, 25.00000000000000000 ) ) ;
#578 = AXIS2_PLACEMENT_3D ( 'NONE', #94, #401, #3191 ) ;
#579 = ORIENTED_EDGE ( 'NONE', *, *, #562, .F. ) ;
#580 = VECTOR ( 'NONE', #269, 1000.000000000000000 ) ;
#581 = ORIENTED_EDGE ( 'NONE', *, *, #3034, .F. ) ;
#582 = DIRECTION ( 'NONE',  ( 0.000000000000000000, 0.000000000000000000, -1.000000000000000000 ) ) ;
#583 = CARTESIAN_POINT ( 'NONE',  ( -21.06143795201203517, -21.00000000000000000, 2.000000000000000000 ) ) ;
#584 = VECTOR ( 'NONE', #1180, 1000.000000000000000 ) ;
#585 = VERTEX_POINT ( 'NONE', #231 ) ;
#586 = COORDINATED_UNIVERSAL_TIME_OFFSET ( 8, 0, .AHEAD. ) ;
#587 = CIRCLE ( 'NONE', #3660, 1.700000000000000178 ) ;
#588 = AXIS2_PLACEMENT_3D ( 'NONE', #1622, #1661, #2888 ) ;
#589 = CARTESIAN_POINT ( 'NONE',  ( 21.02997904195361301, -19.54052895861646633, 35.00000000000000000 ) ) ;
#590 = FACE_OUTER_BOUND ( 'NONE', #2160, .T. ) ;
#591 = DIRECTION ( 'NONE',  ( -0.000000000000000000, -0.000000000000000000, 1.000000000000000000 ) ) ;
#592 = EDGE_LOOP ( 'NONE', ( #432, #853, #3685, #3406 ) ) ;
#593 = VECTOR ( 'NONE', #1054, 1000.000000000000000 ) ;
#594 = ADVANCED_FACE ( 'NONE', ( #1782 ), #1393, .F. ) ;
#595 = EDGE_LOOP ( 'NONE', ( #1171, #3327, #3181, #2441, #2064, #3374, #1908, #3141, #739, #3694, #680, #3486, #2085, #290, #1006, #1402 ) ) ;
#596 = VERTEX_POINT ( 'NONE', #1085 ) ;
#597 = LINE ( 'NONE', #294, #1277 ) ;
#598 = CARTESIAN_POINT ( 'NONE',  ( 14.37273248786049074, -22.36027302703469388, 35.00000000000000000 ) ) ;
#599 = ORIENTED_EDGE ( 'NONE', *, *, #1683, .T. ) ;
#600 = ADVANCED_FACE ( 'NONE', ( #1246 ), #1558, .F. ) ;
#601 = VERTEX_POINT ( 'NONE', #3399 ) ;
#602 = DIRECTION ( 'NONE',  ( 1.000000000000000000, 0.000000000000000000, 0.000000000000000000 ) ) ;
#603 = DIRECTION ( 'NONE',  ( 0.000000000000000000, 0.000000000000000000, 1.000000000000000000 ) ) ;
#604 = EDGE_LOOP ( 'NONE', ( #3700, #3286, #2899, #2621 ) ) ;
#605 = DIRECTION ( 'NONE',  ( 0.000000000000000000, 0.000000000000000000, -1.000000000000000000 ) ) ;
#606 = DIRECTION ( 'NONE',  ( 0.000000000000000000, 1.000000000000000000, 0.000000000000000000 ) ) ;
#607 = DIRECTION ( 'NONE',  ( -0.000000000000000000, -0.000000000000000000, 1.000000000000000000 ) ) ;
#608 = ORIENTED_EDGE ( 'NONE', *, *, #2440, .F. ) ;
#609 = VECTOR ( 'NONE', #550, 1000.000000000000000 ) ;
#610 = VERTEX_POINT ( 'NONE', #629 ) ;
#611 = LINE ( 'NONE', #3106, #1183 ) ;
#612 = VERTEX_POINT ( 'NONE', #2178 ) ;
#613 = DIRECTION ( 'NONE',  ( 1.000000000000000000, 0.000000000000000000, 0.000000000000000000 ) ) ;
#614 = DIRECTION ( 'NONE',  ( -0.000000000000000000, -0.000000000000000000, 1.000000000000000000 ) ) ;
#615 = EDGE_CURVE ( 'NONE', #3252, #3631, #3746, .T. ) ;
#616 = ORIENTED_EDGE ( 'NONE', *, *, #3270, .F. ) ;
#617 = EDGE_LOOP ( 'NONE', ( #2909, #2159, #721, #2228 ) ) ;
#618 = DIRECTION ( 'NONE',  ( 0.000000000000000000, 0.000000000000000000, -1.000000000000000000 ) ) ;
#619 = DIRECTION ( 'NONE',  ( -0.000000000000000000, -0.000000000000000000, 1.000000000000000000 ) ) ;
#620 = EDGE_CURVE ( 'NONE', #638, #1610, #3340, .T. ) ;
#621 = ADVANCED_FACE ( 'NONE', ( #2460 ), #3062, .F. ) ;
#622 = CARTESIAN_POINT ( 'NONE',  ( -3.723505790279009631, -20.81363375606980171, 33.00000000000000000 ) ) ;
#623 = ORIENTED_EDGE ( 'NONE', *, *, #522, .F. ) ;
#624 = EDGE_CURVE ( 'NONE', #474, #1639, #3636, .T. ) ;
#625 = DATE_AND_TIME ( #1777, #200 ) ;
#626 = DIRECTION ( 'NONE',  ( -0.000000000000000000, 1.000000000000000000, -0.000000000000000000 ) ) ;
#627 = CARTESIAN_POINT ( 'NONE',  ( -22.62010700774440153, -21.00000000000000000, 0.000000000000000000 ) ) ;
#628 = LINE ( 'NONE', #3020, #199 ) ;
#629 = CARTESIAN_POINT ( 'NONE',  ( 34.02997904195360235, -19.54052895861647343, 2.000000000000000000 ) ) ;
#630 = VERTEX_POINT ( 'NONE', #3359 ) ;
#631 = VECTOR ( 'NONE', #2031, 1000.000000000000000 ) ;
#632 = ORIENTED_EDGE ( 'NONE', *, *, #3944, .F. ) ;
#633 = LINE ( 'NONE', #2444, #3646 ) ;
#634 = CARTESIAN_POINT ( 'NONE',  ( 46.50000000000000000, -24.00000000000000000, 16.69999999999999929 ) ) ;
#635 = ORIENTED_EDGE ( 'NONE', *, *, #3968, .F. ) ;
#636 = CIRCLE ( 'NONE', #3576, 1.700000000000000178 ) ;
#637 = APPROVAL ( #1141, '未' ) ;
#638 = VERTEX_POINT ( 'NONE', #352 ) ;
#639 = DIRECTION ( 'NONE',  ( -0.000000000000000000, 0.000000000000000000, -1.000000000000000000 ) ) ;
#640 = VECTOR ( 'NONE', #1766, 1000.000000000000000 ) ;
#641 = CARTESIAN_POINT ( 'NONE',  ( -48.00000000000000000, -23.99999999999999645, 33.00000000000000000 ) ) ;
#642 = EDGE_CURVE ( 'NONE', #2930, #1662, #1187, .T. ) ;
#643 = CARTESIAN_POINT ( 'NONE',  ( 34.02997904195360235, -21.00000000000000000, 0.000000000000000000 ) ) ;
#644 = ORIENTED_EDGE ( 'NONE', *, *, #1711, .F. ) ;
#645 = DIRECTION ( 'NONE',  ( 0.000000000000000000, 0.000000000000000000, -1.000000000000000000 ) ) ;
#646 = CIRCLE ( 'NONE', #1549, 1.558669055732368802 ) ;
#647 = ADVANCED_FACE ( 'NONE', ( #3951 ), #307, .F. ) ;
#648 = CARTESIAN_POINT ( 'NONE',  ( -48.00000000000000000, -19.44133094426763009, 33.00000000000000000 ) ) ;
#649 = CARTESIAN_POINT ( 'NONE',  ( 35.48945008333713247, -21.00000000000000000, 35.00000000000000000 ) ) ;
#650 = CARTESIAN_POINT ( 'NONE',  ( -35.62010700774440153, -22.55866905573236991, 0.000000000000000000 ) ) ;
#651 = VECTOR ( 'NONE', #920, 1000.000000000000000 ) ;
#652 = ORIENTED_EDGE ( 'NONE', *, *, #2366, .F. ) ;
#653 = LOCAL_TIME ( 17, 41, 7.000000000000000000, #2016 ) ;
#654 = EDGE_LOOP ( 'NONE', ( #2092, #3164, #2691, #2716 ) ) ;
#655 = DIRECTION ( 'NONE',  ( -0.000000000000000000, -0.000000000000000000, -1.000000000000000000 ) ) ;
#656 = CARTESIAN_POINT ( 'NONE',  ( 46.50000000000000000, -28.50000000000000000, 16.69999999999999929 ) ) ;
#657 = EDGE_LOOP ( 'NONE', ( #1776, #1947 ) ) ;
#658 = ORIENTED_EDGE ( 'NONE', *, *, #2488, .T. ) ;
#659 = DIRECTION ( 'NONE',  ( 0.000000000000000000, 0.000000000000000000, -1.000000000000000000 ) ) ;
#660 = CARTESIAN_POINT ( 'NONE',  ( -42.50000000000000000, -65.00000000000000000, 25.00000000000000000 ) ) ;
#661 = DIRECTION ( 'NONE',  ( -1.577021341797098053E-16, 1.000000000000000000, 0.000000000000000000 ) ) ;
#662 = ORIENTED_EDGE ( 'NONE', *, *, #2903, .F. ) ;
#663 = EDGE_CURVE ( 'NONE', #418, #1610, #877, .T. ) ;
#664 = CARTESIAN_POINT ( 'NONE',  ( -47.50000000000000000, -50.00000000000000000, 35.00000000000000000 ) ) ;
#665 = DIRECTION ( 'NONE',  ( 1.000000000000000000, -0.000000000000000000, -0.000000000000000000 ) ) ;
#666 = CARTESIAN_POINT ( 'NONE',  ( 34.02997904195360235, -22.45947104138353012, 2.000000000000000000 ) ) ;
#667 = EDGE_CURVE ( 'NONE', #805, #3050, #921, .T. ) ;
#668 = EDGE_CURVE ( 'NONE', #2723, #1502, #3714, .T. ) ;
#669 = ORIENTED_EDGE ( 'NONE', *, *, #3575, .T. ) ;
#670 = DIRECTION ( 'NONE',  ( 1.000000000000000000, 0.000000000000000000, 0.000000000000000000 ) ) ;
#671 = PRODUCT_DEFINITION_SHAPE ( 'NONE', 'NONE',  #2230 ) ;
#672 = DIRECTION ( 'NONE',  ( -0.000000000000000000, -0.000000000000000000, 1.000000000000000000 ) ) ;
#673 = DIRECTION ( 'NONE',  ( 0.000000000000000000, 0.000000000000000000, 1.000000000000000000 ) ) ;
#674 = DIRECTION ( 'NONE',  ( -0.000000000000000000, -1.000000000000000000, -0.000000000000000000 ) ) ;
#675 = ORIENTED_EDGE ( 'NONE', *, *, #3472, .F. ) ;
#676 = EDGE_LOOP ( 'NONE', ( #3445, #1456, #2147, #3230 ) ) ;
#677 = DIRECTION ( 'NONE',  ( 0.000000000000000000, 0.000000000000000000, 1.000000000000000000 ) ) ;
#678 = CARTESIAN_POINT ( 'NONE',  ( -22.62010700774440153, -19.44133094426763364, 35.00000000000000000 ) ) ;
#679 = FACE_OUTER_BOUND ( 'NONE', #3742, .T. ) ;
#680 = ORIENTED_EDGE ( 'NONE', *, *, #2338, .F. ) ;
#681 = FACE_OUTER_BOUND ( 'NONE', #3392, .T. ) ;
#682 = EDGE_CURVE ( 'NONE', #254, #360, #2137, .T. ) ;
#683 = DIRECTION ( 'NONE',  ( 0.000000000000000000, 0.000000000000000000, -1.000000000000000000 ) ) ;
#684 = FACE_OUTER_BOUND ( 'NONE', #1437, .T. ) ;
#685 = DIRECTION ( 'NONE',  ( 0.000000000000000000, 0.000000000000000000, -1.000000000000000000 ) ) ;
#686 = VERTEX_POINT ( 'NONE', #960 ) ;
#687 = EDGE_CURVE ( 'NONE', #596, #414, #1208, .T. ) ;
#688 = CARTESIAN_POINT ( 'NONE',  ( -48.50000000000000000, -24.00000000000000000, 15.00000000000000000 ) ) ;
#689 = DIRECTION ( 'NONE',  ( 0.000000000000000000, 0.000000000000000000, -1.000000000000000000 ) ) ;
#690 = CARTESIAN_POINT ( 'NONE',  ( 2.372732487860489847, -19.26699448510487045, 35.00000000000000000 ) ) ;
#691 = ORIENTED_EDGE ( 'NONE', *, *, #663, .F. ) ;
#692 = AXIS2_PLACEMENT_3D ( 'NONE', #1770, #1462, #796 ) ;
#693 = ADVANCED_FACE ( 'NONE', ( #2200 ), #2117, .F. ) ;
#694 = EDGE_LOOP ( 'NONE', ( #3810, #2412, #223, #1566 ) ) ;
#695 = FACE_OUTER_BOUND ( 'NONE', #433, .T. ) ;
#696 = DIRECTION ( 'NONE',  ( 1.000000000000000000, 0.000000000000000000, 0.000000000000000000 ) ) ;
#697 = VECTOR ( 'NONE', #3686, 1000.000000000000000 ) ;
#698 = ORIENTED_EDGE ( 'NONE', *, *, #1684, .T. ) ;
#699 = AXIS2_PLACEMENT_3D ( 'NONE', #755, #1007, #3487 ) ;
#700 = CYLINDRICAL_SURFACE ( 'NONE', #2327, 1.700000000000000178 ) ;
#701 = EDGE_LOOP ( 'NONE', ( #1445, #3510, #1948, #225, #2098 ) ) ;
#702 = DIRECTION ( 'NONE',  ( -0.000000000000000000, 0.000000000000000000, 1.000000000000000000 ) ) ;
#703 = VECTOR ( 'NONE', #802, 1000.000000000000000 ) ;
#704 = AXIS2_PLACEMENT_3D ( 'NONE', #641, #3112, #1568 ) ;
#705 = CARTESIAN_POINT ( 'NONE',  ( 34.02997904195360235, -21.00000000000000000, 2.000000000000000000 ) ) ;
#706 = DIRECTION ( 'NONE',  ( 0.000000000000000000, 0.000000000000000000, 1.000000000000000000 ) ) ;
#707 = EDGE_LOOP ( 'NONE', ( #2973, #691, #3550, #3169 ) ) ;
#708 = LINE ( 'NONE', #371, #3571 ) ;
#709 = AXIS2_PLACEMENT_3D ( 'NONE', #2387, #1482, #3605 ) ;
#710 = DIRECTION ( 'NONE',  ( 1.000000000000000000, 0.000000000000000000, 0.000000000000000000 ) ) ;
#711 = DIRECTION ( 'NONE',  ( 1.000000000000000000, 0.000000000000000000, 0.000000000000000000 ) ) ;
#712 = CIRCLE ( 'NONE', #895, 1.700000000000000178 ) ;
#713 = PLANE ( 'NONE',  #1490 ) ;
#714 = FACE_OUTER_BOUND ( 'NONE', #2165, .T. ) ;
#715 = AXIS2_PLACEMENT_3D ( 'NONE', #1609, #3194, #1384 ) ;
#716 = VERTEX_POINT ( 'NONE', #666 ) ;
#717 = ADVANCED_FACE ( 'NONE', ( #1824 ), #1861, .F. ) ;
#718 = VERTEX_POINT ( 'NONE', #3083 ) ;
#719 = DIRECTION ( 'NONE',  ( 0.000000000000000000, 0.000000000000000000, 1.000000000000000000 ) ) ;
#720 = CARTESIAN_POINT ( 'NONE',  ( -22.62010700774440153, -21.00000000000000000, 33.00000000000000000 ) ) ;
#721 = ORIENTED_EDGE ( 'NONE', *, *, #497, .T. ) ;
#722 = ADVANCED_FACE ( 'NONE', ( #332 ), #940, .F. ) ;
#723 = DIRECTION ( 'NONE',  ( -0.000000000000000000, -1.000000000000000000, -0.000000000000000000 ) ) ;
#724 = ORIENTED_EDGE ( 'NONE', *, *, #2110, .F. ) ;
#725 = LINE ( 'NONE', #1671, #3959 ) ;
#726 = CARTESIAN_POINT ( 'NONE',  ( -16.27649420972100103, -22.31363375606980171, 33.00000000000000000 ) ) ;
#727 = DIRECTION ( 'NONE',  ( 1.000000000000000000, 0.000000000000000000, 0.000000000000000000 ) ) ;
#728 = AXIS2_PLACEMENT_3D ( 'NONE', #467, #1698, #1390 ) ;
#729 = ORIENTED_EDGE ( 'NONE', *, *, #3508, .F. ) ;
#730 = DIRECTION ( 'NONE',  ( 0.000000000000000000, 0.000000000000000000, 1.000000000000000000 ) ) ;
#731 = DIRECTION ( 'NONE',  ( -0.000000000000000000, -1.000000000000000000, -0.000000000000000000 ) ) ;
#732 = CARTESIAN_POINT ( 'NONE',  ( 19.00000000000000000, -28.50000000000000000, 15.00000000000000000 ) ) ;
#733 = DIRECTION ( 'NONE',  ( 1.000000000000000000, 0.000000000000000000, 0.000000000000000000 ) ) ;
#734 = ORIENTED_EDGE ( 'NONE', *, *, #81, .T. ) ;
#735 = VERTEX_POINT ( 'NONE', #324 ) ;
#736 = DIRECTION ( 'NONE',  ( -0.000000000000000000, -0.000000000000000000, 1.000000000000000000 ) ) ;
#737 = EDGE_CURVE ( 'NONE', #2210, #2937, #2863, .T. ) ;
#738 = DIRECTION ( 'NONE',  ( -0.000000000000000000, -0.000000000000000000, -1.000000000000000000 ) ) ;
#739 = ORIENTED_EDGE ( 'NONE', *, *, #1577, .T. ) ;
#740 = VECTOR ( 'NONE', #2643, 1000.000000000000000 ) ;
#741 = DIRECTION ( 'NONE',  ( -0.000000000000000000, -0.000000000000000000, 1.000000000000000000 ) ) ;
#742 = ORIENTED_EDGE ( 'NONE', *, *, #1158, .F. ) ;
#743 = DIRECTION ( 'NONE',  ( -0.000000000000000000, -0.000000000000000000, -1.000000000000000000 ) ) ;
#744 = EDGE_CURVE ( 'NONE', #1465, #2342, #2349, .T. ) ;
#745 = EDGE_CURVE ( 'NONE', #133, #2142, #3057, .T. ) ;
#746 = EDGE_CURVE ( 'NONE', #3195, #1190, #3412, .T. ) ;
#747 = CARTESIAN_POINT ( 'NONE',  ( -42.50000000000000000, -65.00000000000000000, 25.00000000000000000 ) ) ;
#748 = DIRECTION ( 'NONE',  ( 1.000000000000000000, 0.000000000000000000, 0.000000000000000000 ) ) ;
#749 = ORIENTED_EDGE ( 'NONE', *, *, #3732, .T. ) ;
#750 = CARTESIAN_POINT ( 'NONE',  ( -55.00000000000000000, -26.00000000000000000, 25.00000000000000000 ) ) ;
#751 = DIRECTION ( 'NONE',  ( 0.000000000000000000, 0.000000000000000000, -1.000000000000000000 ) ) ;
#752 = LINE ( 'NONE', #1983, #2196 ) ;
#753 = VERTEX_POINT ( 'NONE', #3688 ) ;
#754 = ORIENTED_EDGE ( 'NONE', *, *, #1279, .F. ) ;
#755 = CARTESIAN_POINT ( 'NONE',  ( -48.50000000000000000, -26.00000000000000355, 13.29999999999999893 ) ) ;
#756 = DIRECTION ( 'NONE',  ( -0.000000000000000000, -0.000000000000000000, 1.000000000000000000 ) ) ;
#757 = VERTEX_POINT ( 'NONE', #3354 ) ;
#758 = EDGE_CURVE ( 'NONE', #1476, #3946, #924, .T. ) ;
#759 = CARTESIAN_POINT ( 'NONE',  ( -19.00000000000000000, -24.00000000000000000, 15.00000000000000000 ) ) ;
#760 = ORIENTED_EDGE ( 'NONE', *, *, #3614, .F. ) ;
#761 = CARTESIAN_POINT ( 'NONE',  ( 55.00000000000000000, -26.00000000000000000, 25.00000000000000000 ) ) ;
#762 = VECTOR ( 'NONE', #723, 1000.000000000000000 ) ;
#763 = AXIS2_PLACEMENT_3D ( 'NONE', #1850, #343, #639 ) ;
#764 = ADVANCED_FACE ( 'NONE', ( #679 ), #301, .F. ) ;
#765 = FACE_OUTER_BOUND ( 'NONE', #297, .T. ) ;
#766 = UNCERTAINTY_MEASURE_WITH_UNIT (LENGTH_MEASURE( 1.000000000000000082E-05 ), #2637, 'distance_accuracy_value', 'NONE');
#767 = AXIS2_PLACEMENT_3D ( 'NONE', #3805, #434, #1969 ) ;
#768 = APPROVAL_ROLE ( '' ) ;
#769 = DIRECTION ( 'NONE',  ( 0.000000000000000000, -0.000000000000000000, -1.000000000000000000 ) ) ;
#770 = ADVANCED_FACE ( 'NONE', ( #2171 ), #3114, .F. ) ;
#771 = VECTOR ( 'NONE', #1473, 1000.000000000000000 ) ;
#772 = LINE ( 'NONE', #1700, #3456 ) ;
#773 = CARTESIAN_POINT ( 'NONE',  ( -47.50000000000000000, -15.00000000000000000, 35.00000000000000000 ) ) ;
#774 = CIRCLE ( 'NONE', #265, 1.546639270964929924 ) ;
#775 = VERTEX_POINT ( 'NONE', #1587 ) ;
#776 = VECTOR ( 'NONE', #3882, 1000.000000000000000 ) ;
#777 = EDGE_LOOP ( 'NONE', ( #2005, #3545 ) ) ;
#778 = CARTESIAN_POINT ( 'NONE',  ( 0.000000000000000000, -26.00000000000000000, 0.000000000000000000 ) ) ;
#779 = CARTESIAN_POINT ( 'NONE',  ( -35.62010700774440153, -19.44133094426763364, 35.00000000000000000 ) ) ;
#780 = ORIENTED_EDGE ( 'NONE', *, *, #1653, .T. ) ;
#781 = CARTESIAN_POINT ( 'NONE',  ( 46.50000000000000000, -26.00000000000000355, 16.69999999999999929 ) ) ;
#782 = VERTEX_POINT ( 'NONE', #3096 ) ;
#783 = LINE ( 'NONE', #158, #2561 ) ;
#784 = ORIENTED_EDGE ( 'NONE', *, *, #403, .T. ) ;
#785 = EDGE_CURVE ( 'NONE', #3574, #3592, #3858, .T. ) ;
#786 = DATE_AND_TIME ( #3535, #653 ) ;
#787 = DIRECTION ( 'NONE',  ( -0.000000000000000000, -1.000000000000000000, -0.000000000000000000 ) ) ;
#788 = CARTESIAN_POINT ( 'NONE',  ( -46.50000000000000000, -26.00000000000000355, 16.69999999999999929 ) ) ;
#789 = EDGE_CURVE ( 'NONE', #1815, #2048, #2649, .T. ) ;
#790 = DIRECTION ( 'NONE',  ( 0.000000000000000000, -1.000000000000000000, 0.000000000000000000 ) ) ;
#791 = ORIENTED_EDGE ( 'NONE', *, *, #2883, .F. ) ;
#792 = ORIENTED_EDGE ( 'NONE', *, *, #1851, .F. ) ;
#793 = DIRECTION ( 'NONE',  ( 0.000000000000000000, 0.000000000000000000, -1.000000000000000000 ) ) ;
#794 = PLANE ( 'NONE',  #3089 ) ;
#795 = EDGE_LOOP ( 'NONE', ( #1646, #3342, #3408, #1425 ) ) ;
#796 = DIRECTION ( 'NONE',  ( -1.000000000000000000, 0.000000000000000000, -0.000000000000000000 ) ) ;
#797 = ORIENTED_EDGE ( 'NONE', *, *, #3532, .T. ) ;
#798 = DIRECTION ( 'NONE',  ( 0.000000000000000000, 1.000000000000000000, -0.000000000000000000 ) ) ;
#799 = ORIENTED_EDGE ( 'NONE', *, *, #642, .F. ) ;
#800 = ORIENTED_EDGE ( 'NONE', *, *, #2066, .F. ) ;
#801 = CARTESIAN_POINT ( 'NONE',  ( -37.50000000000000711, -51.00000000000000000, 25.00000000000000000 ) ) ;
#802 = DIRECTION ( 'NONE',  ( -0.000000000000000000, -1.000000000000000000, -0.000000000000000000 ) ) ;
#803 = CARTESIAN_POINT ( 'NONE',  ( 46.50000000000000000, -24.00000000000000000, 13.29999999999999893 ) ) ;
#804 = CARTESIAN_POINT ( 'NONE',  ( -55.00000000000000000, -26.00000000000000000, 25.00000000000000000 ) ) ;
#805 = VERTEX_POINT ( 'NONE', #1569 ) ;
#806 = EDGE_CURVE ( 'NONE', #2478, #2804, #2075, .T. ) ;
#807 = EDGE_LOOP ( 'NONE', ( #1752, #2623, #1236, #2323, #1702 ) ) ;
#808 = FACE_BOUND ( 'NONE', #1427, .T. ) ;
#809 = DIRECTION ( 'NONE',  ( -0.000000000000000000, 0.000000000000000000, 1.000000000000000000 ) ) ;
#810 = ORIENTED_EDGE ( 'NONE', *, *, #2557, .F. ) ;
#811 = ADVANCED_FACE ( 'NONE', ( #2431 ), #2511, .F. ) ;
#812 = LINE ( 'NONE', #479, #3072 ) ;
#813 = EDGE_LOOP ( 'NONE', ( #250, #3671, #159, #3896 ) ) ;
#814 = DIRECTION ( 'NONE',  ( -0.000000000000000000, -0.000000000000000000, 1.000000000000000000 ) ) ;
#815 = VECTOR ( 'NONE', #1555, 1000.000000000000000 ) ;
#816 = EDGE_LOOP ( 'NONE', ( #986, #1237, #2890, #797 ) ) ;
#817 = DIRECTION ( 'NONE',  ( 1.000000000000000000, 0.000000000000000000, 0.000000000000000000 ) ) ;
#818 = VECTOR ( 'NONE', #2653, 1000.000000000000000 ) ;
#819 = CARTESIAN_POINT ( 'NONE',  ( -44.20000000000000284, 14.00000000000000178, 35.00000000000000000 ) ) ;
#820 = AXIS2_PLACEMENT_3D ( 'NONE', #3696, #864, #3029 ) ;
#821 = DIRECTION ( 'NONE',  ( -1.000000000000000000, 0.000000000000000000, 0.000000000000000000 ) ) ;
#822 = CARTESIAN_POINT ( 'NONE',  ( -4.723505790279007854, -22.31363375606976263, 35.00000000000000000 ) ) ;
#823 = LINE ( 'NONE', #861, #2989 ) ;
#824 = ORIENTED_EDGE ( 'NONE', *, *, #1335, .T. ) ;
#825 = CIRCLE ( 'NONE', #3964, 1.500000000000001332 ) ;
#826 = ORIENTED_EDGE ( 'NONE', *, *, #2763, .F. ) ;
#827 = CARTESIAN_POINT ( 'NONE',  ( 16.91937175882542732, -20.81363375606980171, 0.000000000000000000 ) ) ;
#828 = CIRCLE ( 'NONE', #326, 1.700000000000000178 ) ;
#829 = CARTESIAN_POINT ( 'NONE',  ( 42.50000000000000000, -37.50000000000000000, 25.00000000000000000 ) ) ;
#830 = EDGE_CURVE ( 'NONE', #890, #86, #1507, .T. ) ;
#831 = EDGE_LOOP ( 'NONE', ( #2258, #3586 ) ) ;
#832 = VECTOR ( 'NONE', #1787, 1000.000000000000000 ) ;
#833 = CARTESIAN_POINT ( 'NONE',  ( 34.02997904195360235, -22.45947104138353012, 0.000000000000000000 ) ) ;
#834 = ORIENTED_EDGE ( 'NONE', *, *, #2414, .T. ) ;
#835 = CARTESIAN_POINT ( 'NONE',  ( -22.62010700774440153, -22.55866905573236991, 0.000000000000000000 ) ) ;
#836 = CARTESIAN_POINT ( 'NONE',  ( 50.00000000000000000, -24.00000000000000000, 14.20000000000000107 ) ) ;
#837 = AXIS2_PLACEMENT_3D ( 'NONE', #3082, #331, #1557 ) ;
#838 = ADVANCED_FACE ( 'NONE', ( #3767 ), #2012, .F. ) ;
#839 = VECTOR ( 'NONE', #996, 1000.000000000000000 ) ;
#840 = VERTEX_POINT ( 'NONE', #2227 ) ;
#841 = CALENDAR_DATE ( 2026, 11, 9 ) ;
#842 = LINE ( 'NONE', #3241, #533 ) ;
#843 = DIRECTION ( 'NONE',  ( -0.000000000000000000, 1.000000000000000000, -0.000000000000000000 ) ) ;
#844 = CARTESIAN_POINT ( 'NONE',  ( 46.50000000000000000, -26.00000000000000355, 13.29999999999999893 ) ) ;
#845 = DIRECTION ( 'NONE',  ( -0.000000000000000000, -1.000000000000000000, -0.000000000000000000 ) ) ;
#846 = ORIENTED_EDGE ( 'NONE', *, *, #1559, .T. ) ;
#847 = CARTESIAN_POINT ( 'NONE',  ( 34.02997904195360235, -21.00000000000000000, 0.000000000000000000 ) ) ;
#848 = CARTESIAN_POINT ( 'NONE',  ( 34.02997904195360235, -21.00000000000000000, 0.000000000000000000 ) ) ;
#849 = EDGE_CURVE ( 'NONE', #2082, #1110, #991, .T. ) ;
#850 = LINE ( 'NONE', #238, #631 ) ;
#851 = ORIENTED_EDGE ( 'NONE', *, *, #3419, .F. ) ;
#852 = CARTESIAN_POINT ( 'NONE',  ( -4.723505790279007854, -22.31363375606976263, 35.00000000000000000 ) ) ;
#853 = ORIENTED_EDGE ( 'NONE', *, *, #3820, .F. ) ;
#854 = CYLINDRICAL_SURFACE ( 'NONE', #1412, 1.700000000000000178 ) ;
#855 = EDGE_CURVE ( 'NONE', #3534, #1709, #2318, .T. ) ;
#856 = ORIENTED_EDGE ( 'NONE', *, *, #995, .T. ) ;
#857 = CARTESIAN_POINT ( 'NONE',  ( -42.50000000000000000, -26.00000000000000355, 25.00000000000000000 ) ) ;
#858 = EDGE_CURVE ( 'NONE', #1602, #2182, #587, .T. ) ;
#859 = CARTESIAN_POINT ( 'NONE',  ( -50.00000000000000000, 19.00000000000000000, 35.00000000000000000 ) ) ;
#860 = DIRECTION ( 'NONE',  ( 1.000000000000000000, 0.000000000000000000, 0.000000000000000000 ) ) ;
#861 = CARTESIAN_POINT ( 'NONE',  ( 42.50000000000000000, -27.50000000000000000, 35.00000000000000000 ) ) ;
#862 = VERTEX_POINT ( 'NONE', #420 ) ;
#863 = VERTEX_POINT ( 'NONE', #383 ) ;
#864 = DIRECTION ( 'NONE',  ( 0.000000000000000000, -1.000000000000000000, 0.000000000000000000 ) ) ;
#865 = CARTESIAN_POINT ( 'NONE',  ( -48.50000000000000000, -24.00000000000000000, 16.69999999999999929 ) ) ;
#866 = ORIENTED_EDGE ( 'NONE', *, *, #3393, .F. ) ;
#867 = DIRECTION ( 'NONE',  ( -0.000000000000000000, -1.000000000000000000, -0.000000000000000000 ) ) ;
#868 = ORIENTED_EDGE ( 'NONE', *, *, #3171, .T. ) ;
#869 = CARTESIAN_POINT ( 'NONE',  ( -52.50000000000000711, 19.00000000000000000, 0.000000000000000000 ) ) ;
#870 = CARTESIAN_POINT ( 'NONE',  ( -52.50000000000000711, -26.00000000000000000, 10.00000000000000178 ) ) ;
#871 = ORIENTED_EDGE ( 'NONE', *, *, #1328, .F. ) ;
#872 = ADVANCED_FACE ( 'NONE', ( #2875 ), #700, .F. ) ;
#873 = AXIS2_PLACEMENT_3D ( 'NONE', #2838, #1305, #3287 ) ;
#874 = PLANE ( 'NONE',  #3017 ) ;
#875 = AXIS2_PLACEMENT_3D ( 'NONE', #240, #798, #1753 ) ;
#876 = CARTESIAN_POINT ( 'NONE',  ( 42.50000000000000000, -65.00000000000000000, 35.00000000000000000 ) ) ;
#877 = LINE ( 'NONE', #40, #3936 ) ;
#878 = EDGE_CURVE ( 'NONE', #375, #1657, #156, .T. ) ;
#879 = EDGE_CURVE ( 'NONE', #1216, #2383, #2573, .T. ) ;
#880 = VERTEX_POINT ( 'NONE', #2611 ) ;
#881 = VECTOR ( 'NONE', #1930, 1000.000000000000000 ) ;
#882 = VERTEX_POINT ( 'NONE', #3822 ) ;
#883 = DIRECTION ( 'NONE',  ( -0.000000000000000000, -1.000000000000000000, -0.000000000000000000 ) ) ;
#884 = ORIENTED_EDGE ( 'NONE', *, *, #667, .F. ) ;
#885 = PLANE ( 'NONE',  #2626 ) ;
#886 = LINE ( 'NONE', #634, #1159 ) ;
#887 = VECTOR ( 'NONE', #2058, 1000.000000000000000 ) ;
#888 = EDGE_LOOP ( 'NONE', ( #3148, #3110, #2827, #1087 ) ) ;
#889 = VECTOR ( 'NONE', #1364, 1000.000000000000000 ) ;
#890 = VERTEX_POINT ( 'NONE', #3157 ) ;
#891 = FACE_OUTER_BOUND ( 'NONE', #1492, .T. ) ;
#892 = CARTESIAN_POINT ( 'NONE',  ( -42.50000000000000000, -27.50000000000000000, 25.00000000000000000 ) ) ;
#893 = AXIS2_PLACEMENT_3D ( 'NONE', #1723, #3841, #555 ) ;
#894 = ORIENTED_EDGE ( 'NONE', *, *, #48, .F. ) ;
#895 = AXIS2_PLACEMENT_3D ( 'NONE', #1907, #549, #1781 ) ;
#896 = LINE ( 'NONE', #2413, #1895 ) ;
#897 = VECTOR ( 'NONE', #2376, 1000.000000000000000 ) ;
#898 = ADVANCED_FACE ( 'NONE', ( #404 ), #3473, .F. ) ;
#899 = DIRECTION ( 'NONE',  ( 0.000000000000000000, 0.000000000000000000, 1.000000000000000000 ) ) ;
#900 = CARTESIAN_POINT ( 'NONE',  ( -48.00000000000000000, 19.00000000000000000, 33.00000000000000000 ) ) ;
#901 = DIRECTION ( 'NONE',  ( 0.000000000000000000, 0.000000000000000000, 1.000000000000000000 ) ) ;
#902 = ORIENTED_EDGE ( 'NONE', *, *, #3898, .T. ) ;
#903 = EDGE_CURVE ( 'NONE', #1784, #862, #1628, .T. ) ;
#904 = ORIENTED_EDGE ( 'NONE', *, *, #2734, .F. ) ;
#905 = EDGE_CURVE ( 'NONE', #1834, #3305, #2552, .T. ) ;
#906 = ORIENTED_EDGE ( 'NONE', *, *, #3665, .T. ) ;
#907 = DIRECTION ( 'NONE',  ( 1.000000000000000000, 0.000000000000000000, 0.000000000000000000 ) ) ;
#908 = LINE ( 'NONE', #2144, #518 ) ;
#909 = ORIENTED_EDGE ( 'NONE', *, *, #3904, .F. ) ;
#910 = EDGE_CURVE ( 'NONE', #2103, #1721, #1343, .T. ) ;
#911 = ORIENTED_EDGE ( 'NONE', *, *, #1906, .F. ) ;
#912 = CARTESIAN_POINT ( 'NONE',  ( -42.50000000000000000, -65.00000000000000000, 25.00000000000000000 ) ) ;
#913 = CARTESIAN_POINT ( 'NONE',  ( 47.50000000000000000, -15.00000000000000000, 25.00000000000000000 ) ) ;
#914 = DIRECTION ( 'NONE',  ( -0.000000000000000000, -0.000000000000000000, -1.000000000000000000 ) ) ;
#915 = ORIENTED_EDGE ( 'NONE', *, *, #2169, .T. ) ;
#916 = COORDINATED_UNIVERSAL_TIME_OFFSET ( 8, 0, .AHEAD. ) ;
#917 = VECTOR ( 'NONE', #1716, 1000.000000000000000 ) ;
#918 = CARTESIAN_POINT ( 'NONE',  ( 50.50000000000000000, -23.99999999999999645, 2.000000000000000000 ) ) ;
#919 = DIRECTION ( 'NONE',  ( 1.000000000000000000, 0.000000000000000000, 0.000000000000000000 ) ) ;
#920 = DIRECTION ( 'NONE',  ( 0.000000000000000000, 1.000000000000000000, 0.000000000000000000 ) ) ;
#921 = LINE ( 'NONE', #650, #3245 ) ;
#922 = ORIENTED_EDGE ( 'NONE', *, *, #2479, .T. ) ;
#923 = EDGE_CURVE ( 'NONE', #1131, #2764, #1953, .T. ) ;
#924 = CIRCLE ( 'NONE', #3183, 1.500000000000001332 ) ;
#925 = ORIENTED_EDGE ( 'NONE', *, *, #1760, .T. ) ;
#926 = DIRECTION ( 'NONE',  ( -0.000000000000000000, 0.000000000000000000, -1.000000000000000000 ) ) ;
#927 = CYLINDRICAL_SURFACE ( 'NONE', #949, 1.459471041383532341 ) ;
#928 = CARTESIAN_POINT ( 'NONE',  ( 21.02997904195361301, -19.54052895861646633, 35.00000000000000000 ) ) ;
#929 = ORIENTED_EDGE ( 'NONE', *, *, #2093, .T. ) ;
#930 = EDGE_CURVE ( 'NONE', #757, #2850, #3770, .T. ) ;
#931 = ORIENTED_EDGE ( 'NONE', *, *, #3372, .T. ) ;
#932 = CARTESIAN_POINT ( 'NONE',  ( -44.20000000000000284, -46.00000000000000000, 25.00000000000000000 ) ) ;
#933 = FACE_BOUND ( 'NONE', #3294, .T. ) ;
#934 = EDGE_CURVE ( 'NONE', #1188, #375, #437, .T. ) ;
#935 = DIRECTION ( 'NONE',  ( 1.000000000000000000, 0.000000000000000000, 0.000000000000000000 ) ) ;
#936 = ORIENTED_EDGE ( 'NONE', *, *, #2488, .F. ) ;
#937 = LINE ( 'NONE', #244, #815 ) ;
#938 = CARTESIAN_POINT ( 'NONE',  ( 42.50000000000000000, -37.50000000000000000, 35.00000000000000000 ) ) ;
#939 = CARTESIAN_POINT ( 'NONE',  ( -21.00000000000000000, -24.00000000000000000, 13.29999999999999893 ) ) ;
#940 = CYLINDRICAL_SURFACE ( 'NONE', #483, 1.459471041383532341 ) ;
#941 = EDGE_LOOP ( 'NONE', ( #1100, #3468, #454, #3928 ) ) ;
#942 = AXIS2_PLACEMENT_3D ( 'NONE', #956, #3099, #1914 ) ;
#943 = ORIENTED_EDGE ( 'NONE', *, *, #3848, .F. ) ;
#944 = LINE ( 'NONE', #1480, #3962 ) ;
#945 = FACE_OUTER_BOUND ( 'NONE', #3413, .T. ) ;
#946 = ORIENTED_EDGE ( 'NONE', *, *, #2484, .F. ) ;
#947 = ORIENTED_EDGE ( 'NONE', *, *, #682, .F. ) ;
#948 = CARTESIAN_POINT ( 'NONE',  ( -46.50000000000000000, -28.50000000000000000, 13.29999999999999893 ) ) ;
#949 = AXIS2_PLACEMENT_3D ( 'NONE', #3382, #1866, #3088 ) ;
#950 = EDGE_CURVE ( 'NONE', #2723, #1124, #140, .T. ) ;
#951 = DIRECTION ( 'NONE',  ( 1.000000000000000000, 0.000000000000000000, 0.000000000000000000 ) ) ;
#952 = VECTOR ( 'NONE', #1434, 1000.000000000000000 ) ;
#953 = ORIENTED_EDGE ( 'NONE', *, *, #3780, .F. ) ;
#954 = EDGE_CURVE ( 'NONE', #2468, #1754, #2593, .T. ) ;
#955 = AXIS2_PLACEMENT_3D ( 'NONE', #747, #1489, #3297 ) ;
#956 = CARTESIAN_POINT ( 'NONE',  ( 55.00000000000000000, -28.50000000000000000, 10.00000000000000178 ) ) ;
#957 = VECTOR ( 'NONE', #278, 1000.000000000000000 ) ;
#958 = CARTESIAN_POINT ( 'NONE',  ( -21.00000000000000000, -24.00000000000000000, 16.69999999999999929 ) ) ;
#959 = CARTESIAN_POINT ( 'NONE',  ( -55.00000000000000000, -56.00000000000000000, 25.00000000000000000 ) ) ;
#960 = CARTESIAN_POINT ( 'NONE',  ( 55.00000000000000000, -26.00000000000000000, 10.00000000000000178 ) ) ;
#961 = CIRCLE ( 'NONE', #1617, 1.500000000000001332 ) ;
#962 = ORIENTED_EDGE ( 'NONE', *, *, #1750, .T. ) ;
#963 = ORIENTED_EDGE ( 'NONE', *, *, #1607, .F. ) ;
#964 = DIRECTION ( 'NONE',  ( 1.000000000000000000, 0.000000000000000000, 0.000000000000000000 ) ) ;
#965 = DIRECTION ( 'NONE',  ( -0.000000000000000000, -0.000000000000000000, 1.000000000000000000 ) ) ;
#966 = CARTESIAN_POINT ( 'NONE',  ( -3.723505790279009631, -20.81363375606980171, 0.000000000000000000 ) ) ;
#967 = ORIENTED_EDGE ( 'NONE', *, *, #3705, .F. ) ;
#968 = EDGE_LOOP ( 'NONE', ( #3683, #1268, #2772, #1387 ) ) ;
#969 = PLANE ( 'NONE',  #578 ) ;
#970 = DIRECTION ( 'NONE',  ( 1.000000000000000000, 0.000000000000000000, 0.000000000000000000 ) ) ;
#971 = EDGE_CURVE ( 'NONE', #1742, #2371, #1663, .T. ) ;
#972 = CARTESIAN_POINT ( 'NONE',  ( 32.02997904195360945, -19.54052895861646633, 35.00000000000000000 ) ) ;
#973 = ORIENTED_EDGE ( 'NONE', *, *, #858, .F. ) ;
#974 = EDGE_CURVE ( 'NONE', #1188, #3274, #3607, .T. ) ;
#975 = FACE_OUTER_BOUND ( 'NONE', #694, .T. ) ;
#976 = DIRECTION ( 'NONE',  ( 1.000000000000000000, -0.000000000000000000, -0.000000000000000000 ) ) ;
#977 = CARTESIAN_POINT ( 'NONE',  ( -55.00000000000000000, -28.50000000000000000, 25.00000000000000000 ) ) ;
#978 = ORIENTED_EDGE ( 'NONE', *, *, #2004, .T. ) ;
#979 = ADVANCED_FACE ( 'NONE', ( #2651, #3884, #2087, #1136, #2991 ), #1095, .F. ) ;
#980 = VECTOR ( 'NONE', #1313, 1000.000000000000000 ) ;
#981 = DIRECTION ( 'NONE',  ( 1.000000000000000000, 0.000000000000000000, 0.000000000000000000 ) ) ;
#982 = LINE ( 'NONE', #1580, #3208 ) ;
#983 = MANIFOLD_SOLID_BREP ( 'V11 eight roof and floor slots length plus2mm', #1026 ) ;
#984 = CARTESIAN_POINT ( 'NONE',  ( -23.62010700774437666, -22.55866905573236636, 35.00000000000000000 ) ) ;
#985 = AXIS2_PLACEMENT_3D ( 'NONE', #3739, #999, #128 ) ;
#986 = ORIENTED_EDGE ( 'NONE', *, *, #491, .F. ) ;
#987 = AXIS2_PLACEMENT_3D ( 'NONE', #1842, #2797, #2782 ) ;
#988 = ORIENTED_EDGE ( 'NONE', *, *, #923, .T. ) ;
#989 = CARTESIAN_POINT ( 'NONE',  ( -3.723505790279010963, -22.31363375606980171, 33.00000000000000000 ) ) ;
#990 = DIRECTION ( 'NONE',  ( 0.000000000000000000, 0.000000000000000000, -1.000000000000000000 ) ) ;
#991 = LINE ( 'NONE', #1934, #2510 ) ;
#992 = ORIENTED_EDGE ( 'NONE', *, *, #546, .T. ) ;
#993 = DIRECTION ( 'NONE',  ( 1.000000000000000000, 0.000000000000000000, 0.000000000000000000 ) ) ;
#994 = CARTESIAN_POINT ( 'NONE',  ( 46.50000000000000711, -28.50000000000000000, 13.29999999999999893 ) ) ;
#995 = EDGE_CURVE ( 'NONE', #1742, #310, #850, .T. ) ;
#996 = DIRECTION ( 'NONE',  ( -1.000000000000000000, -0.000000000000000000, -0.000000000000000000 ) ) ;
#997 = ORIENTED_EDGE ( 'NONE', *, *, #3728, .F. ) ;
#998 = LINE ( 'NONE', #3455, #3136 ) ;
#999 = DIRECTION ( 'NONE',  ( -0.000000000000000000, -0.000000000000000000, 1.000000000000000000 ) ) ;
#1000 = DIRECTION ( 'NONE',  ( 0.000000000000000000, 0.000000000000000000, 1.000000000000000000 ) ) ;
#1001 = EDGE_CURVE ( 'NONE', #3084, #2946, #1116, .T. ) ;
#1002 = CARTESIAN_POINT ( 'NONE',  ( 32.02997904195360945, -22.45947104138353012, 35.00000000000000000 ) ) ;
#1003 = CARTESIAN_POINT ( 'NONE',  ( 34.02997904195360235, -21.00000000000000000, 33.00000000000000000 ) ) ;
#1004 = ORIENTED_EDGE ( 'NONE', *, *, #1649, .T. ) ;
#1005 = VECTOR ( 'NONE', #1444, 1000.000000000000000 ) ;
#1006 = ORIENTED_EDGE ( 'NONE', *, *, #2360, .F. ) ;
#1007 = DIRECTION ( 'NONE',  ( 0.000000000000000000, 0.000000000000000000, -1.000000000000000000 ) ) ;
#1008 = LINE ( 'NONE', #417, #2768 ) ;
#1009 = CIRCLE ( 'NONE', #3264, 1.459471041383532341 ) ;
#1010 = ORIENTED_EDGE ( 'NONE', *, *, #3298, .T. ) ;
#1011 = CARTESIAN_POINT ( 'NONE',  ( -42.50000000000000000, -46.00000000000000000, 25.00000000000000000 ) ) ;
#1012 = ORIENTED_EDGE ( 'NONE', *, *, #1607, .T. ) ;
#1013 = DIRECTION ( 'NONE',  ( 1.000000000000000000, 0.000000000000000000, 0.000000000000000000 ) ) ;
#1014 = VECTOR ( 'NONE', #3081, 1000.000000000000000 ) ;
#1015 = AXIS2_PLACEMENT_3D ( 'NONE', #443, #465, #1696 ) ;
#1016 = DIRECTION ( 'NONE',  ( 1.000000000000000000, -0.000000000000000000, -0.000000000000000000 ) ) ;
#1017 = CARTESIAN_POINT ( 'NONE',  ( -16.27649420972100103, -20.81363375606980171, 0.000000000000000000 ) ) ;
#1018 = ORIENTED_EDGE ( 'NONE', *, *, #2799, .T. ) ;
#1019 = CARTESIAN_POINT ( 'NONE',  ( 34.02997904195360235, -22.45947104138353012, 0.000000000000000000 ) ) ;
#1020 = AXIS2_PLACEMENT_3D ( 'NONE', #720, #3745, #3806 ) ;
#1021 = EDGE_CURVE ( 'NONE', #2727, #16, #2630, .T. ) ;
#1022 = CYLINDRICAL_SURFACE ( 'NONE', #286, 1.700000000000000178 ) ;
#1023 = DIRECTION ( 'NONE',  ( 0.000000000000000000, 0.000000000000000000, 1.000000000000000000 ) ) ;
#1024 = VECTOR ( 'NONE', #2816, 1000.000000000000000 ) ;
#1025 = DIRECTION ( 'NONE',  ( 1.000000000000000000, 0.000000000000000000, 0.000000000000000000 ) ) ;
#1026 = CLOSED_SHELL ( 'NONE', ( #3024, #1724, #3129, #770, #1234, #3315, #1874, #1500, #2913, #3536, #872, #328, #621, #3368, #3055, #2091, #1327, #335, #1956, #1881, #2507, #1778, #5, #1253, #1993, #224, #2824, #1254, #3180, #3803, #3875, #1632, #445, #303, #155, #3337, #1202, #1306, #2635, #3465, #1756, #1428, #838, #2948, #3049, #3656, #3755, #468, #2859, #693, #107, #594, #232, #2293, #25, #2211, #1452, #1806, #3733, #2661, #1799, #2292, #3292, #1130, #3583, #1353, #2125, #2266, #3119, #3591, #2188, #722, #496, #2052, #764, #811, #123, #3438, #1203, #1976, #372, #1226, #2882, #979, #1099, #1107, #2805, #3177, #3299, #1525, #2959, #2469, #3489, #1972, #898, #150, #3033, #3411, #1471, #3466, #1703, #1833, #717, #2908, #647, #1448, #3852, #1165, #600, #1880, #3948, #3056, #3387, #2786, #3432, #2634 ) ) ;
#1027 = VERTEX_POINT ( 'NONE', #833 ) ;
#1028 = EDGE_CURVE ( 'NONE', #1190, #3541, #2686, .T. ) ;
#1029 = EDGE_CURVE ( 'NONE', #2371, #2201, #3236, .T. ) ;
#1030 = VERTEX_POINT ( 'NONE', #3565 ) ;
#1031 = FACE_OUTER_BOUND ( 'NONE', #3366, .T. ) ;
#1032 = LINE ( 'NONE', #1689, #1679 ) ;
#1033 = ORIENTED_EDGE ( 'NONE', *, *, #1453, .F. ) ;
#1034 = EDGE_CURVE ( 'NONE', #3667, #1303, #812, .T. ) ;
#1035 = DIRECTION ( 'NONE',  ( -0.000000000000000000, -0.000000000000000000, 1.000000000000000000 ) ) ;
#1036 = ORIENTED_EDGE ( 'NONE', *, *, #3705, .T. ) ;
#1037 = CARTESIAN_POINT ( 'NONE',  ( 19.00000000000000000, -28.50000000000000000, 13.29999999999999893 ) ) ;
#1038 = DIRECTION ( 'NONE',  ( 0.000000000000000000, -1.000000000000000000, 0.000000000000000000 ) ) ;
#1039 = DIRECTION ( 'NONE',  ( 1.000000000000000000, 0.000000000000000000, 0.000000000000000000 ) ) ;
#1040 = AXIS2_PLACEMENT_3D ( 'NONE', #2718, #17, #1184 ) ;
#1041 = ORIENTED_EDGE ( 'NONE', *, *, #1182, .F. ) ;
#1042 = FACE_BOUND ( 'NONE', #617, .T. ) ;
#1043 = LINE ( 'NONE', #2544, #2663 ) ;
#1044 = CARTESIAN_POINT ( 'NONE',  ( -19.00000000000000000, -28.50000000000000000, 16.69999999999999929 ) ) ;
#1045 = DIRECTION ( 'NONE',  ( -0.000000000000000000, -0.000000000000000000, 1.000000000000000000 ) ) ;
#1046 = LINE ( 'NONE', #2283, #2792 ) ;
#1047 = ORIENTED_EDGE ( 'NONE', *, *, #3313, .F. ) ;
#1048 = ORIENTED_EDGE ( 'NONE', *, *, #2217, .T. ) ;
#1049 = FACE_OUTER_BOUND ( 'NONE', #2770, .T. ) ;
#1050 = CARTESIAN_POINT ( 'NONE',  ( -50.00000000000000000, 0.000000000000000000, 0.000000000000000000 ) ) ;
#1051 = EDGE_CURVE ( 'NONE', #3314, #3663, #3449, .T. ) ;
#1052 = AXIS2_PLACEMENT_3D ( 'NONE', #1526, #661, #3391 ) ;
#1053 = ORIENTED_EDGE ( 'NONE', *, *, #2656, .F. ) ;
#1054 = DIRECTION ( 'NONE',  ( -0.000000000000000000, -1.000000000000000000, -0.000000000000000000 ) ) ;
#1055 = EDGE_LOOP ( 'NONE', ( #1174, #623, #1338, #925 ) ) ;
#1056 = LINE ( 'NONE', #1991, #1595 ) ;
#1057 = EDGE_CURVE ( 'NONE', #2290, #3764, #3585, .T. ) ;
#1058 = DIRECTION ( 'NONE',  ( -0.000000000000000000, -0.000000000000000000, 1.000000000000000000 ) ) ;
#1059 = APPROVAL_DATE_TIME ( #3257, #97 ) ;
#1060 = CARTESIAN_POINT ( 'NONE',  ( -21.00000000000000000, -26.00000000000000355, 15.00000000000000000 ) ) ;
#1061 = FACE_OUTER_BOUND ( 'NONE', #2567, .T. ) ;
#1062 = CARTESIAN_POINT ( 'NONE',  ( -21.06143795201203517, -21.00000000000000000, 35.00000000000000000 ) ) ;
#1063 = EDGE_LOOP ( 'NONE', ( #3878, #3222, #911, #931 ) ) ;
#1064 = ORIENTED_EDGE ( 'NONE', *, *, #663, .T. ) ;
#1065 = CARTESIAN_POINT ( 'NONE',  ( 0.000000000000000000, 0.000000000000000000, 35.00000000000000000 ) ) ;
#1066 = DIRECTION ( 'NONE',  ( 0.000000000000000000, 1.000000000000000000, -0.000000000000000000 ) ) ;
#1067 = VERTEX_POINT ( 'NONE', #1160 ) ;
#1068 = AXIS2_PLACEMENT_3D ( 'NONE', #478, #3138, #1094 ) ;
#1069 = EDGE_CURVE ( 'NONE', #3441, #2937, #3273, .T. ) ;
#1070 = DIRECTION ( 'NONE',  ( 1.000000000000000000, -0.000000000000000000, -0.000000000000000000 ) ) ;
#1071 = ORIENTED_EDGE ( 'NONE', *, *, #1837, .T. ) ;
#1072 = DIRECTION ( 'NONE',  ( 0.000000000000000000, 1.000000000000000000, -0.000000000000000000 ) ) ;
#1073 = AXIS2_PLACEMENT_3D ( 'NONE', #3530, #385, #3769 ) ;
#1074 = CIRCLE ( 'NONE', #1733, 1.459471041383532341 ) ;
#1075 = EDGE_CURVE ( 'NONE', #1639, #2082, #220, .T. ) ;
#1076 = EDGE_CURVE ( 'NONE', #1476, #2967, #3293, .T. ) ;
#1077 = VERTEX_POINT ( 'NONE', #2936 ) ;
#1078 = CARTESIAN_POINT ( 'NONE',  ( 42.49999999999999289, -26.00000000000000000, 35.00000000000000000 ) ) ;
#1079 = VECTOR ( 'NONE', #507, 1000.000000000000000 ) ;
#1080 = APPROVAL_DATE_TIME ( #226, #637 ) ;
#1081 = CARTESIAN_POINT ( 'NONE',  ( -37.50000000000000711, -41.00000000000000000, 25.00000000000000000 ) ) ;
#1082 = VECTOR ( 'NONE', #2415, 1000.000000000000000 ) ;
#1083 = CARTESIAN_POINT ( 'NONE',  ( 32.02997904195360945, -22.45947104138353012, 0.000000000000000000 ) ) ;
#1084 = CARTESIAN_POINT ( 'NONE',  ( 42.50000000000000000, -37.50000000000000000, 25.00000000000000000 ) ) ;
#1085 = CARTESIAN_POINT ( 'NONE',  ( 55.00000000000000000, -28.50000000000000000, 10.00000000000000178 ) ) ;
#1086 = VECTOR ( 'NONE', #1287, 1000.000000000000000 ) ;
#1087 = ORIENTED_EDGE ( 'NONE', *, *, #2395, .F. ) ;
#1088 = ORIENTED_EDGE ( 'NONE', *, *, #2730, .T. ) ;
#1089 = FACE_BOUND ( 'NONE', #2109, .T. ) ;
#1090 = PLANE ( 'NONE',  #2509 ) ;
#1091 = ORIENTED_EDGE ( 'NONE', *, *, #1348, .F. ) ;
#1092 = DIRECTION ( 'NONE',  ( 0.000000000000000000, 0.000000000000000000, -1.000000000000000000 ) ) ;
#1093 = VECTOR ( 'NONE', #3816, 1000.000000000000000 ) ;
#1094 = DIRECTION ( 'NONE',  ( 1.000000000000000000, 0.000000000000000000, 0.000000000000000000 ) ) ;
#1095 = PLANE ( 'NONE',  #692 ) ;
#1096 = EDGE_LOOP ( 'NONE', ( #3158, #729, #3644, #3736 ) ) ;
#1097 = DIRECTION ( 'NONE',  ( 0.000000000000000000, -1.000000000000000000, 0.000000000000000000 ) ) ;
#1098 = CC_DESIGN_APPROVAL ( #637, ( #2230 ) ) ;
#1099 = ADVANCED_FACE ( 'NONE', ( #2669 ), #1712, .F. ) ;
#1100 = ORIENTED_EDGE ( 'NONE', *, *, #3808, .T. ) ;
#1101 =( NAMED_UNIT ( * ) PLANE_ANGLE_UNIT ( ) SI_UNIT ( $, .RADIAN. ) );
#1102 = EDGE_CURVE ( 'NONE', #596, #525, #538, .T. ) ;
#1103 = DIRECTION ( 'NONE',  ( 0.000000000000000000, 0.000000000000000000, -1.000000000000000000 ) ) ;
#1104 = CARTESIAN_POINT ( 'NONE',  ( 14.37273248786049074, -22.36027302703469388, 35.00000000000000000 ) ) ;
#1105 = DIRECTION ( 'NONE',  ( -0.000000000000000000, -0.000000000000000000, -1.000000000000000000 ) ) ;
#1106 = DIRECTION ( 'NONE',  ( 1.000000000000000000, 0.000000000000000000, 0.000000000000000000 ) ) ;
#1107 = ADVANCED_FACE ( 'NONE', ( #261 ), #3922, .F. ) ;
#1108 = ORIENTED_EDGE ( 'NONE', *, *, #667, .T. ) ;
#1109 = CARTESIAN_POINT ( 'NONE',  ( 14.37273248786049074, -19.26699448510482782, 35.00000000000000000 ) ) ;
#1110 = VERTEX_POINT ( 'NONE', #3626 ) ;
#1111 = DIRECTION ( 'NONE',  ( 1.000000000000000000, 0.000000000000000000, 0.000000000000000000 ) ) ;
#1112 = LINE ( 'NONE', #2684, #455 ) ;
#1113 = AXIS2_PLACEMENT_3D ( 'NONE', #2675, #2355, #505 ) ;
#1114 = ORIENTED_EDGE ( 'NONE', *, *, #3414, .F. ) ;
#1115 = AXIS2_PLACEMENT_3D ( 'NONE', #1003, #2240, #3462 ) ;
#1116 = LINE ( 'NONE', #2406, #2941 ) ;
#1117 = ORIENTED_EDGE ( 'NONE', *, *, #2462, .T. ) ;
#1118 = LINE ( 'NONE', #2632, #2622 ) ;
#1119 = CIRCLE ( 'NONE', #96, 1.700000000000000178 ) ;
#1120 = AXIS2_PLACEMENT_3D ( 'NONE', #35, #3075, #2133 ) ;
#1121 = ORIENTED_EDGE ( 'NONE', *, *, #1029, .F. ) ;
#1122 = CARTESIAN_POINT ( 'NONE',  ( 0.000000000000000000, 0.000000000000000000, 0.000000000000000000 ) ) ;
#1123 = FACE_OUTER_BOUND ( 'NONE', #3784, .T. ) ;
#1124 = VERTEX_POINT ( 'NONE', #1424 ) ;
#1125 = EDGE_CURVE ( 'NONE', #862, #1705, #3512, .T. ) ;
#1126 = DIRECTION ( 'NONE',  ( 0.000000000000000000, 1.000000000000000000, 0.000000000000000000 ) ) ;
#1127 = DIRECTION ( 'NONE',  ( 0.000000000000000000, -1.000000000000000000, 0.000000000000000000 ) ) ;
#1128 = CARTESIAN_POINT ( 'NONE',  ( -52.50000000000000711, 19.00000000000000000, 35.00000000000000000 ) ) ;
#1129 = EDGE_LOOP ( 'NONE', ( #1137, #3128, #3504, #1844 ) ) ;
#1130 = ADVANCED_FACE ( 'NONE', ( #2849 ), #3763, .F. ) ;
#1131 = VERTEX_POINT ( 'NONE', #1204 ) ;
#1132 = CARTESIAN_POINT ( 'NONE',  ( 21.02997904195361301, -20.99999999999999645, 35.00000000000000000 ) ) ;
#1133 = LINE ( 'NONE', #494, #3022 ) ;
#1134 = ORIENTED_EDGE ( 'NONE', *, *, #3270, .T. ) ;
#1135 = CARTESIAN_POINT ( 'NONE',  ( 34.02997904195360235, -21.00000000000000000, 2.000000000000000000 ) ) ;
#1136 = FACE_BOUND ( 'NONE', #2218, .T. ) ;
#1137 = ORIENTED_EDGE ( 'NONE', *, *, #3604, .F. ) ;
#1138 = CARTESIAN_POINT ( 'NONE',  ( -48.50000000000000000, -28.50000000000000000, 16.69999999999999929 ) ) ;
#1139 = AXIS2_PLACEMENT_3D ( 'NONE', #1135, #2522, #1264 ) ;
#1140 = ORIENTED_EDGE ( 'NONE', *, *, #3704, .F. ) ;
#1141 = APPROVAL_STATUS ( 'not_yet_approved' ) ;
#1142 = CIRCLE ( 'NONE', #2108, 1.700000000000000178 ) ;
#1143 = CARTESIAN_POINT ( 'NONE',  ( -48.50000000000000000, -26.00000000000000355, 15.00000000000000000 ) ) ;
#1144 = AXIS2_PLACEMENT_3D ( 'NONE', #2570, #1377, #2529 ) ;
#1145 = LINE ( 'NONE', #3833, #386 ) ;
#1146 = DIRECTION ( 'NONE',  ( 0.000000000000000000, 0.000000000000000000, -1.000000000000000000 ) ) ;
#1147 = DIRECTION ( 'NONE',  ( 1.000000000000000000, 0.000000000000000000, 0.000000000000000000 ) ) ;
#1148 = VERTEX_POINT ( 'NONE', #3078 ) ;
#1149 = VECTOR ( 'NONE', #1126, 1000.000000000000000 ) ;
#1150 = EDGE_CURVE ( 'NONE', #3659, #2937, #3654, .T. ) ;
#1151 = ORIENTED_EDGE ( 'NONE', *, *, #858, .T. ) ;
#1152 = VERTEX_POINT ( 'NONE', #3316 ) ;
#1153 = FACE_OUTER_BOUND ( 'NONE', #595, .T. ) ;
#1154 = CIRCLE ( 'NONE', #515, 1.500000000000000888 ) ;
#1155 = DIRECTION ( 'NONE',  ( -0.000000000000000000, -0.000000000000000000, 1.000000000000000000 ) ) ;
#1156 = VERTEX_POINT ( 'NONE', #3672 ) ;
#1157 = EDGE_CURVE ( 'NONE', #3507, #3435, #937, .T. ) ;
#1158 = EDGE_CURVE ( 'NONE', #3424, #2267, #1797, .T. ) ;
#1159 = VECTOR ( 'NONE', #1847, 1000.000000000000000 ) ;
#1160 = CARTESIAN_POINT ( 'NONE',  ( 19.00000000000000000, -28.50000000000000000, 16.69999999999999929 ) ) ;
#1161 = ORIENTED_EDGE ( 'NONE', *, *, #3939, .F. ) ;
#1162 = DIRECTION ( 'NONE',  ( -0.000000000000000000, 0.000000000000000000, 1.000000000000000000 ) ) ;
#1163 = DIRECTION ( 'NONE',  ( -0.000000000000000000, 1.000000000000000000, -0.000000000000000000 ) ) ;
#1164 = VECTOR ( 'NONE', #1474, 1000.000000000000000 ) ;
#1165 = ADVANCED_FACE ( 'NONE', ( #1259 ), #3235, .F. ) ;
#1166 = DIRECTION ( 'NONE',  ( -0.000000000000000000, -0.000000000000000000, 1.000000000000000000 ) ) ;
#1167 = DIRECTION ( 'NONE',  ( 0.000000000000000000, -0.000000000000000000, 1.000000000000000000 ) ) ;
#1168 = DIRECTION ( 'NONE',  ( -0.000000000000000000, 0.000000000000000000, 1.000000000000000000 ) ) ;
#1169 = EDGE_LOOP ( 'NONE', ( #2569, #1310, #2560, #2944 ) ) ;
#1170 = VECTOR ( 'NONE', #1411, 1000.000000000000000 ) ;
#1171 = ORIENTED_EDGE ( 'NONE', *, *, #299, .T. ) ;
#1172 = CARTESIAN_POINT ( 'NONE',  ( 2.372732487860489847, -22.36027302703473296, 33.00000000000000000 ) ) ;
#1173 = CYLINDRICAL_SURFACE ( 'NONE', #3969, 1.546639270964928370 ) ;
#1174 = ORIENTED_EDGE ( 'NONE', *, *, #419, .T. ) ;
#1175 = CARTESIAN_POINT ( 'NONE',  ( -55.00000000000000000, -28.50000000000000000, 10.00000000000000178 ) ) ;
#1176 = DIRECTION ( 'NONE',  ( 0.000000000000000000, -0.000000000000000000, 1.000000000000000000 ) ) ;
#1177 = ORIENTED_EDGE ( 'NONE', *, *, #1506, .T. ) ;
#1178 = DIRECTION ( 'NONE',  ( 1.000000000000000000, 0.000000000000000000, 0.000000000000000000 ) ) ;
#1179 = EDGE_CURVE ( 'NONE', #1610, #3274, #440, .T. ) ;
#1180 = DIRECTION ( 'NONE',  ( -0.000000000000000000, -0.000000000000000000, 1.000000000000000000 ) ) ;
#1181 = VERTEX_POINT ( 'NONE', #387 ) ;
#1182 = EDGE_CURVE ( 'NONE', #1891, #775, #1690, .T. ) ;
#1183 = VECTOR ( 'NONE', #1845, 1000.000000000000000 ) ;
#1184 = DIRECTION ( 'NONE',  ( 1.000000000000000000, 0.000000000000000000, 0.000000000000000000 ) ) ;
#1185 = LINE ( 'NONE', #2079, #1082 ) ;
#1186 = DIRECTION ( 'NONE',  ( 0.000000000000000000, 0.000000000000000000, -1.000000000000000000 ) ) ;
#1187 = LINE ( 'NONE', #3658, #2410 ) ;
#1188 = VERTEX_POINT ( 'NONE', #2330 ) ;
#1189 = EDGE_LOOP ( 'NONE', ( #1193, #2223, #1645, #1321 ) ) ;
#1190 = VERTEX_POINT ( 'NONE', #3710 ) ;
#1191 = CARTESIAN_POINT ( 'NONE',  ( -23.62010700774437666, -22.55866905573236636, 35.00000000000000000 ) ) ;
#1192 = CARTESIAN_POINT ( 'NONE',  ( -55.00000000000000000, -28.50000000000000000, 10.00000000000000178 ) ) ;
#1193 = ORIENTED_EDGE ( 'NONE', *, *, #176, .F. ) ;
#1194 = DIRECTION ( 'NONE',  ( -0.000000000000000000, 1.000000000000000000, 0.000000000000000000 ) ) ;
#1195 = ORIENTED_EDGE ( 'NONE', *, *, #1634, .F. ) ;
#1196 = PLANE ( 'NONE',  #763 ) ;
#1197 = LINE ( 'NONE', #660, #3085 ) ;
#1198 = EDGE_CURVE ( 'NONE', #2752, #1864, #461, .T. ) ;
#1199 = DIRECTION ( 'NONE',  ( 0.000000000000000000, 0.000000000000000000, 1.000000000000000000 ) ) ;
#1200 = ORIENTED_EDGE ( 'NONE', *, *, #668, .F. ) ;
#1201 = AXIS2_PLACEMENT_3D ( 'NONE', #3254, #1727, #1176 ) ;
#1202 = ADVANCED_FACE ( 'NONE', ( #1285 ), #1882, .F. ) ;
#1203 = ADVANCED_FACE ( 'NONE', ( #975 ), #1571, .F. ) ;
#1204 = CARTESIAN_POINT ( 'NONE',  ( 34.02997904195360235, -19.54052895861647343, 33.00000000000000000 ) ) ;
#1205 = DIRECTION ( 'NONE',  ( -0.000000000000000000, -0.000000000000000000, 1.000000000000000000 ) ) ;
#1206 = CIRCLE ( 'NONE', #2370, 1.700000000000000178 ) ;
#1207 = DIRECTION ( 'NONE',  ( 1.000000000000000000, 0.000000000000000000, 0.000000000000000000 ) ) ;
#1208 = LINE ( 'NONE', #2158, #1509 ) ;
#1209 = ORIENTED_EDGE ( 'NONE', *, *, #2536, .T. ) ;
#1210 = ORIENTED_EDGE ( 'NONE', *, *, #1783, .F. ) ;
#1211 = PLANE ( 'NONE',  #1898 ) ;
#1212 = ORIENTED_EDGE ( 'NONE', *, *, #2139, .F. ) ;
#1213 = CARTESIAN_POINT ( 'NONE',  ( -42.50000000000000000, -46.00000000000000000, 25.00000000000000000 ) ) ;
#1214 = FACE_OUTER_BOUND ( 'NONE', #1223, .T. ) ;
#1215 = AXIS2_PLACEMENT_3D ( 'NONE', #3655, #3673, #2095 ) ;
#1216 = VERTEX_POINT ( 'NONE', #3117 ) ;
#1217 = AXIS2_PLACEMENT_3D ( 'NONE', #1050, #1932, #990 ) ;
#1218 = ORIENTED_EDGE ( 'NONE', *, *, #3276, .T. ) ;
#1219 = CARTESIAN_POINT ( 'NONE',  ( 42.50000000000000000, 14.00000000000000178, 35.00000000000000000 ) ) ;
#1220 = FACE_BOUND ( 'NONE', #1483, .T. ) ;
#1221 = AXIS2_PLACEMENT_3D ( 'NONE', #966, #1812, #1581 ) ;
#1222 = DIRECTION ( 'NONE',  ( 1.000000000000000000, 0.000000000000000000, 0.000000000000000000 ) ) ;
#1223 = EDGE_LOOP ( 'NONE', ( #3266, #2407, #2401, #1713 ) ) ;
#1224 = VECTOR ( 'NONE', #1884, 1000.000000000000000 ) ;
#1225 = LINE ( 'NONE', #1858, #511 ) ;
#1226 = ADVANCED_FACE ( 'NONE', ( #366 ), #3430, .F. ) ;
#1227 = CARTESIAN_POINT ( 'NONE',  ( -40.80000000000000426, 14.00000000000000178, 35.00000000000000000 ) ) ;
#1228 = CARTESIAN_POINT ( 'NONE',  ( -55.00000000000000000, -26.00000000000000000, 25.00000000000000000 ) ) ;
#1229 = ORIENTED_EDGE ( 'NONE', *, *, #2347, .F. ) ;
#1230 = AXIS2_PLACEMENT_3D ( 'NONE', #972, #1912, #3133 ) ;
#1231 = EDGE_LOOP ( 'NONE', ( #1584, #3346, #2189, #3345 ) ) ;
#1232 = EDGE_LOOP ( 'NONE', ( #1813, #2051, #391, #3883 ) ) ;
#1233 = DIRECTION ( 'NONE',  ( 1.000000000000000000, 0.000000000000000000, -0.000000000000000000 ) ) ;
#1234 = ADVANCED_FACE ( 'NONE', ( #681 ), #1613, .F. ) ;
#1235 = CARTESIAN_POINT ( 'NONE',  ( 40.80000000000000426, 14.00000000000000178, 33.00000000000000000 ) ) ;
#1236 = ORIENTED_EDGE ( 'NONE', *, *, #3582, .T. ) ;
#1237 = ORIENTED_EDGE ( 'NONE', *, *, #3301, .F. ) ;
#1238 = CARTESIAN_POINT ( 'NONE',  ( -21.00000000000000000, -28.50000000000000000, 16.69999999999999929 ) ) ;
#1239 = DIRECTION ( 'NONE',  ( -0.000000000000000000, -0.000000000000000000, 1.000000000000000000 ) ) ;
#1240 = VECTOR ( 'NONE', #1879, 1000.000000000000000 ) ;
#1241 = DIRECTION ( 'NONE',  ( -0.000000000000000000, -0.000000000000000000, 1.000000000000000000 ) ) ;
#1242 = ORIENTED_EDGE ( 'NONE', *, *, #130, .F. ) ;
#1243 = CIRCLE ( 'NONE', #2086, 1.700000000000000178 ) ;
#1244 = DIRECTION ( 'NONE',  ( 1.000000000000000000, 0.000000000000000000, 0.000000000000000000 ) ) ;
#1245 = LINE ( 'NONE', #876, #2962 ) ;
#1246 = FACE_OUTER_BOUND ( 'NONE', #2741, .T. ) ;
#1247 = ORIENTED_EDGE ( 'NONE', *, *, #1348, .T. ) ;
#1248 = EDGE_CURVE ( 'NONE', #499, #2788, #3826, .T. ) ;
#1249 = ORIENTED_EDGE ( 'NONE', *, *, #377, .F. ) ;
#1250 = DIRECTION ( 'NONE',  ( -0.000000000000000000, -0.000000000000000000, 1.000000000000000000 ) ) ;
#1251 = DIRECTION ( 'NONE',  ( 1.000000000000000000, 0.000000000000000000, 0.000000000000000000 ) ) ;
#1252 = ORIENTED_EDGE ( 'NONE', *, *, #2388, .T. ) ;
#1253 = ADVANCED_FACE ( 'NONE', ( #3797, #2843, #1619, #1042, #2866 ), #3757, .T. ) ;
#1254 = ADVANCED_FACE ( 'NONE', ( #106 ), #1266, .F. ) ;
#1255 = ORIENTED_EDGE ( 'NONE', *, *, #682, .T. ) ;
#1256 = LINE ( 'NONE', #912, #2050 ) ;
#1257 = CARTESIAN_POINT ( 'NONE',  ( 37.50000000000000711, -41.00000000000000000, 25.00000000000000000 ) ) ;
#1258 = VERTEX_POINT ( 'NONE', #2279 ) ;
#1259 = FACE_OUTER_BOUND ( 'NONE', #2740, .T. ) ;
#1260 = DIRECTION ( 'NONE',  ( 0.000000000000000000, 1.000000000000000000, 0.000000000000000000 ) ) ;
#1261 = LINE ( 'NONE', #2215, #3598 ) ;
#1262 = DIRECTION ( 'NONE',  ( 1.000000000000000000, 0.000000000000000000, 0.000000000000000000 ) ) ;
#1263 = AXIS2_PLACEMENT_3D ( 'NONE', #1311, #2541, #730 ) ;
#1264 = DIRECTION ( 'NONE',  ( -1.000000000000000000, 0.000000000000000000, 0.000000000000000000 ) ) ;
#1265 = EDGE_LOOP ( 'NONE', ( #302, #3134, #1140, #1888 ) ) ;
#1266 = PLANE ( 'NONE',  #1263 ) ;
#1267 = VECTOR ( 'NONE', #1386, 1000.000000000000000 ) ;
#1268 = ORIENTED_EDGE ( 'NONE', *, *, #3554, .F. ) ;
#1269 = CARTESIAN_POINT ( 'NONE',  ( -16.27649420972100103, -22.31363375606980171, 0.000000000000000000 ) ) ;
#1270 = DIRECTION ( 'NONE',  ( -1.000000000000000000, -0.000000000000000000, -0.000000000000000000 ) ) ;
#1271 = FACE_OUTER_BOUND ( 'NONE', #370, .T. ) ;
#1272 = EDGE_CURVE ( 'NONE', #3026, #3838, #998, .T. ) ;
#1273 = ORIENTED_EDGE ( 'NONE', *, *, #3684, .F. ) ;
#1274 = CIRCLE ( 'NONE', #3517, 1.558669055732368802 ) ;
#1275 = EDGE_LOOP ( 'NONE', ( #3288, #2985, #3568, #296 ) ) ;
#1276 = CARTESIAN_POINT ( 'NONE',  ( -35.62010700774440153, -21.00000000000000000, 2.000000000000000000 ) ) ;
#1277 = VECTOR ( 'NONE', #3956, 1000.000000000000000 ) ;
#1278 = CYLINDRICAL_SURFACE ( 'NONE', #1283, 1.700000000000000178 ) ;
#1279 = EDGE_CURVE ( 'NONE', #753, #3314, #708, .T. ) ;
#1280 = VECTOR ( 'NONE', #1205, 1000.000000000000000 ) ;
#1281 = DIRECTION ( 'NONE',  ( -0.000000000000000000, -0.000000000000000000, 1.000000000000000000 ) ) ;
#1282 = ORIENTED_EDGE ( 'NONE', *, *, #905, .T. ) ;
#1283 = AXIS2_PLACEMENT_3D ( 'NONE', #913, #1239, #951 ) ;
#1284 = EDGE_CURVE ( 'NONE', #1527, #3441, #1640, .T. ) ;
#1285 = FACE_OUTER_BOUND ( 'NONE', #2307, .T. ) ;
#1286 = CIRCLE ( 'NONE', #2382, 1.546639270964928370 ) ;
#1287 = DIRECTION ( 'NONE',  ( -0.000000000000000000, -0.000000000000000000, 1.000000000000000000 ) ) ;
#1288 = DESIGN_CONTEXT ( 'detailed design', #368, 'design' ) ;
#1289 = DIRECTION ( 'NONE',  ( 0.000000000000000000, 0.000000000000000000, 1.000000000000000000 ) ) ;
#1290 = VECTOR ( 'NONE', #1762, 1000.000000000000000 ) ;
#1291 = ORIENTED_EDGE ( 'NONE', *, *, #1076, .T. ) ;
#1292 = DIRECTION ( 'NONE',  ( 0.000000000000000000, 1.000000000000000000, 0.000000000000000000 ) ) ;
#1293 = VERTEX_POINT ( 'NONE', #1330 ) ;
#1294 = DIRECTION ( 'NONE',  ( -0.000000000000000000, -0.000000000000000000, 1.000000000000000000 ) ) ;
#1295 = CARTESIAN_POINT ( 'NONE',  ( -16.27649420972100103, -20.81363375606980171, 33.00000000000000000 ) ) ;
#1296 = FACE_OUTER_BOUND ( 'NONE', #3715, .T. ) ;
#1297 = ORIENTED_EDGE ( 'NONE', *, *, #1361, .F. ) ;
#1298 = VERTEX_POINT ( 'NONE', #3778 ) ;
#1299 = CARTESIAN_POINT ( 'NONE',  ( -40.80000000000000426, -46.00000000000000000, 25.00000000000000000 ) ) ;
#1300 = DIRECTION ( 'NONE',  ( -1.000000000000000000, -0.000000000000000000, -0.000000000000000000 ) ) ;
#1301 = EDGE_CURVE ( 'NONE', #1027, #716, #448, .T. ) ;
#1302 = CARTESIAN_POINT ( 'NONE',  ( -42.50000000000000000, -46.00000000000000000, 25.00000000000000000 ) ) ;
#1303 = VERTEX_POINT ( 'NONE', #2521 ) ;
#1304 = FACE_OUTER_BOUND ( 'NONE', #1232, .T. ) ;
#1305 = DIRECTION ( 'NONE',  ( -0.000000000000000000, -0.000000000000000000, 1.000000000000000000 ) ) ;
#1306 = ADVANCED_FACE ( 'NONE', ( #3737, #1940, #62, #2214, #684 ), #1916, .F. ) ;
#1307 = EDGE_CURVE ( 'NONE', #1152, #716, #2881, .T. ) ;
#1308 = DIRECTION ( 'NONE',  ( -0.000000000000000000, -0.000000000000000000, 1.000000000000000000 ) ) ;
#1309 = DIRECTION ( 'NONE',  ( -1.000000000000000000, 0.000000000000000000, 0.000000000000000000 ) ) ;
#1310 = ORIENTED_EDGE ( 'NONE', *, *, #3221, .F. ) ;
#1311 = CARTESIAN_POINT ( 'NONE',  ( -42.50000000000000000, -65.00000000000000000, 25.00000000000000000 ) ) ;
#1312 = ORIENTED_EDGE ( 'NONE', *, *, #1760, .F. ) ;
#1313 = DIRECTION ( 'NONE',  ( 1.000000000000000000, 0.000000000000000000, 0.000000000000000000 ) ) ;
#1314 = CARTESIAN_POINT ( 'NONE',  ( 34.02997904195360235, -21.00000000000000000, 35.00000000000000000 ) ) ;
#1315 = DIRECTION ( 'NONE',  ( -0.000000000000000000, -0.000000000000000000, 1.000000000000000000 ) ) ;
#1316 = ORIENTED_EDGE ( 'NONE', *, *, #3472, .T. ) ;
#1317 = EDGE_LOOP ( 'NONE', ( #1399, #410 ) ) ;
#1318 = CARTESIAN_POINT ( 'NONE',  ( -16.27649420972100103, -22.31363375606980171, 0.000000000000000000 ) ) ;
#1319 = LINE ( 'NONE', #1340, #2831 ) ;
#1320 = CARTESIAN_POINT ( 'NONE',  ( 16.91937175882542732, -20.81363375606980171, 0.000000000000000000 ) ) ;
#1321 = ORIENTED_EDGE ( 'NONE', *, *, #3155, .F. ) ;
#1322 = DIRECTION ( 'NONE',  ( 1.000000000000000000, 0.000000000000000000, 0.000000000000000000 ) ) ;
#1323 = EDGE_CURVE ( 'NONE', #3764, #890, #3389, .T. ) ;
#1324 = EDGE_LOOP ( 'NONE', ( #1967, #3695, #2071, #2957 ) ) ;
#1325 = DIRECTION ( 'NONE',  ( 0.000000000000000000, -0.000000000000000000, 1.000000000000000000 ) ) ;
#1326 = CARTESIAN_POINT ( 'NONE',  ( -55.00000000000000000, -28.50000000000000000, 25.00000000000000000 ) ) ;
#1327 = ADVANCED_FACE ( 'NONE', ( #2277 ), #1652, .F. ) ;
#1328 = EDGE_CURVE ( 'NONE', #1994, #175, #2291, .T. ) ;
#1329 = ORIENTED_EDGE ( 'NONE', *, *, #176, .T. ) ;
#1330 = CARTESIAN_POINT ( 'NONE',  ( -3.723505790279010075, -22.31363375606980171, 0.000000000000000000 ) ) ;
#1331 = ORIENTED_EDGE ( 'NONE', *, *, #1675, .T. ) ;
#1332 = PLANE ( 'NONE',  #2212 ) ;
#1333 = FACE_OUTER_BOUND ( 'NONE', #707, .T. ) ;
#1334 = DIRECTION ( 'NONE',  ( 0.000000000000000000, 1.000000000000000000, 0.000000000000000000 ) ) ;
#1335 = EDGE_CURVE ( 'NONE', #459, #474, #783, .T. ) ;
#1336 = EDGE_LOOP ( 'NONE', ( #2241, #2919, #2062, #2606, #3076 ) ) ;
#1337 = AXIS2_PLACEMENT_3D ( 'NONE', #2935, #3214, #82 ) ;
#1338 = ORIENTED_EDGE ( 'NONE', *, *, #2039, .F. ) ;
#1339 = CARTESIAN_POINT ( 'NONE',  ( 21.02997904195361301, -20.99999999999999645, 2.000000000000001776 ) ) ;
#1340 = CARTESIAN_POINT ( 'NONE',  ( -45.79999999999999716, -15.00000000000000000, 25.00000000000000000 ) ) ;
#1341 = CIRCLE ( 'NONE', #566, 1.500000000000001332 ) ;
#1342 = ORIENTED_EDGE ( 'NONE', *, *, #3630, .F. ) ;
#1343 = LINE ( 'NONE', #2272, #2299 ) ;
#1344 = ORIENTED_EDGE ( 'NONE', *, *, #3610, .T. ) ;
#1345 = CYLINDRICAL_SURFACE ( 'NONE', #3830, 1.500000000000001332 ) ;
#1346 = AXIS2_PLACEMENT_3D ( 'NONE', #3166, #2887, #129 ) ;
#1347 = VECTOR ( 'NONE', #2518, 1000.000000000000000 ) ;
#1348 = EDGE_CURVE ( 'NONE', #3625, #3592, #725, .T. ) ;
#1349 = FACE_OUTER_BOUND ( 'NONE', #2453, .T. ) ;
#1350 = DIRECTION ( 'NONE',  ( 0.000000000000000000, 0.000000000000000000, 1.000000000000000000 ) ) ;
#1351 = FACE_OUTER_BOUND ( 'NONE', #2951, .T. ) ;
#1352 = CIRCLE ( 'NONE', #1020, 1.558669055732368802 ) ;
#1353 = ADVANCED_FACE ( 'NONE', ( #2613 ), #142, .F. ) ;
#1354 = LINE ( 'NONE', #2886, #3933 ) ;
#1355 = CARTESIAN_POINT ( 'NONE',  ( -42.50000000000000000, -46.00000000000000000, 25.00000000000000000 ) ) ;
#1356 = AXIS2_PLACEMENT_3D ( 'NONE', #3776, #3498, #1039 ) ;
#1357 = CARTESIAN_POINT ( 'NONE',  ( -23.62010700774437666, -22.55866905573236636, 0.000000000000000000 ) ) ;
#1358 = LINE ( 'NONE', #91, #2986 ) ;
#1359 = EDGE_LOOP ( 'NONE', ( #574, #1871 ) ) ;
#1360 = AXIS2_PLACEMENT_3D ( 'NONE', #2199, #1309, #1350 ) ;
#1361 = EDGE_CURVE ( 'NONE', #2788, #499, #3450, .T. ) ;
#1362 = VERTEX_POINT ( 'NONE', #100 ) ;
#1363 = CARTESIAN_POINT ( 'NONE',  ( 42.50000000000000000, -27.50000000000000000, 25.00000000000000000 ) ) ;
#1364 = DIRECTION ( 'NONE',  ( -0.000000000000000000, -0.000000000000000000, -1.000000000000000000 ) ) ;
#1365 = ORIENTED_EDGE ( 'NONE', *, *, #1382, .T. ) ;
#1366 = CARTESIAN_POINT ( 'NONE',  ( 37.50000000000000711, -51.00000000000000000, 25.00000000000000000 ) ) ;
#1367 = ORIENTED_EDGE ( 'NONE', *, *, #2514, .T. ) ;
#1368 = DIRECTION ( 'NONE',  ( 0.000000000000000000, 0.000000000000000000, -1.000000000000000000 ) ) ;
#1369 = LINE ( 'NONE', #2904, #3840 ) ;
#1370 = ORIENTED_EDGE ( 'NONE', *, *, #1946, .F. ) ;
#1371 = CARTESIAN_POINT ( 'NONE',  ( 52.50000000000000711, -26.00000000000000000, 0.000000000000000000 ) ) ;
#1372 = CARTESIAN_POINT ( 'NONE',  ( 37.50000000000000711, -41.00000000000000000, 25.00000000000000000 ) ) ;
#1373 = LINE ( 'NONE', #2603, #740 ) ;
#1374 = VERTEX_POINT ( 'NONE', #2274 ) ;
#1375 = EDGE_CURVE ( 'NONE', #1515, #3730, #2920, .T. ) ;
#1376 = VERTEX_POINT ( 'NONE', #761 ) ;
#1377 = DIRECTION ( 'NONE',  ( 0.000000000000000000, 0.000000000000000000, -1.000000000000000000 ) ) ;
#1378 = AXIS2_PLACEMENT_3D ( 'NONE', #1620, #3186, #981 ) ;
#1379 = DIRECTION ( 'NONE',  ( 1.000000000000000000, 0.000000000000000000, 0.000000000000000000 ) ) ;
#1380 = ORIENTED_EDGE ( 'NONE', *, *, #1179, .T. ) ;
#1381 = EDGE_CURVE ( 'NONE', #2930, #1148, #636, .T. ) ;
#1382 = EDGE_CURVE ( 'NONE', #630, #2946, #2311, .T. ) ;
#1383 = AXIS2_PLACEMENT_3D ( 'NONE', #3378, #3, #2439 ) ;
#1384 = DIRECTION ( 'NONE',  ( 0.000000000000000000, 0.000000000000000000, -1.000000000000000000 ) ) ;
#1385 = ORIENTED_EDGE ( 'NONE', *, *, #1606, .F. ) ;
#1386 = DIRECTION ( 'NONE',  ( -0.000000000000000000, -0.000000000000000000, 1.000000000000000000 ) ) ;
#1387 = ORIENTED_EDGE ( 'NONE', *, *, #2557, .T. ) ;
#1388 = CARTESIAN_POINT ( 'NONE',  ( 21.02997904195361301, -19.54052895861646633, 33.00000000000000000 ) ) ;
#1389 = ORIENTED_EDGE ( 'NONE', *, *, #3554, .T. ) ;
#1390 = DIRECTION ( 'NONE',  ( -1.000000000000000000, 0.000000000000000000, 0.000000000000000000 ) ) ;
#1391 = LINE ( 'NONE', #1083, #2695 ) ;
#1392 = DIRECTION ( 'NONE',  ( 1.000000000000000000, 0.000000000000000000, 0.000000000000000000 ) ) ;
#1393 = PLANE ( 'NONE',  #3116 ) ;
#1394 = ORIENTED_EDGE ( 'NONE', *, *, #744, .F. ) ;
#1395 = ORIENTED_EDGE ( 'NONE', *, *, #327, .F. ) ;
#1396 = CYLINDRICAL_SURFACE ( 'NONE', #3330, 1.700000000000000178 ) ;
#1397 = EDGE_CURVE ( 'NONE', #3866, #3168, #2885, .T. ) ;
#1398 = CARTESIAN_POINT ( 'NONE',  ( -22.62010700774440153, -21.00000000000000000, 33.00000000000000000 ) ) ;
#1399 = ORIENTED_EDGE ( 'NONE', *, *, #1998, .T. ) ;
#1400 = AXIS2_PLACEMENT_3D ( 'NONE', #759, #1989, #462 ) ;
#1401 = DIRECTION ( 'NONE',  ( -0.000000000000000000, -1.000000000000000000, -0.000000000000000000 ) ) ;
#1402 = ORIENTED_EDGE ( 'NONE', *, *, #3898, .F. ) ;
#1403 = DIRECTION ( 'NONE',  ( 1.000000000000000000, 0.000000000000000000, 0.000000000000000000 ) ) ;
#1404 = AXIS2_PLACEMENT_3D ( 'NONE', #3867, #1162, #1403 ) ;
#1405 = EDGE_CURVE ( 'NONE', #775, #1864, #2252, .T. ) ;
#1406 = EDGE_LOOP ( 'NONE', ( #456, #3802 ) ) ;
#1407 = CIRCLE ( 'NONE', #506, 1.700000000000000178 ) ;
#1408 = EDGE_CURVE ( 'NONE', #1677, #610, #464, .T. ) ;
#1409 = AXIS2_PLACEMENT_3D ( 'NONE', #330, #19, #2156 ) ;
#1410 = APPLICATION_PROTOCOL_DEFINITION ( 'international standard', 'config_control_design', 1994, #571 ) ;
#1411 = DIRECTION ( 'NONE',  ( -0.000000000000000000, -0.000000000000000000, -1.000000000000000000 ) ) ;
#1412 = AXIS2_PLACEMENT_3D ( 'NONE', #2090, #2106, #3312 ) ;
#1413 = DIRECTION ( 'NONE',  ( 0.000000000000000000, 1.000000000000000000, 0.000000000000000000 ) ) ;
#1414 = DIRECTION ( 'NONE',  ( -0.000000000000000000, -0.000000000000000000, 1.000000000000000000 ) ) ;
#1415 = DIRECTION ( 'NONE',  ( 0.000000000000000000, 0.000000000000000000, 1.000000000000000000 ) ) ;
#1416 = CIRCLE ( 'NONE', #2636, 1.700000000000000178 ) ;
#1417 = ORIENTED_EDGE ( 'NONE', *, *, #746, .F. ) ;
#1418 = VECTOR ( 'NONE', #2021, 1000.000000000000000 ) ;
#1419 = ORIENTED_EDGE ( 'NONE', *, *, #2836, .T. ) ;
#1420 = DIRECTION ( 'NONE',  ( -0.000000000000000000, -0.000000000000000000, 1.000000000000000000 ) ) ;
#1421 = DIRECTION ( 'NONE',  ( 0.000000000000000000, 0.000000000000000000, 1.000000000000000000 ) ) ;
#1422 = AXIS2_PLACEMENT_3D ( 'NONE', #1011, #3809, #3446 ) ;
#1423 = ORIENTED_EDGE ( 'NONE', *, *, #42, .T. ) ;
#1424 = CARTESIAN_POINT ( 'NONE',  ( 42.50000000000000000, -51.00000000000000000, 25.00000000000000000 ) ) ;
#1425 = ORIENTED_EDGE ( 'NONE', *, *, #1554, .T. ) ;
#1426 = DIRECTION ( 'NONE',  ( 1.000000000000000000, 0.000000000000000000, 0.000000000000000000 ) ) ;
#1427 = EDGE_LOOP ( 'NONE', ( #2332, #3678, #3966, #1316, #1195 ) ) ;
#1428 = ADVANCED_FACE ( 'NONE', ( #3196 ), #1611, .F. ) ;
#1429 = ORIENTED_EDGE ( 'NONE', *, *, #974, .T. ) ;
#1430 = APPLICATION_PROTOCOL_DEFINITION ( 'international standard', 'config_control_design', 1994, #368 ) ;
#1431 = CARTESIAN_POINT ( 'NONE',  ( 45.79999999999999716, -50.00000000000000000, 25.00000000000000000 ) ) ;
#1432 = EDGE_CURVE ( 'NONE', #138, #133, #406, .T. ) ;
#1433 = DIRECTION ( 'NONE',  ( 0.000000000000000000, 0.000000000000000000, 1.000000000000000000 ) ) ;
#1434 = DIRECTION ( 'NONE',  ( -1.000000000000000000, -0.000000000000000000, -0.000000000000000000 ) ) ;
#1435 = LINE ( 'NONE', #2340, #1418 ) ;
#1436 = DIRECTION ( 'NONE',  ( 1.000000000000000000, 0.000000000000000000, 0.000000000000000000 ) ) ;
#1437 = EDGE_LOOP ( 'NONE', ( #2251, #92, #1725, #3442, #2975, #2288 ) ) ;
#1438 = EDGE_LOOP ( 'NONE', ( #3903, #3724, #447, #3384 ) ) ;
#1439 = ORIENTED_EDGE ( 'NONE', *, *, #423, .F. ) ;
#1440 = FACE_OUTER_BOUND ( 'NONE', #1954, .T. ) ;
#1441 = CARTESIAN_POINT ( 'NONE',  ( -50.00000000000000000, 19.00000000000000000, 35.00000000000000000 ) ) ;
#1442 = EDGE_LOOP ( 'NONE', ( #315, #353, #1495, #3185 ) ) ;
#1443 = AXIS2_PLACEMENT_3D ( 'NONE', #3381, #1865, #338 ) ;
#1444 = DIRECTION ( 'NONE',  ( -0.000000000000000000, -0.000000000000000000, 1.000000000000000000 ) ) ;
#1445 = ORIENTED_EDGE ( 'NONE', *, *, #2676, .T. ) ;
#1446 = DIRECTION ( 'NONE',  ( -0.000000000000000000, 1.000000000000000000, -0.000000000000000000 ) ) ;
#1447 = EDGE_LOOP ( 'NONE', ( #2555, #541, #43, #3291 ) ) ;
#1448 = ADVANCED_FACE ( 'NONE', ( #1304 ), #1345, .F. ) ;
#1449 = MECHANICAL_CONTEXT ( 'NONE', #571, 'mechanical' ) ;
#1450 = CYLINDRICAL_SURFACE ( 'NONE', #192, 1.700000000000000178 ) ;
#1451 = DIRECTION ( 'NONE',  ( -0.000000000000000000, -0.000000000000000000, -1.000000000000000000 ) ) ;
#1452 = ADVANCED_FACE ( 'NONE', ( #2229 ), #3493, .F. ) ;
#1453 = EDGE_CURVE ( 'NONE', #145, #2907, #1056, .T. ) ;
#1454 = FACE_OUTER_BOUND ( 'NONE', #3606, .T. ) ;
#1455 = CARTESIAN_POINT ( 'NONE',  ( 21.02997904195361301, -20.99999999999999645, 0.000000000000000000 ) ) ;
#1456 = ORIENTED_EDGE ( 'NONE', *, *, #1057, .T. ) ;
#1457 = ORIENTED_EDGE ( 'NONE', *, *, #3000, .T. ) ;
#1458 = FACE_BOUND ( 'NONE', #1406, .T. ) ;
#1459 = EDGE_CURVE ( 'NONE', #1974, #3323, #1694, .T. ) ;
#1460 = DIRECTION ( 'NONE',  ( 1.000000000000000000, 0.000000000000000000, 0.000000000000000000 ) ) ;
#1461 = ORIENTED_EDGE ( 'NONE', *, *, #1307, .T. ) ;
#1462 = DIRECTION ( 'NONE',  ( 0.000000000000000000, 0.000000000000000000, -1.000000000000000000 ) ) ;
#1463 = ORIENTED_EDGE ( 'NONE', *, *, #1069, .F. ) ;
#1464 = CARTESIAN_POINT ( 'NONE',  ( -42.50000000000000000, -41.00000000000000000, 35.00000000000000000 ) ) ;
#1465 = VERTEX_POINT ( 'NONE', #2393 ) ;
#1466 = LINE ( 'NONE', #2409, #452 ) ;
#1467 = AXIS2_PLACEMENT_3D ( 'NONE', #2794, #37, #2917 ) ;
#1468 = ORIENTED_EDGE ( 'NONE', *, *, #441, .T. ) ;
#1469 = VECTOR ( 'NONE', #363, 1000.000000000000000 ) ;
#1470 = CARTESIAN_POINT ( 'NONE',  ( 0.000000000000000000, 0.000000000000000000, 25.00000000000000000 ) ) ;
#1471 = ADVANCED_FACE ( 'NONE', ( #2089 ), #2369, .F. ) ;
#1472 = CIRCLE ( 'NONE', #1144, 1.500000000000000888 ) ;
#1473 = DIRECTION ( 'NONE',  ( -0.000000000000000000, -1.000000000000000000, -0.000000000000000000 ) ) ;
#1474 = DIRECTION ( 'NONE',  ( 1.000000000000000000, 0.000000000000000000, 0.000000000000000000 ) ) ;
#1475 = FACE_OUTER_BOUND ( 'NONE', #2789, .T. ) ;
#1476 = VERTEX_POINT ( 'NONE', #263 ) ;
#1477 = CIRCLE ( 'NONE', #1409, 1.459471041383532341 ) ;
#1478 = EDGE_CURVE ( 'NONE', #882, #3627, #3924, .T. ) ;
#1479 = ORIENTED_EDGE ( 'NONE', *, *, #2934, .F. ) ;
#1480 = CARTESIAN_POINT ( 'NONE',  ( -50.50000000000000000, 19.00000000000000000, 2.000000000000000000 ) ) ;
#1481 = VECTOR ( 'NONE', #1674, 1000.000000000000000 ) ;
#1482 = DIRECTION ( 'NONE',  ( 0.000000000000000000, 0.000000000000000000, 1.000000000000000000 ) ) ;
#1483 = EDGE_LOOP ( 'NONE', ( #1468, #1790, #988, #868, #3564, #3153 ) ) ;
#1484 = AXIS2_PLACEMENT_3D ( 'NONE', #2239, #110, #3127 ) ;
#1485 = EDGE_CURVE ( 'NONE', #463, #882, #1772, .T. ) ;
#1486 = CARTESIAN_POINT ( 'NONE',  ( 2.372732487860489847, -20.81363375606980171, 2.000000000000000000 ) ) ;
#1487 = EDGE_LOOP ( 'NONE', ( #3091, #1919, #3418, #2761 ) ) ;
#1488 = DIRECTION ( 'NONE',  ( -0.000000000000000000, -0.000000000000000000, 1.000000000000000000 ) ) ;
#1489 = DIRECTION ( 'NONE',  ( -1.000000000000000000, 0.000000000000000000, 0.000000000000000000 ) ) ;
#1490 = AXIS2_PLACEMENT_3D ( 'NONE', #2601, #1334, #2282 ) ;
#1491 = AXIS2_PLACEMENT_3D ( 'NONE', #2978, #179, #2296 ) ;
#1492 = EDGE_LOOP ( 'NONE', ( #1423, #2432, #197, #2483 ) ) ;
#1493 = CARTESIAN_POINT ( 'NONE',  ( -48.00000000000000000, -19.44133094426763009, 2.000000000000000000 ) ) ;
#1494 = PLANE ( 'NONE',  #2002 ) ;
#1495 = ORIENTED_EDGE ( 'NONE', *, *, #1279, .T. ) ;
#1496 = ORIENTED_EDGE ( 'NONE', *, *, #201, .F. ) ;
#1497 = EDGE_LOOP ( 'NONE', ( #1012, #1745, #1570, #151, #3046, #652 ) ) ;
#1498 = CARTESIAN_POINT ( 'NONE',  ( 42.50000000000000000, -65.00000000000000000, 25.00000000000000000 ) ) ;
#1499 = LINE ( 'NONE', #577, #3531 ) ;
#1500 = ADVANCED_FACE ( 'NONE', ( #481 ), #3567, .F. ) ;
#1501 = ORIENTED_EDGE ( 'NONE', *, *, #3227, .T. ) ;
#1502 = VERTEX_POINT ( 'NONE', #2993 ) ;
#1503 = DIRECTION ( 'NONE',  ( 0.000000000000000000, 0.000000000000000000, 1.000000000000000000 ) ) ;
#1504 = CARTESIAN_POINT ( 'NONE',  ( 2.372732487860489847, -20.81363375606980171, 35.00000000000000000 ) ) ;
#1505 = EDGE_CURVE ( 'NONE', #362, #281, #1142, .T. ) ;
#1506 = EDGE_CURVE ( 'NONE', #375, #157, #3390, .T. ) ;
#1507 = LINE ( 'NONE', #3649, #528 ) ;
#1508 = ORIENTED_EDGE ( 'NONE', *, *, #903, .F. ) ;
#1509 = VECTOR ( 'NONE', #3693, 1000.000000000000000 ) ;
#1510 = CALENDAR_DATE ( 2026, 11, 9 ) ;
#1511 = VECTOR ( 'NONE', #901, 1000.000000000000000 ) ;
#1512 = CARTESIAN_POINT ( 'NONE',  ( 37.50000000000000711, 0.000000000000000000, 0.000000000000000000 ) ) ;
#1513 = LINE ( 'NONE', #2720, #1224 ) ;
#1514 = DIRECTION ( 'NONE',  ( 1.000000000000000000, 0.000000000000000000, 0.000000000000000000 ) ) ;
#1515 = VERTEX_POINT ( 'NONE', #2955 ) ;
#1516 = ORIENTED_EDGE ( 'NONE', *, *, #2170, .F. ) ;
#1517 = ORIENTED_EDGE ( 'NONE', *, *, #567, .T. ) ;
#1518 = CARTESIAN_POINT ( 'NONE',  ( 35.48945008333713247, -21.00000000000000000, 33.00000000000000000 ) ) ;
#1519 = DIRECTION ( 'NONE',  ( 1.000000000000000000, -0.000000000000000000, 0.000000000000000000 ) ) ;
#1520 = ORIENTED_EDGE ( 'NONE', *, *, #1307, .F. ) ;
#1521 = PRODUCT_RELATED_PRODUCT_CATEGORY ( 'detail', '', ( #2181 ) ) ;
#1522 = ORIENTED_EDGE ( 'NONE', *, *, #1927, .T. ) ;
#1523 = CARTESIAN_POINT ( 'NONE',  ( -48.00000000000000000, -19.31363375606975907, 33.00000000000000000 ) ) ;
#1524 = CARTESIAN_POINT ( 'NONE',  ( 46.50000000000000000, -26.00000000000000355, 16.69999999999999929 ) ) ;
#1525 = ADVANCED_FACE ( 'NONE', ( #222 ), #540, .F. ) ;
#1526 = CARTESIAN_POINT ( 'NONE',  ( -23.62010700774437666, -19.44133094426762653, 35.00000000000000000 ) ) ;
#1527 = VERTEX_POINT ( 'NONE', #3609 ) ;
#1528 = DIRECTION ( 'NONE',  ( -0.000000000000000000, -0.000000000000000000, 1.000000000000000000 ) ) ;
#1529 = VECTOR ( 'NONE', #116, 1000.000000000000000 ) ;
#1530 = DIRECTION ( 'NONE',  ( -0.000000000000000000, -0.000000000000000000, 1.000000000000000000 ) ) ;
#1531 = EDGE_CURVE ( 'NONE', #1298, #2325, #2493, .T. ) ;
#1532 = FACE_OUTER_BOUND ( 'NONE', #275, .T. ) ;
#1533 = VECTOR ( 'NONE', #3886, 1000.000000000000000 ) ;
#1534 = DIRECTION ( 'NONE',  ( 0.000000000000000000, 0.000000000000000000, -1.000000000000000000 ) ) ;
#1535 = DIRECTION ( 'NONE',  ( 1.000000000000000000, 0.000000000000000000, 0.000000000000000000 ) ) ;
#1536 = EDGE_LOOP ( 'NONE', ( #1091, #2030, #658, #239 ) ) ;
#1537 = VECTOR ( 'NONE', #1250, 1000.000000000000000 ) ;
#1538 = ORIENTED_EDGE ( 'NONE', *, *, #2903, .T. ) ;
#1539 = CARTESIAN_POINT ( 'NONE',  ( 44.20000000000000284, 14.00000000000000178, 33.00000000000000000 ) ) ;
#1540 = ORIENTED_EDGE ( 'NONE', *, *, #1284, .F. ) ;
#1541 = DIRECTION ( 'NONE',  ( 0.000000000000000000, -1.000000000000000000, 0.000000000000000000 ) ) ;
#1542 = CYLINDRICAL_SURFACE ( 'NONE', #1221, 1.500000000000001332 ) ;
#1543 = AXIS2_PLACEMENT_3D ( 'NONE', #1314, #394, #1642 ) ;
#1544 = VERTEX_POINT ( 'NONE', #559 ) ;
#1545 = AXIS2_PLACEMENT_3D ( 'NONE', #1548, #1852, #3071 ) ;
#1546 = VERTEX_POINT ( 'NONE', #1464 ) ;
#1547 = CARTESIAN_POINT ( 'NONE',  ( 50.00000000000000000, -24.00000000000000000, 14.20000000000000107 ) ) ;
#1548 = CARTESIAN_POINT ( 'NONE',  ( 15.37273248786049962, -20.81363375606980171, 0.000000000000000000 ) ) ;
#1549 = AXIS2_PLACEMENT_3D ( 'NONE', #1398, #2067, #536 ) ;
#1550 = CARTESIAN_POINT ( 'NONE',  ( -37.50000000000000711, -41.00000000000000000, 25.00000000000000000 ) ) ;
#1551 = ORIENTED_EDGE ( 'NONE', *, *, #1029, .T. ) ;
#1552 = AXIS2_PLACEMENT_3D ( 'NONE', #3894, #1127, #2700 ) ;
#1553 = SHAPE_DEFINITION_REPRESENTATION ( #671, #1805 ) ;
#1554 = EDGE_CURVE ( 'NONE', #1819, #2210, #3643, .T. ) ;
#1555 = DIRECTION ( 'NONE',  ( 1.000000000000000000, -0.000000000000000000, -0.000000000000000000 ) ) ;
#1556 = DIRECTION ( 'NONE',  ( -0.000000000000000000, 1.000000000000000000, -0.000000000000000000 ) ) ;
#1557 = DIRECTION ( 'NONE',  ( -0.000000000000000000, 0.000000000000000000, -1.000000000000000000 ) ) ;
#1558 = CYLINDRICAL_SURFACE ( 'NONE', #2860, 1.558669055732368802 ) ;
#1559 = EDGE_CURVE ( 'NONE', #1576, #2800, #3908, .T. ) ;
#1560 = ORIENTED_EDGE ( 'NONE', *, *, #3098, .T. ) ;
#1561 = EDGE_LOOP ( 'NONE', ( #2605, #276, #552, #32 ) ) ;
#1562 = DIRECTION ( 'NONE',  ( 1.000000000000000000, 0.000000000000000000, -0.000000000000000000 ) ) ;
#1563 = FACE_OUTER_BOUND ( 'NONE', #398, .T. ) ;
#1564 = CARTESIAN_POINT ( 'NONE',  ( -42.50000000000000000, 14.00000000000000178, 33.00000000000000000 ) ) ;
#1565 = ORIENTED_EDGE ( 'NONE', *, *, #170, .T. ) ;
#1566 = ORIENTED_EDGE ( 'NONE', *, *, #2462, .F. ) ;
#1567 = CARTESIAN_POINT ( 'NONE',  ( 37.50000000000000711, -41.00000000000000000, 25.00000000000000000 ) ) ;
#1568 = DIRECTION ( 'NONE',  ( 1.000000000000000000, 0.000000000000000000, 0.000000000000000000 ) ) ;
#1569 = CARTESIAN_POINT ( 'NONE',  ( -35.62010700774440153, -22.55866905573236991, 0.000000000000000000 ) ) ;
#1570 = ORIENTED_EDGE ( 'NONE', *, *, #3881, .F. ) ;
#1571 = PLANE ( 'NONE',  #1467 ) ;
#1572 = CC_DESIGN_PERSON_AND_ORGANIZATION_ASSIGNMENT ( #3870, #1758, ( #2837 ) ) ;
#1573 = PLANE ( 'NONE',  #2249 ) ;
#1574 = CARTESIAN_POINT ( 'NONE',  ( 21.02997904195361301, -20.99999999999999645, 0.000000000000000000 ) ) ;
#1575 = DIRECTION ( 'NONE',  ( -0.000000000000000000, -0.000000000000000000, 1.000000000000000000 ) ) ;
#1576 = VERTEX_POINT ( 'NONE', #835 ) ;
#1577 = EDGE_CURVE ( 'NONE', #1546, #3918, #1118, .T. ) ;
#1578 = VERTEX_POINT ( 'NONE', #2049 ) ;
#1579 = CARTESIAN_POINT ( 'NONE',  ( 55.00000000000000000, -28.50000000000000000, 25.00000000000000000 ) ) ;
#1580 = CARTESIAN_POINT ( 'NONE',  ( 37.50000000000000711, -51.00000000000000000, 35.00000000000000000 ) ) ;
#1581 = DIRECTION ( 'NONE',  ( 1.000000000000000000, 0.000000000000000000, 0.000000000000000000 ) ) ;
#1582 = ORIENTED_EDGE ( 'NONE', *, *, #3559, .F. ) ;
#1583 = EDGE_CURVE ( 'NONE', #3507, #1156, #3012, .T. ) ;
#1584 = ORIENTED_EDGE ( 'NONE', *, *, #101, .T. ) ;
#1585 = LINE ( 'NONE', #1547, #53 ) ;
#1586 = LINE ( 'NONE', #3702, #3967 ) ;
#1587 = CARTESIAN_POINT ( 'NONE',  ( -42.50000000000000000, -51.00000000000000000, 35.00000000000000000 ) ) ;
#1588 = EDGE_LOOP ( 'NONE', ( #166, #3548, #141, #2463 ) ) ;
#1589 = DIRECTION ( 'NONE',  ( -0.000000000000000000, -0.000000000000000000, 1.000000000000000000 ) ) ;
#1590 = DIRECTION ( 'NONE',  ( -1.000000000000000000, -0.000000000000000000, -0.000000000000000000 ) ) ;
#1591 = LINE ( 'NONE', #2558, #3914 ) ;
#1592 = VECTOR ( 'NONE', #2687, 1000.000000000000000 ) ;
#1593 = EDGE_LOOP ( 'NONE', ( #415, #262, #2551, #2068, #2847 ) ) ;
#1594 = DIRECTION ( 'NONE',  ( -0.000000000000000000, -0.000000000000000000, 1.000000000000000000 ) ) ;
#1595 = VECTOR ( 'NONE', #3217, 1000.000000000000000 ) ;
#1596 = FACE_OUTER_BOUND ( 'NONE', #3231, .T. ) ;
#1597 = FACE_OUTER_BOUND ( 'NONE', #1447, .T. ) ;
#1598 = PLANE ( 'NONE',  #588 ) ;
#1599 = ORIENTED_EDGE ( 'NONE', *, *, #1478, .T. ) ;
#1600 = AXIS2_PLACEMENT_3D ( 'NONE', #1065, #793, #1706 ) ;
#1601 = EDGE_CURVE ( 'NONE', #3355, #2793, #2713, .T. ) ;
#1602 = VERTEX_POINT ( 'NONE', #3628 ) ;
#1603 = CARTESIAN_POINT ( 'NONE',  ( -42.50000000000000000, 14.00000000000000178, 33.00000000000000000 ) ) ;
#1604 = VECTOR ( 'NONE', #843, 1000.000000000000000 ) ;
#1605 = CARTESIAN_POINT ( 'NONE',  ( -4.723505790279007854, -19.31363375606975907, 35.00000000000000000 ) ) ;
#1606 = EDGE_CURVE ( 'NONE', #2371, #2627, #3238, .T. ) ;
#1607 = EDGE_CURVE ( 'NONE', #1027, #1030, #1009, .T. ) ;
#1608 = VECTOR ( 'NONE', #738, 1000.000000000000000 ) ;
#1609 = CARTESIAN_POINT ( 'NONE',  ( 46.50000000000000000, -26.00000000000000355, 15.00000000000000000 ) ) ;
#1610 = VERTEX_POINT ( 'NONE', #1138 ) ;
#1611 = PLANE ( 'NONE',  #55 ) ;
#1612 = AXIS2_PLACEMENT_3D ( 'NONE', #1524, #603, #1836 ) ;
#1613 = CYLINDRICAL_SURFACE ( 'NONE', #873, 1.558669055732368802 ) ;
#1614 = VECTOR ( 'NONE', #3901, 1000.000000000000000 ) ;
#1615 = CARTESIAN_POINT ( 'NONE',  ( 49.20000000000000284, -50.00000000000000000, 25.00000000000000000 ) ) ;
#1616 = LINE ( 'NONE', #2841, #1024 ) ;
#1617 = AXIS2_PLACEMENT_3D ( 'NONE', #1017, #1289, #748 ) ;
#1618 = EDGE_LOOP ( 'NONE', ( #1695, #1731, #553, #3958 ) ) ;
#1619 = FACE_BOUND ( 'NONE', #1561, .T. ) ;
#1620 = CARTESIAN_POINT ( 'NONE',  ( 21.02997904195361301, -20.99999999999999645, 33.00000000000000000 ) ) ;
#1621 = CARTESIAN_POINT ( 'NONE',  ( 49.20000000000000284, -15.00000000000000000, 33.00000000000000000 ) ) ;
#1622 = CARTESIAN_POINT ( 'NONE',  ( 0.000000000000000000, 0.000000000000000000, 25.00000000000000000 ) ) ;
#1623 = ORIENTED_EDGE ( 'NONE', *, *, #3921, .T. ) ;
#1624 = VERTEX_POINT ( 'NONE', #13 ) ;
#1625 = DIRECTION ( 'NONE',  ( 0.000000000000000000, 0.000000000000000000, -1.000000000000000000 ) ) ;
#1626 = EDGE_CURVE ( 'NONE', #2806, #3730, #1585, .T. ) ;
#1627 = CYLINDRICAL_SURFACE ( 'NONE', #3467, 1.459471041383532341 ) ;
#1628 = LINE ( 'NONE', #1320, #1529 ) ;
#1629 = VERTEX_POINT ( 'NONE', #3037 ) ;
#1630 = DIRECTION ( 'NONE',  ( -0.000000000000000000, -0.000000000000000000, 1.000000000000000000 ) ) ;
#1631 = CIRCLE ( 'NONE', #1040, 1.700000000000000178 ) ;
#1632 = ADVANCED_FACE ( 'NONE', ( #2450 ), #1872, .F. ) ;
#1633 = EDGE_CURVE ( 'NONE', #2142, #612, #1256, .T. ) ;
#1634 = EDGE_CURVE ( 'NONE', #2967, #1848, #1341, .T. ) ;
#1635 = ORIENTED_EDGE ( 'NONE', *, *, #1626, .T. ) ;
#1636 = CARTESIAN_POINT ( 'NONE',  ( 2.372732487860489847, -20.81363375606980171, 33.00000000000000000 ) ) ;
#1637 = AXIS2_PLACEMENT_3D ( 'NONE', #2657, #2078, #2336 ) ;
#1638 = CARTESIAN_POINT ( 'NONE',  ( 15.37273248786049962, -20.81363375606980171, 2.000000000000000000 ) ) ;
#1639 = VERTEX_POINT ( 'NONE', #869 ) ;
#1640 = LINE ( 'NONE', #1678, #1793 ) ;
#1641 = CARTESIAN_POINT ( 'NONE',  ( 45.79999999999999716, -50.00000000000000000, 35.00000000000000000 ) ) ;
#1642 = DIRECTION ( 'NONE',  ( 1.000000000000000000, 0.000000000000000000, 0.000000000000000000 ) ) ;
#1643 = CARTESIAN_POINT ( 'NONE',  ( -4.723505790279007854, -19.31363375606975907, 35.00000000000000000 ) ) ;
#1644 = VECTOR ( 'NONE', #1106, 1000.000000000000000 ) ;
#1645 = ORIENTED_EDGE ( 'NONE', *, *, #2710, .T. ) ;
#1646 = ORIENTED_EDGE ( 'NONE', *, *, #1887, .F. ) ;
#1647 = CARTESIAN_POINT ( 'NONE',  ( -16.27649420972100103, -19.31363375606980171, 35.00000000000000000 ) ) ;
#1648 = CARTESIAN_POINT ( 'NONE',  ( 44.20000000000000284, -46.00000000000000000, 25.00000000000000000 ) ) ;
#1649 = EDGE_CURVE ( 'NONE', #525, #3068, #3961, .T. ) ;
#1650 = DIRECTION ( 'NONE',  ( 0.000000000000000000, 1.000000000000000000, 0.000000000000000000 ) ) ;
#1651 = EDGE_LOOP ( 'NONE', ( #3474, #3193, #1757, #3380 ) ) ;
#1652 = CYLINDRICAL_SURFACE ( 'NONE', #49, 1.700000000000000178 ) ;
#1653 = EDGE_CURVE ( 'NONE', #718, #630, #2190, .T. ) ;
#1654 = ORIENTED_EDGE ( 'NONE', *, *, #2934, .T. ) ;
#1655 = DIRECTION ( 'NONE',  ( 0.000000000000000000, 0.000000000000000000, -1.000000000000000000 ) ) ;
#1656 = CARTESIAN_POINT ( 'NONE',  ( -50.50000000000000000, 19.00000000000000000, 2.000000000000000000 ) ) ;
#1657 = VERTEX_POINT ( 'NONE', #948 ) ;
#1658 = EDGE_CURVE ( 'NONE', #3946, #2468, #2105, .T. ) ;
#1659 = CARTESIAN_POINT ( 'NONE',  ( 48.50000000000000000, -24.00000000000000000, 15.00000000000000000 ) ) ;
#1660 = DIRECTION ( 'NONE',  ( -0.000000000000000000, 0.000000000000000000, 1.000000000000000000 ) ) ;
#1661 = DIRECTION ( 'NONE',  ( 0.000000000000000000, 0.000000000000000000, -1.000000000000000000 ) ) ;
#1662 = VERTEX_POINT ( 'NONE', #2148 ) ;
#1663 = CIRCLE ( 'NONE', #1400, 1.700000000000000178 ) ;
#1664 = ORIENTED_EDGE ( 'NONE', *, *, #3372, .F. ) ;
#1665 = CARTESIAN_POINT ( 'NONE',  ( -50.50000000000000000, -23.99999999999999645, 2.000000000000000000 ) ) ;
#1666 = LINE ( 'NONE', #2010, #3341 ) ;
#1667 = AXIS2_PLACEMENT_3D ( 'NONE', #3386, #1835, #3070 ) ;
#1668 = VECTOR ( 'NONE', #2009, 1000.000000000000000 ) ;
#1669 = DIRECTION ( 'NONE',  ( -0.000000000000000000, -0.000000000000000000, -1.000000000000000000 ) ) ;
#1670 = ORIENTED_EDGE ( 'NONE', *, *, #201, .T. ) ;
#1671 = CARTESIAN_POINT ( 'NONE',  ( -21.06143795201203517, -21.00000000000000000, 0.000000000000000000 ) ) ;
#1672 = CIRCLE ( 'NONE', #3524, 1.700000000000000178 ) ;
#1673 = VECTOR ( 'NONE', #103, 1000.000000000000000 ) ;
#1674 = DIRECTION ( 'NONE',  ( -0.000000000000000000, -0.000000000000000000, 1.000000000000000000 ) ) ;
#1675 = EDGE_CURVE ( 'NONE', #2201, #735, #3409, .T. ) ;
#1676 = PERSON_AND_ORGANIZATION_ROLE ( 'design_owner' ) ;
#1677 = VERTEX_POINT ( 'NONE', #2746 ) ;
#1678 = CARTESIAN_POINT ( 'NONE',  ( 2.372732487860489847, -19.26699448510487045, 0.000000000000000000 ) ) ;
#1679 = VECTOR ( 'NONE', #1300, 1000.000000000000000 ) ;
#1680 = ORIENTED_EDGE ( 'NONE', *, *, #1531, .T. ) ;
#1681 = CARTESIAN_POINT ( 'NONE',  ( 52.50000000000000000, -28.49999999999999645, 25.00000000000000000 ) ) ;
#1682 = VECTOR ( 'NONE', #1105, 1000.000000000000000 ) ;
#1683 = EDGE_CURVE ( 'NONE', #2784, #1216, #3111, .T. ) ;
#1684 = EDGE_CURVE ( 'NONE', #281, #362, #1206, .T. ) ;
#1685 = LINE ( 'NONE', #3422, #2254 ) ;
#1686 = ORIENTED_EDGE ( 'NONE', *, *, #280, .T. ) ;
#1687 = ORIENTED_EDGE ( 'NONE', *, *, #397, .T. ) ;
#1688 = DIRECTION ( 'NONE',  ( -1.000000000000000000, -0.000000000000000000, -0.000000000000000000 ) ) ;
#1689 = CARTESIAN_POINT ( 'NONE',  ( -48.00000000000000000, -23.99999999999999645, 2.000000000000000000 ) ) ;
#1690 = LINE ( 'NONE', #2491, #1918 ) ;
#1691 = AXIS2_PLACEMENT_3D ( 'NONE', #643, #1875, #3729 ) ;
#1692 = DIRECTION ( 'NONE',  ( 0.000000000000000000, 0.000000000000000000, 1.000000000000000000 ) ) ;
#1693 = ORIENTED_EDGE ( 'NONE', *, *, #195, .F. ) ;
#1694 = LINE ( 'NONE', #852, #1859 ) ;
#1695 = ORIENTED_EDGE ( 'NONE', *, *, #2435, .F. ) ;
#1696 = DIRECTION ( 'NONE',  ( 0.000000000000000000, 0.000000000000000000, -1.000000000000000000 ) ) ;
#1697 =( NAMED_UNIT ( * ) SI_UNIT ( $, .STERADIAN. ) SOLID_ANGLE_UNIT ( ) );
#1698 = DIRECTION ( 'NONE',  ( -0.000000000000000000, -0.000000000000000000, -1.000000000000000000 ) ) ;
#1699 = EDGE_CURVE ( 'NONE', #310, #2201, #3897, .T. ) ;
#1700 = CARTESIAN_POINT ( 'NONE',  ( -52.50000000000000711, -26.00000000000000000, 0.000000000000000000 ) ) ;
#1701 = FACE_OUTER_BOUND ( 'NONE', #1438, .T. ) ;
#1702 = ORIENTED_EDGE ( 'NONE', *, *, #758, .T. ) ;
#1703 = ADVANCED_FACE ( 'NONE', ( #891 ), #1196, .F. ) ;
#1704 = ORIENTED_EDGE ( 'NONE', *, *, #3393, .T. ) ;
#1705 = VERTEX_POINT ( 'NONE', #2471 ) ;
#1706 = DIRECTION ( 'NONE',  ( -1.000000000000000000, 0.000000000000000000, -0.000000000000000000 ) ) ;
#1707 = CIRCLE ( 'NONE', #1443, 1.500000000000001332 ) ;
#1708 = DIRECTION ( 'NONE',  ( 0.000000000000000000, 0.000000000000000000, 1.000000000000000000 ) ) ;
#1709 = VERTEX_POINT ( 'NONE', #932 ) ;
#1710 = VECTOR ( 'NONE', #3675, 1000.000000000000000 ) ;
#1711 = EDGE_CURVE ( 'NONE', #1721, #2723, #2486, .T. ) ;
#1712 = PLANE ( 'NONE',  #3893 ) ;
#1713 = ORIENTED_EDGE ( 'NONE', *, *, #3610, .F. ) ;
#1714 = CARTESIAN_POINT ( 'NONE',  ( -21.00000000000000000, -24.00000000000000000, 16.69999999999999929 ) ) ;
#1715 = COORDINATED_UNIVERSAL_TIME_OFFSET ( 8, 0, .AHEAD. ) ;
#1716 = DIRECTION ( 'NONE',  ( 0.000000000000000000, 1.000000000000000000, 0.000000000000000000 ) ) ;
#1717 = CARTESIAN_POINT ( 'NONE',  ( -21.00000000000000000, -26.00000000000000355, 13.29999999999999893 ) ) ;
#1718 = PLANE ( 'NONE',  #3533 ) ;
#1719 = CARTESIAN_POINT ( 'NONE',  ( 19.00000000000000000, -26.00000000000000355, 16.69999999999999929 ) ) ;
#1720 = EDGE_LOOP ( 'NONE', ( #36, #1809, #2301, #3909, #3940, #3954, #1913, #644, #3522, #1599, #30, #2040, #173, #2709, #3836, #2172 ) ) ;
#1721 = VERTEX_POINT ( 'NONE', #1567 ) ;
#1722 = FACE_BOUND ( 'NONE', #3955, .T. ) ;
#1723 = CARTESIAN_POINT ( 'NONE',  ( 21.02997904195361301, -20.99999999999999645, 33.00000000000000000 ) ) ;
#1724 = ADVANCED_FACE ( 'NONE', ( #2790 ), #33, .F. ) ;
#1725 = ORIENTED_EDGE ( 'NONE', *, *, #3926, .T. ) ;
#1726 = VECTOR ( 'NONE', #348, 1000.000000000000000 ) ;
#1727 = DIRECTION ( 'NONE',  ( 0.000000000000000000, 1.000000000000000000, 0.000000000000000000 ) ) ;
#1728 = VERTEX_POINT ( 'NONE', #3645 ) ;
#1729 = DIRECTION ( 'NONE',  ( -1.000000000000000000, 0.000000000000000000, 0.000000000000000000 ) ) ;
#1730 = VECTOR ( 'NONE', #743, 1000.000000000000000 ) ;
#1731 = ORIENTED_EDGE ( 'NONE', *, *, #3728, .T. ) ;
#1732 = EDGE_CURVE ( 'NONE', #585, #149, #1816, .T. ) ;
#1733 = AXIS2_PLACEMENT_3D ( 'NONE', #1132, #2362, #216 ) ;
#1734 = VECTOR ( 'NONE', #1270, 1000.000000000000000 ) ;
#1735 = PERSON_AND_ORGANIZATION_ROLE ( 'creator' ) ;
#1736 = LINE ( 'NONE', #486, #1737 ) ;
#1737 = VECTOR ( 'NONE', #2017, 1000.000000000000000 ) ;
#1738 = LINE ( 'NONE', #2963, #952 ) ;
#1739 = DIRECTION ( 'NONE',  ( 0.000000000000000000, 0.000000000000000000, 1.000000000000000000 ) ) ;
#1740 = CARTESIAN_POINT ( 'NONE',  ( 32.02997904195360945, -19.54052895861646633, 35.00000000000000000 ) ) ;
#1741 = CIRCLE ( 'NONE', #709, 1.558669055732368802 ) ;
#1742 = VERTEX_POINT ( 'NONE', #2807 ) ;
#1743 = CIRCLE ( 'NONE', #3343, 1.459471041383532341 ) ;
#1744 = ORIENTED_EDGE ( 'NONE', *, *, #2704, .F. ) ;
#1745 = ORIENTED_EDGE ( 'NONE', *, *, #3202, .T. ) ;
#1746 = CYLINDRICAL_SURFACE ( 'NONE', #3580, 1.546639270964928370 ) ;
#1747 = CARTESIAN_POINT ( 'NONE',  ( -52.50000000000000000, -65.00000000000000000, 25.00000000000000000 ) ) ;
#1748 = EDGE_LOOP ( 'NONE', ( #973, #2534, #3743, #2207 ) ) ;
#1749 = CIRCLE ( 'NONE', #3224, 1.700000000000000178 ) ;
#1750 = EDGE_CURVE ( 'NONE', #3050, #490, #1274, .T. ) ;
#1751 = DIRECTION ( 'NONE',  ( 1.000000000000000000, 0.000000000000000000, 0.000000000000000000 ) ) ;
#1752 = ORIENTED_EDGE ( 'NONE', *, *, #1658, .T. ) ;
#1753 = DIRECTION ( 'NONE',  ( 0.000000000000000000, 0.000000000000000000, 1.000000000000000000 ) ) ;
#1754 = VERTEX_POINT ( 'NONE', #1647 ) ;
#1755 = EDGE_CURVE ( 'NONE', #3168, #3866, #1796, .T. ) ;
#1756 = ADVANCED_FACE ( 'NONE', ( #1986 ), #2893, .F. ) ;
#1757 = ORIENTED_EDGE ( 'NONE', *, *, #2094, .F. ) ;
#1758 = PERSON_AND_ORGANIZATION_ROLE ( 'classification_officer' ) ;
#1759 = CYLINDRICAL_SURFACE ( 'NONE', #219, 1.700000000000000178 ) ;
#1760 = EDGE_CURVE ( 'NONE', #405, #2921, #3788, .T. ) ;
#1761 = DIRECTION ( 'NONE',  ( -0.000000000000000000, -0.000000000000000000, 1.000000000000000000 ) ) ;
#1762 = DIRECTION ( 'NONE',  ( -1.000000000000000000, -0.000000000000000000, -0.000000000000000000 ) ) ;
#1763 = DIRECTION ( 'NONE',  ( 1.000000000000000000, 0.000000000000000000, 0.000000000000000000 ) ) ;
#1764 = ORIENTED_EDGE ( 'NONE', *, *, #284, .T. ) ;
#1765 = EDGE_LOOP ( 'NONE', ( #534, #2118 ) ) ;
#1766 = DIRECTION ( 'NONE',  ( -0.000000000000000000, 1.000000000000000000, -0.000000000000000000 ) ) ;
#1767 = DIRECTION ( 'NONE',  ( 1.000000000000000000, 0.000000000000000000, 0.000000000000000000 ) ) ;
#1768 = ORIENTED_EDGE ( 'NONE', *, *, #806, .F. ) ;
#1769 = VECTOR ( 'NONE', #1981, 1000.000000000000000 ) ;
#1770 = CARTESIAN_POINT ( 'NONE',  ( -48.00000000000000000, -23.99999999999999645, 2.000000000000000000 ) ) ;
#1771 = EDGE_LOOP ( 'NONE', ( #3209, #3762, #2706, #2134 ) ) ;
#1772 = LINE ( 'NONE', #3587, #1533 ) ;
#1773 = VERTEX_POINT ( 'NONE', #1949 ) ;
#1774 = DIRECTION ( 'NONE',  ( 0.000000000000000000, 0.000000000000000000, -1.000000000000000000 ) ) ;
#1775 = EDGE_CURVE ( 'NONE', #495, #3045, #1472, .T. ) ;
#1776 = ORIENTED_EDGE ( 'NONE', *, *, #2956, .T. ) ;
#1777 = CALENDAR_DATE ( 2026, 11, 9 ) ;
#1778 = ADVANCED_FACE ( 'NONE', ( #1031 ), #969, .F. ) ;
#1779 = LINE ( 'NONE', #3516, #1170 ) ;
#1780 = CARTESIAN_POINT ( 'NONE',  ( -45.79999999999999716, -50.00000000000000000, 35.00000000000000000 ) ) ;
#1781 = DIRECTION ( 'NONE',  ( 1.000000000000000000, 0.000000000000000000, 0.000000000000000000 ) ) ;
#1782 = FACE_OUTER_BOUND ( 'NONE', #3016, .T. ) ;
#1783 = EDGE_CURVE ( 'NONE', #2819, #3195, #3394, .T. ) ;
#1784 = VERTEX_POINT ( 'NONE', #113 ) ;
#1785 = ORIENTED_EDGE ( 'NONE', *, *, #253, .F. ) ;
#1786 = DIRECTION ( 'NONE',  ( 1.000000000000000000, -0.000000000000000000, -0.000000000000000000 ) ) ;
#1787 = DIRECTION ( 'NONE',  ( -1.000000000000000000, -0.000000000000000000, -0.000000000000000000 ) ) ;
#1788 = ORIENTED_EDGE ( 'NONE', *, *, #3684, .T. ) ;
#1789 = CARTESIAN_POINT ( 'NONE',  ( 34.02997904195360235, -21.00000000000000000, 35.00000000000000000 ) ) ;
#1790 = ORIENTED_EDGE ( 'NONE', *, *, #2170, .T. ) ;
#1791 = CARTESIAN_POINT ( 'NONE',  ( 15.37273248786049962, -20.81363375606980171, 35.00000000000000000 ) ) ;
#1792 = LINE ( 'NONE', #3371, #3277 ) ;
#1793 = VECTOR ( 'NONE', #1594, 1000.000000000000000 ) ;
#1794 = AXIS2_PLACEMENT_3D ( 'NONE', #439, #2900, #1368 ) ;
#1795 = VERTEX_POINT ( 'NONE', #989 ) ;
#1796 = CIRCLE ( 'NONE', #122, 1.700000000000000178 ) ;
#1797 = LINE ( 'NONE', #3690, #1726 ) ;
#1798 = CIRCLE ( 'NONE', #2306, 1.459471041383532341 ) ;
#1799 = ADVANCED_FACE ( 'NONE', ( #2589 ), #2851, .F. ) ;
#1800 = DIRECTION ( 'NONE',  ( 0.000000000000000000, -1.000000000000000000, 0.000000000000000000 ) ) ;
#1801 = DIRECTION ( 'NONE',  ( 1.000000000000000000, 0.000000000000000000, 0.000000000000000000 ) ) ;
#1802 = CARTESIAN_POINT ( 'NONE',  ( 46.50000000000000000, -26.00000000000000355, 13.29999999999999893 ) ) ;
#1803 = ORIENTED_EDGE ( 'NONE', *, *, #2956, .F. ) ;
#1804 = AXIS2_PLACEMENT_3D ( 'NONE', #3760, #1000, #3719 ) ;
#1805 = ADVANCED_BREP_SHAPE_REPRESENTATION ( 'F_car_battery_box_V11_eight_slots_plus2mm', ( #983, #2007 ), #2069 ) ;
#1806 = ADVANCED_FACE ( 'NONE', ( #695 ), #2268, .F. ) ;
#1807 = ORIENTED_EDGE ( 'NONE', *, *, #2045, .F. ) ;
#1808 = EDGE_CURVE ( 'NONE', #1624, #1677, #1798, .T. ) ;
#1809 = ORIENTED_EDGE ( 'NONE', *, *, #1601, .T. ) ;
#1810 = PLANE ( 'NONE',  #3902 ) ;
#1811 = CIRCLE ( 'NONE', #1015, 1.700000000000000178 ) ;
#1812 = DIRECTION ( 'NONE',  ( -0.000000000000000000, -0.000000000000000000, 1.000000000000000000 ) ) ;
#1813 = ORIENTED_EDGE ( 'NONE', *, *, #2216, .F. ) ;
#1814 = AXIS2_PLACEMENT_3D ( 'NONE', #2726, #3405, #1251 ) ;
#1815 = VERTEX_POINT ( 'NONE', #136 ) ;
#1816 = LINE ( 'NONE', #1893, #1469 ) ;
#1817 = DIRECTION ( 'NONE',  ( -0.000000000000000000, -0.000000000000000000, -1.000000000000000000 ) ) ;
#1818 = AXIS2_PLACEMENT_3D ( 'NONE', #2416, #3657, #3042 ) ;
#1819 = VERTEX_POINT ( 'NONE', #3131 ) ;
#1820 = EDGE_LOOP ( 'NONE', ( #354, #992, #1212, #3073 ) ) ;
#1821 = FACE_OUTER_BOUND ( 'NONE', #888, .T. ) ;
#1822 = DIRECTION ( 'NONE',  ( 1.000000000000000000, 0.000000000000000000, 0.000000000000000000 ) ) ;
#1823 = LINE ( 'NONE', #3616, #3471 ) ;
#1824 = FACE_OUTER_BOUND ( 'NONE', #3520, .T. ) ;
#1825 = EDGE_LOOP ( 'NONE', ( #1177, #66, #2842, #3738, #2206, #2971 ) ) ;
#1826 = EDGE_CURVE ( 'NONE', #523, #1156, #572, .T. ) ;
#1827 = EDGE_LOOP ( 'NONE', ( #2284, #1984, #24, #616 ) ) ;
#1828 = CARTESIAN_POINT ( 'NONE',  ( -42.50000000000000000, 14.00000000000000178, 35.00000000000000000 ) ) ;
#1829 = VERTEX_POINT ( 'NONE', #3210 ) ;
#1830 = FACE_OUTER_BOUND ( 'NONE', #105, .T. ) ;
#1831 = DIRECTION ( 'NONE',  ( 0.000000000000000000, -0.000000000000000000, -1.000000000000000000 ) ) ;
#1832 = ORIENTED_EDGE ( 'NONE', *, *, #3034, .T. ) ;
#1833 = ADVANCED_FACE ( 'NONE', ( #1049 ), #2208, .F. ) ;
#1834 = VERTEX_POINT ( 'NONE', #3505 ) ;
#1835 = DIRECTION ( 'NONE',  ( 0.000000000000000000, 0.000000000000000000, -1.000000000000000000 ) ) ;
#1836 = DIRECTION ( 'NONE',  ( 1.000000000000000000, 0.000000000000000000, -0.000000000000000000 ) ) ;
#1837 = EDGE_CURVE ( 'NONE', #585, #1578, #2815, .T. ) ;
#1838 = ORIENTED_EDGE ( 'NONE', *, *, #1179, .F. ) ;
#1839 = AXIS2_PLACEMENT_3D ( 'NONE', #1455, #3304, #509 ) ;
#1840 = FACE_BOUND ( 'NONE', #654, .T. ) ;
#1841 = DIRECTION ( 'NONE',  ( -0.000000000000000000, -0.000000000000000000, -1.000000000000000000 ) ) ;
#1842 = CARTESIAN_POINT ( 'NONE',  ( 2.372732487860489847, -20.81363375606980171, 0.000000000000000000 ) ) ;
#1843 = ORIENTED_EDGE ( 'NONE', *, *, #2715, .F. ) ;
#1844 = ORIENTED_EDGE ( 'NONE', *, *, #3320, .F. ) ;
#1845 = DIRECTION ( 'NONE',  ( -0.000000000000000000, -0.000000000000000000, 1.000000000000000000 ) ) ;
#1846 = CARTESIAN_POINT ( 'NONE',  ( -52.50000000000000711, -26.00000000000000000, 0.000000000000000000 ) ) ;
#1847 = DIRECTION ( 'NONE',  ( -1.000000000000000000, -0.000000000000000000, -0.000000000000000000 ) ) ;
#1848 = VERTEX_POINT ( 'NONE', #457 ) ;
#1849 = ORIENTED_EDGE ( 'NONE', *, *, #3156, .T. ) ;
#1850 = CARTESIAN_POINT ( 'NONE',  ( 50.50000000000000000, -23.99999999999999645, 2.000000000000000000 ) ) ;
#1851 = EDGE_CURVE ( 'NONE', #3534, #2788, #2828, .T. ) ;
#1852 = DIRECTION ( 'NONE',  ( -0.000000000000000000, -0.000000000000000000, 1.000000000000000000 ) ) ;
#1853 = DIRECTION ( 'NONE',  ( 0.000000000000000000, 0.000000000000000000, 1.000000000000000000 ) ) ;
#1854 = ORIENTED_EDGE ( 'NONE', *, *, #2799, .F. ) ;
#1855 = EDGE_CURVE ( 'NONE', #1124, #2694, #3151, .T. ) ;
#1856 = CARTESIAN_POINT ( 'NONE',  ( 19.57050800057007933, -20.99999999999999645, 35.00000000000000000 ) ) ;
#1857 = VECTOR ( 'NONE', #2259, 1000.000000000000000 ) ;
#1858 = CARTESIAN_POINT ( 'NONE',  ( 52.50000000000000000, -65.00000000000000000, 25.00000000000000000 ) ) ;
#1859 = VECTOR ( 'NONE', #1729, 1000.000000000000000 ) ;
#1860 = FACE_OUTER_BOUND ( 'NONE', #592, .T. ) ;
#1861 = CYLINDRICAL_SURFACE ( 'NONE', #2029, 1.459471041383532341 ) ;
#1862 = VERTEX_POINT ( 'NONE', #1318 ) ;
#1863 = AXIS2_PLACEMENT_3D ( 'NONE', #2345, #475, #3562 ) ;
#1864 = VERTEX_POINT ( 'NONE', #3765 ) ;
#1865 = DIRECTION ( 'NONE',  ( 0.000000000000000000, 0.000000000000000000, 1.000000000000000000 ) ) ;
#1866 = DIRECTION ( 'NONE',  ( -0.000000000000000000, -0.000000000000000000, -1.000000000000000000 ) ) ;
#1867 = DIRECTION ( 'NONE',  ( -1.000000000000000000, 0.000000000000000000, 0.000000000000000000 ) ) ;
#1868 = CIRCLE ( 'NONE', #3905, 1.700000000000000178 ) ;
#1869 = ORIENTED_EDGE ( 'NONE', *, *, #2710, .F. ) ;
#1870 = AXIS2_PLACEMENT_3D ( 'NONE', #664, #1899, #3162 ) ;
#1871 = ORIENTED_EDGE ( 'NONE', *, *, #2586, .F. ) ;
#1872 = PLANE ( 'NONE',  #1667 ) ;
#1873 = LINE ( 'NONE', #3410, #1995 ) ;
#1874 = ADVANCED_FACE ( 'NONE', ( #1440 ), #1746, .F. ) ;
#1875 = DIRECTION ( 'NONE',  ( -0.000000000000000000, -0.000000000000000000, 1.000000000000000000 ) ) ;
#1876 = EDGE_LOOP ( 'NONE', ( #1496, #1744, #242, #115 ) ) ;
#1877 = VECTOR ( 'NONE', #409, 1000.000000000000000 ) ;
#1878 = VECTOR ( 'NONE', #181, 1000.000000000000000 ) ;
#1879 = DIRECTION ( 'NONE',  ( 1.000000000000000000, 0.000000000000000000, 0.000000000000000000 ) ) ;
#1880 = ADVANCED_FACE ( 'NONE', ( #3578 ), #2665, .F. ) ;
#1881 = ADVANCED_FACE ( 'NONE', ( #256, #2326, #1089, #3880, #3523 ), #2624, .T. ) ;
#1882 = PLANE ( 'NONE',  #942 ) ;
#1883 = LINE ( 'NONE', #2198, #1673 ) ;
#1884 = DIRECTION ( 'NONE',  ( 0.000000000000000000, 1.000000000000000000, 0.000000000000000000 ) ) ;
#1885 = CARTESIAN_POINT ( 'NONE',  ( 37.50000000000000711, -51.00000000000000000, 25.00000000000000000 ) ) ;
#1886 = ORIENTED_EDGE ( 'NONE', *, *, #1248, .T. ) ;
#1887 = EDGE_CURVE ( 'NONE', #2048, #2210, #3543, .T. ) ;
#1888 = ORIENTED_EDGE ( 'NONE', *, *, #522, .T. ) ;
#1889 = CARTESIAN_POINT ( 'NONE',  ( 46.50000000000000000, -28.50000000000000000, 16.69999999999999929 ) ) ;
#1890 = CARTESIAN_POINT ( 'NONE',  ( -3.723505790279009631, -20.81363375606980171, 0.000000000000000000 ) ) ;
#1891 = VERTEX_POINT ( 'NONE', #3233 ) ;
#1892 = ORIENTED_EDGE ( 'NONE', *, *, #195, .T. ) ;
#1893 = CARTESIAN_POINT ( 'NONE',  ( -44.20000000000000284, 14.00000000000000178, 33.00000000000000000 ) ) ;
#1894 = DIRECTION ( 'NONE',  ( -0.000000000000000000, 1.000000000000000000, -0.000000000000000000 ) ) ;
#1895 = VECTOR ( 'NONE', #1528, 1000.000000000000000 ) ;
#1896 = DIRECTION ( 'NONE',  ( 1.000000000000000000, 0.000000000000000000, 0.000000000000000000 ) ) ;
#1897 = ORIENTED_EDGE ( 'NONE', *, *, #397, .F. ) ;
#1898 = AXIS2_PLACEMENT_3D ( 'NONE', #2420, #1562, #926 ) ;
#1899 = DIRECTION ( 'NONE',  ( 0.000000000000000000, 0.000000000000000000, 1.000000000000000000 ) ) ;
#1900 = EDGE_CURVE ( 'NONE', #2819, #3361, #168, .T. ) ;
#1901 = CARTESIAN_POINT ( 'NONE',  ( 49.20000000000000284, -15.00000000000000000, 25.00000000000000000 ) ) ;
#1902 = ORIENTED_EDGE ( 'NONE', *, *, #3513, .T. ) ;
#1903 = VECTOR ( 'NONE', #2495, 1000.000000000000000 ) ;
#1904 = DIRECTION ( 'NONE',  ( -0.000000000000000000, 1.000000000000000000, -0.000000000000000000 ) ) ;
#1905 = LINE ( 'NONE', #3126, #2497 ) ;
#1906 = EDGE_CURVE ( 'NONE', #2267, #2186, #3839, .T. ) ;
#1907 = CARTESIAN_POINT ( 'NONE',  ( 47.50000000000000000, -50.00000000000000000, 35.00000000000000000 ) ) ;
#1908 = ORIENTED_EDGE ( 'NONE', *, *, #3665, .F. ) ;
#1909 = ORIENTED_EDGE ( 'NONE', *, *, #3780, .T. ) ;
#1910 = CARTESIAN_POINT ( 'NONE',  ( 47.50000000000000000, -50.00000000000000000, 25.00000000000000000 ) ) ;
#1911 = FACE_OUTER_BOUND ( 'NONE', #2100, .T. ) ;
#1912 = DIRECTION ( 'NONE',  ( 0.000000000000000000, 1.000000000000000000, -0.000000000000000000 ) ) ;
#1913 = ORIENTED_EDGE ( 'NONE', *, *, #950, .F. ) ;
#1914 = DIRECTION ( 'NONE',  ( 0.000000000000000000, 0.000000000000000000, 1.000000000000000000 ) ) ;
#1915 = DIRECTION ( 'NONE',  ( -0.000000000000000000, 1.000000000000000000, -0.000000000000000000 ) ) ;
#1916 = PLANE ( 'NONE',  #2365 ) ;
#1917 = LINE ( 'NONE', #959, #4 ) ;
#1918 = VECTOR ( 'NONE', #2813, 1000.000000000000000 ) ;
#1919 = ORIENTED_EDGE ( 'NONE', *, *, #2889, .T. ) ;
#1920 = EDGE_CURVE ( 'NONE', #1293, #2912, #1988, .T. ) ;
#1921 = VECTOR ( 'NONE', #2130, 1000.000000000000000 ) ;
#1922 = DIRECTION ( 'NONE',  ( 0.000000000000000000, 0.000000000000000000, -1.000000000000000000 ) ) ;
#1923 = CARTESIAN_POINT ( 'NONE',  ( 21.00000000000000000, -24.00000000000000000, 15.00000000000000000 ) ) ;
#1924 = CARTESIAN_POINT ( 'NONE',  ( 42.50000000000000000, -37.50000000000000000, 35.00000000000000000 ) ) ;
#1925 = ORIENTED_EDGE ( 'NONE', *, *, #2046, .T. ) ;
#1926 = VECTOR ( 'NONE', #3919, 1000.000000000000000 ) ;
#1927 = EDGE_CURVE ( 'NONE', #2662, #203, #1074, .T. ) ;
#1928 = EDGE_CURVE ( 'NONE', #2793, #1181, #514, .T. ) ;
#1929 = ORIENTED_EDGE ( 'NONE', *, *, #2073, .T. ) ;
#1930 = DIRECTION ( 'NONE',  ( 0.000000000000000000, 0.000000000000000000, 1.000000000000000000 ) ) ;
#1931 = VECTOR ( 'NONE', #2564, 1000.000000000000000 ) ;
#1932 = DIRECTION ( 'NONE',  ( 1.000000000000000000, 0.000000000000000000, 0.000000000000000000 ) ) ;
#1933 = VECTOR ( 'NONE', #3470, 1000.000000000000000 ) ;
#1934 = CARTESIAN_POINT ( 'NONE',  ( -50.00000000000000000, -26.00000000000000000, 0.000000000000000000 ) ) ;
#1935 = EDGE_LOOP ( 'NONE', ( #1417, #1210, #2865, #3588 ) ) ;
#1936 = DIRECTION ( 'NONE',  ( -0.000000000000000000, -0.000000000000000000, 1.000000000000000000 ) ) ;
#1937 = AXIS2_PLACEMENT_3D ( 'NONE', #430, #3440, #2911 ) ;
#1938 = CIRCLE ( 'NONE', #3218, 1.546639270964928370 ) ;
#1939 = CARTESIAN_POINT ( 'NONE',  ( 42.50000000000000000, -51.00000000000000000, 35.00000000000000000 ) ) ;
#1940 = FACE_BOUND ( 'NONE', #2668, .T. ) ;
#1941 = DIRECTION ( 'NONE',  ( -1.000000000000000000, 0.000000000000000000, 0.000000000000000000 ) ) ;
#1942 = ORIENTED_EDGE ( 'NONE', *, *, #2313, .T. ) ;
#1943 = DIRECTION ( 'NONE',  ( -0.000000000000000000, 0.000000000000000000, -1.000000000000000000 ) ) ;
#1944 = LINE ( 'NONE', #412, #1931 ) ;
#1945 = DIRECTION ( 'NONE',  ( -1.000000000000000000, -1.577021341797098053E-16, 0.000000000000000000 ) ) ;
#1946 = EDGE_CURVE ( 'NONE', #138, #1864, #2065, .T. ) ;
#1947 = ORIENTED_EDGE ( 'NONE', *, *, #1381, .T. ) ;
#1948 = ORIENTED_EDGE ( 'NONE', *, *, #1125, .T. ) ;
#1949 = CARTESIAN_POINT ( 'NONE',  ( 52.50000000000000711, 19.00000000000000000, 35.00000000000000000 ) ) ;
#1950 = CARTESIAN_POINT ( 'NONE',  ( -3.723505790279009631, -20.81363375606980171, 0.000000000000000000 ) ) ;
#1951 = EDGE_CURVE ( 'NONE', #70, #1124, #2931, .T. ) ;
#1952 = ORIENTED_EDGE ( 'NONE', *, *, #3202, .F. ) ;
#1953 = LINE ( 'NONE', #3174, #3260 ) ;
#1954 = EDGE_LOOP ( 'NONE', ( #760, #3619, #1161, #635 ) ) ;
#1955 = CARTESIAN_POINT ( 'NONE',  ( -47.50000000000000000, -50.00000000000000000, 25.00000000000000000 ) ) ;
#1956 = ADVANCED_FACE ( 'NONE', ( #808, #1722, #2988, #2386, #2947, #2041, #235, #2083, #3819, #3603, #1458, #1153, #3006, #3306 ), #3267, .F. ) ;
#1957 = EDGE_LOOP ( 'NONE', ( #799, #1803, #255, #1048 ) ) ;
#1958 = LINE ( 'NONE', #367, #1347 ) ;
#1959 = CIRCLE ( 'NONE', #3426, 1.558669055732368802 ) ;
#1960 = VECTOR ( 'NONE', #3814, 1000.000000000000000 ) ;
#1961 = LINE ( 'NONE', #2579, #2906 ) ;
#1962 = ORIENTED_EDGE ( 'NONE', *, *, #905, .F. ) ;
#1963 = LINE ( 'NONE', #1269, #1769 ) ;
#1964 = DIRECTION ( 'NONE',  ( 0.000000000000000000, 0.000000000000000000, 1.000000000000000000 ) ) ;
#1965 = PLANE ( 'NONE',  #1484 ) ;
#1966 = DIRECTION ( 'NONE',  ( -1.000000000000000000, 0.000000000000000000, 0.000000000000000000 ) ) ;
#1967 = ORIENTED_EDGE ( 'NONE', *, *, #3149, .F. ) ;
#1968 = ORIENTED_EDGE ( 'NONE', *, *, #2073, .F. ) ;
#1969 = DIRECTION ( 'NONE',  ( -1.000000000000000000, 0.000000000000000000, 0.000000000000000000 ) ) ;
#1970 = CARTESIAN_POINT ( 'NONE',  ( 50.50000000000000000, 19.00000000000000000, 2.000000000000000000 ) ) ;
#1971 = ORIENTED_EDGE ( 'NONE', *, *, #910, .T. ) ;
#1972 = ADVANCED_FACE ( 'NONE', ( #2304 ), #1396, .F. ) ;
#1973 = DIRECTION ( 'NONE',  ( 1.000000000000000000, 0.000000000000000000, 0.000000000000000000 ) ) ;
#1974 = VERTEX_POINT ( 'NONE', #3047 ) ;
#1975 = DIRECTION ( 'NONE',  ( 1.000000000000000000, 0.000000000000000000, 0.000000000000000000 ) ) ;
#1976 = ADVANCED_FACE ( 'NONE', ( #2162 ), #3664, .F. ) ;
#1977 = CARTESIAN_POINT ( 'NONE',  ( -3.723505790279010075, -22.31363375606980171, 0.000000000000000000 ) ) ;
#1978 = LINE ( 'NONE', #1901, #2324 ) ;
#1979 = ORIENTED_EDGE ( 'NONE', *, *, #1826, .F. ) ;
#1980 = DIRECTION ( 'NONE',  ( -0.000000000000000000, -0.000000000000000000, 1.000000000000000000 ) ) ;
#1981 = DIRECTION ( 'NONE',  ( -0.000000000000000000, -0.000000000000000000, 1.000000000000000000 ) ) ;
#1982 = FACE_OUTER_BOUND ( 'NONE', #1129, .T. ) ;
#1983 = CARTESIAN_POINT ( 'NONE',  ( 55.00000000000000000, -28.50000000000000000, 25.00000000000000000 ) ) ;
#1984 = ORIENTED_EDGE ( 'NONE', *, *, #2542, .F. ) ;
#1985 = EDGE_LOOP ( 'NONE', ( #237, #186, #1273, #1282 ) ) ;
#1986 = FACE_OUTER_BOUND ( 'NONE', #1055, .T. ) ;
#1987 = FACE_OUTER_BOUND ( 'NONE', #676, .T. ) ;
#1988 = CIRCLE ( 'NONE', #1863, 1.500000000000001332 ) ;
#1989 = DIRECTION ( 'NONE',  ( 0.000000000000000000, -1.000000000000000000, 0.000000000000000000 ) ) ;
#1990 = VERTEX_POINT ( 'NONE', #1518 ) ;
#1991 = CARTESIAN_POINT ( 'NONE',  ( -22.62010700774440153, -19.44133094426763364, 0.000000000000000000 ) ) ;
#1992 = VECTOR ( 'NONE', #3691, 1000.000000000000000 ) ;
#1993 = ADVANCED_FACE ( 'NONE', ( #1830 ), #1810, .F. ) ;
#1994 = VERTEX_POINT ( 'NONE', #1172 ) ;
#1995 = VECTOR ( 'NONE', #619, 1000.000000000000000 ) ;
#1996 = CARTESIAN_POINT ( 'NONE',  ( -35.62010700774440153, -19.44133094426763364, 0.000000000000000000 ) ) ;
#1997 = LINE ( 'NONE', #2077, #897 ) ;
#1998 = EDGE_CURVE ( 'NONE', #2685, #3477, #1407, .T. ) ;
#1999 = DIRECTION ( 'NONE',  ( 0.000000000000000000, 0.000000000000000000, -1.000000000000000000 ) ) ;
#2000 = VECTOR ( 'NONE', #1945, 1000.000000000000000 ) ;
#2001 = CARTESIAN_POINT ( 'NONE',  ( 48.50000000000000000, -23.99999999999999645, 16.69999999999999929 ) ) ;
#2002 = AXIS2_PLACEMENT_3D ( 'NONE', #2096, #606, #1167 ) ;
#2003 = CARTESIAN_POINT ( 'NONE',  ( -48.00000000000000000, -22.31363375606976263, 33.00000000000000000 ) ) ;
#2004 = EDGE_CURVE ( 'NONE', #3838, #863, #944, .T. ) ;
#2005 = ORIENTED_EDGE ( 'NONE', *, *, #1684, .F. ) ;
#2006 = DIRECTION ( 'NONE',  ( 0.000000000000000000, 0.000000000000000000, 1.000000000000000000 ) ) ;
#2007 = AXIS2_PLACEMENT_3D ( 'NONE', #1122, #3889, #817 ) ;
#2008 = EDGE_LOOP ( 'NONE', ( #3031, #2389, #906, #2426 ) ) ;
#2009 = DIRECTION ( 'NONE',  ( -0.000000000000000000, 1.000000000000000000, -0.000000000000000000 ) ) ;
#2010 = CARTESIAN_POINT ( 'NONE',  ( 21.02997904195361301, -22.45947104138353012, 35.00000000000000000 ) ) ;
#2011 = ORIENTED_EDGE ( 'NONE', *, *, #18, .T. ) ;
#2012 = CYLINDRICAL_SURFACE ( 'NONE', #715, 1.700000000000000178 ) ;
#2013 = ORIENTED_EDGE ( 'NONE', *, *, #3614, .T. ) ;
#2014 = CARTESIAN_POINT ( 'NONE',  ( 42.50000000000000000, -65.00000000000000000, 25.00000000000000000 ) ) ;
#2015 = ORIENTED_EDGE ( 'NONE', *, *, #2024, .F. ) ;
#2016 = COORDINATED_UNIVERSAL_TIME_OFFSET ( 8, 0, .AHEAD. ) ;
#2017 = DIRECTION ( 'NONE',  ( 0.000000000000000000, 0.000000000000000000, 1.000000000000000000 ) ) ;
#2018 = EDGE_CURVE ( 'NONE', #735, #1303, #2568, .T. ) ;
#2019 = CARTESIAN_POINT ( 'NONE',  ( -42.50000000000000000, -27.50000000000000000, 25.00000000000000000 ) ) ;
#2020 = CARTESIAN_POINT ( 'NONE',  ( -35.62010700774440153, -22.55866905573236991, 33.00000000000000000 ) ) ;
#2021 = DIRECTION ( 'NONE',  ( -0.000000000000000000, -0.000000000000000000, 1.000000000000000000 ) ) ;
#2022 = PLANE ( 'NONE',  #2927 ) ;
#2023 = EDGE_LOOP ( 'NONE', ( #1952, #3058, #1843, #2151 ) ) ;
#2024 = EDGE_CURVE ( 'NONE', #1602, #3168, #3066, .T. ) ;
#2025 = ORIENTED_EDGE ( 'NONE', *, *, #3874, .F. ) ;
#2026 = CARTESIAN_POINT ( 'NONE',  ( -52.50000000000000000, -65.00000000000000000, 25.00000000000000000 ) ) ;
#2027 = VECTOR ( 'NONE', #2097, 1000.000000000000000 ) ;
#2028 = DIRECTION ( 'NONE',  ( -0.000000000000000000, -0.000000000000000000, 1.000000000000000000 ) ) ;
#2029 = AXIS2_PLACEMENT_3D ( 'NONE', #2738, #3043, #3021 ) ;
#2030 = ORIENTED_EDGE ( 'NONE', *, *, #3227, .F. ) ;
#2031 = DIRECTION ( 'NONE',  ( -0.000000000000000000, -1.000000000000000000, -0.000000000000000000 ) ) ;
#2032 = ORIENTED_EDGE ( 'NONE', *, *, #1248, .F. ) ;
#2033 = DIRECTION ( 'NONE',  ( 0.000000000000000000, 0.000000000000000000, 1.000000000000000000 ) ) ;
#2034 = CARTESIAN_POINT ( 'NONE',  ( -52.50000000000000711, -26.00000000000000000, 0.000000000000000000 ) ) ;
#2035 = LINE ( 'NONE', #3259, #1079 ) ;
#2036 = CARTESIAN_POINT ( 'NONE',  ( -40.80000000000000426, 14.00000000000000178, 33.00000000000000000 ) ) ;
#2037 = FACE_OUTER_BOUND ( 'NONE', #968, .T. ) ;
#2038 = ORIENTED_EDGE ( 'NONE', *, *, #1699, .T. ) ;
#2039 = EDGE_CURVE ( 'NONE', #405, #1629, #3622, .T. ) ;
#2040 = ORIENTED_EDGE ( 'NONE', *, *, #1633, .F. ) ;
#2041 = FACE_BOUND ( 'NONE', #3401, .T. ) ;
#2042 = DIRECTION ( 'NONE',  ( 1.000000000000000000, 0.000000000000000000, 0.000000000000000000 ) ) ;
#2043 = EDGE_LOOP ( 'NONE', ( #2038, #1121, #221, #856 ) ) ;
#2044 = VECTOR ( 'NONE', #1530, 1000.000000000000000 ) ;
#2045 = EDGE_CURVE ( 'NONE', #2627, #3667, #3775, .T. ) ;
#2046 = EDGE_CURVE ( 'NONE', #3045, #523, #597, .T. ) ;
#2047 = DIRECTION ( 'NONE',  ( 0.000000000000000000, 0.000000000000000000, 1.000000000000000000 ) ) ;
#2048 = VERTEX_POINT ( 'NONE', #2767 ) ;
#2049 = CARTESIAN_POINT ( 'NONE',  ( -40.80000000000000426, 14.00000000000000178, 33.00000000000000000 ) ) ;
#2050 = VECTOR ( 'NONE', #3669, 1000.000000000000000 ) ;
#2051 = ORIENTED_EDGE ( 'NONE', *, *, #1920, .F. ) ;
#2052 = ADVANCED_FACE ( 'NONE', ( #1563 ), #885, .F. ) ;
#2053 = VECTOR ( 'NONE', #1111, 1000.000000000000000 ) ;
#2054 = CIRCLE ( 'NONE', #3332, 1.459471041383532341 ) ;
#2055 = PERSON_AND_ORGANIZATION ( #3943, #3727 ) ;
#2056 = DIRECTION ( 'NONE',  ( -0.000000000000000000, -0.000000000000000000, 1.000000000000000000 ) ) ;
#2057 = VECTOR ( 'NONE', #3647, 1000.000000000000000 ) ;
#2058 = DIRECTION ( 'NONE',  ( -0.000000000000000000, 1.000000000000000000, -0.000000000000000000 ) ) ;
#2059 = DIRECTION ( 'NONE',  ( 1.000000000000000000, 0.000000000000000000, 0.000000000000000000 ) ) ;
#2060 = CARTESIAN_POINT ( 'NONE',  ( 19.00000000000000000, -24.00000000000000000, 16.69999999999999929 ) ) ;
#2061 = AXIS2_PLACEMENT_3D ( 'NONE', #2550, #3789, #696 ) ;
#2062 = ORIENTED_EDGE ( 'NONE', *, *, #3604, .T. ) ;
#2063 = VECTOR ( 'NONE', #3501, 1000.000000000000000 ) ;
#2064 = ORIENTED_EDGE ( 'NONE', *, *, #1182, .T. ) ;
#2065 = LINE ( 'NONE', #3289, #382 ) ;
#2066 = EDGE_CURVE ( 'NONE', #1544, #2798, #633, .T. ) ;
#2067 = DIRECTION ( 'NONE',  ( -0.000000000000000000, 0.000000000000000000, 1.000000000000000000 ) ) ;
#2068 = ORIENTED_EDGE ( 'NONE', *, *, #2565, .T. ) ;
#2069 =( GEOMETRIC_REPRESENTATION_CONTEXT ( 3 ) GLOBAL_UNCERTAINTY_ASSIGNED_CONTEXT ( ( #766 ) ) GLOBAL_UNIT_ASSIGNED_CONTEXT ( ( #2637, #1101, #1697 ) ) REPRESENTATION_CONTEXT ( 'NONE', 'WORKASPACE' ) );
#2070 = DIRECTION ( 'NONE',  ( 1.000000000000000000, -0.000000000000000000, -0.000000000000000000 ) ) ;
#2071 = ORIENTED_EDGE ( 'NONE', *, *, #737, .T. ) ;
#2072 = DIRECTION ( 'NONE',  ( 0.000000000000000000, 0.000000000000000000, 1.000000000000000000 ) ) ;
#2073 = EDGE_CURVE ( 'NONE', #2182, #1602, #3521, .T. ) ;
#2074 = DIRECTION ( 'NONE',  ( -0.000000000000000000, -0.000000000000000000, 1.000000000000000000 ) ) ;
#2075 = CIRCLE ( 'NONE', #3161, 1.700000000000000178 ) ;
#2076 = EDGE_CURVE ( 'NONE', #2884, #1374, #2373, .T. ) ;
#2077 = CARTESIAN_POINT ( 'NONE',  ( 15.37273248786049962, -19.26699448510487045, 0.000000000000000000 ) ) ;
#2078 = DIRECTION ( 'NONE',  ( 0.000000000000000000, -1.000000000000000000, 0.000000000000000000 ) ) ;
#2079 = CARTESIAN_POINT ( 'NONE',  ( -49.20000000000000284, -50.00000000000000000, 25.00000000000000000 ) ) ;
#2080 = DIRECTION ( 'NONE',  ( 0.000000000000000000, 0.000000000000000000, -1.000000000000000000 ) ) ;
#2081 = CARTESIAN_POINT ( 'NONE',  ( -16.27649420972100103, -20.81363375606980171, 35.00000000000000000 ) ) ;
#2082 = VERTEX_POINT ( 'NONE', #1846 ) ;
#2083 = FACE_BOUND ( 'NONE', #2856, .T. ) ;
#2084 = DIRECTION ( 'NONE',  ( 1.000000000000000000, 0.000000000000000000, 0.000000000000000000 ) ) ;
#2085 = ORIENTED_EDGE ( 'NONE', *, *, #2388, .F. ) ;
#2086 = AXIS2_PLACEMENT_3D ( 'NONE', #1659, #2237, #1922 ) ;
#2087 = FACE_BOUND ( 'NONE', #3722, .T. ) ;
#2088 = ORIENTED_EDGE ( 'NONE', *, *, #2018, .T. ) ;
#2089 = FACE_OUTER_BOUND ( 'NONE', #2329, .T. ) ;
#2090 = CARTESIAN_POINT ( 'NONE',  ( 21.00000000000000000, -26.00000000000000355, 15.00000000000000000 ) ) ;
#2091 = ADVANCED_FACE ( 'NONE', ( #3680 ), #927, .F. ) ;
#2092 = ORIENTED_EDGE ( 'NONE', *, *, #42, .F. ) ;
#2093 = EDGE_CURVE ( 'NONE', #2662, #840, #2481, .T. ) ;
#2094 = EDGE_CURVE ( 'NONE', #3631, #3305, #2707, .T. ) ;
#2095 = DIRECTION ( 'NONE',  ( 1.000000000000000000, 0.000000000000000000, 0.000000000000000000 ) ) ;
#2096 = CARTESIAN_POINT ( 'NONE',  ( 0.000000000000000000, -56.00000000000000000, 0.000000000000000000 ) ) ;
#2097 = DIRECTION ( 'NONE',  ( -0.000000000000000000, -0.000000000000000000, 1.000000000000000000 ) ) ;
#2098 = ORIENTED_EDGE ( 'NONE', *, *, #1028, .T. ) ;
#2099 = ORIENTED_EDGE ( 'NONE', *, *, #2536, .F. ) ;
#2100 = EDGE_LOOP ( 'NONE', ( #1508, #111, #2724, #2285 ) ) ;
#2101 = CARTESIAN_POINT ( 'NONE',  ( 45.79999999999999716, -15.00000000000000000, 25.00000000000000000 ) ) ;
#2102 = CARTESIAN_POINT ( 'NONE',  ( -50.00000000000000000, -26.00000000000000000, 0.000000000000000000 ) ) ;
#2103 = VERTEX_POINT ( 'NONE', #3740 ) ;
#2104 = ORIENTED_EDGE ( 'NONE', *, *, #274, .T. ) ;
#2105 = LINE ( 'NONE', #1523, #697 ) ;
#2106 = DIRECTION ( 'NONE',  ( -0.000000000000000000, -1.000000000000000000, -0.000000000000000000 ) ) ;
#2107 = AXIS2_PLACEMENT_3D ( 'NONE', #251, #2006, #670 ) ;
#2108 = AXIS2_PLACEMENT_3D ( 'NONE', #3549, #521, #1178 ) ;
#2109 = EDGE_LOOP ( 'NONE', ( #3173, #2013, #2673, #2688, #2359 ) ) ;
#2110 = EDGE_CURVE ( 'NONE', #1502, #2694, #982, .T. ) ;
#2111 = DATE_AND_TIME ( #1510, #2452 ) ;
#2112 = AXIS2_PLACEMENT_3D ( 'NONE', #847, #554, #2683 ) ;
#2113 = CIRCLE ( 'NONE', #3463, 1.700000000000000178 ) ;
#2114 = DIRECTION ( 'NONE',  ( -0.000000000000000000, -1.000000000000000000, -0.000000000000000000 ) ) ;
#2115 = EDGE_CURVE ( 'NONE', #2819, #3541, #2845, .T. ) ;
#2116 = DIRECTION ( 'NONE',  ( -0.000000000000000000, 1.000000000000000000, -0.000000000000000000 ) ) ;
#2117 = PLANE ( 'NONE',  #3118 ) ;
#2118 = ORIENTED_EDGE ( 'NONE', *, *, #2236, .T. ) ;
#2119 = AXIS2_PLACEMENT_3D ( 'NONE', #283, #1038, #2995 ) ;
#2120 = ORIENTED_EDGE ( 'NONE', *, *, #2169, .F. ) ;
#2121 = DIRECTION ( 'NONE',  ( 0.000000000000000000, 0.000000000000000000, -1.000000000000000000 ) ) ;
#2122 = ORIENTED_EDGE ( 'NONE', *, *, #567, .F. ) ;
#2123 = DIRECTION ( 'NONE',  ( -0.000000000000000000, 0.000000000000000000, 1.000000000000000000 ) ) ;
#2124 = VECTOR ( 'NONE', #3697, 1000.000000000000000 ) ;
#2125 = ADVANCED_FACE ( 'NONE', ( #3482 ), #2220, .F. ) ;
#2126 = CARTESIAN_POINT ( 'NONE',  ( -52.50000000000000000, -56.00000000000000000, 25.00000000000000000 ) ) ;
#2127 = EDGE_LOOP ( 'NONE', ( #3818, #3044, #3804, #2672 ) ) ;
#2128 = VECTOR ( 'NONE', #2625, 1000.000000000000000 ) ;
#2129 = ORIENTED_EDGE ( 'NONE', *, *, #2046, .F. ) ;
#2130 = DIRECTION ( 'NONE',  ( -0.000000000000000000, -0.000000000000000000, 1.000000000000000000 ) ) ;
#2131 = DIRECTION ( 'NONE',  ( 0.000000000000000000, -1.000000000000000000, 0.000000000000000000 ) ) ;
#2132 = VECTOR ( 'NONE', #3184, 1000.000000000000000 ) ;
#2133 = DIRECTION ( 'NONE',  ( 0.000000000000000000, 0.000000000000000000, -1.000000000000000000 ) ) ;
#2134 = ORIENTED_EDGE ( 'NONE', *, *, #3074, .F. ) ;
#2135 = LINE ( 'NONE', #589, #1014 ) ;
#2136 = DIRECTION ( 'NONE',  ( 0.000000000000000000, 0.000000000000000000, -1.000000000000000000 ) ) ;
#2137 = LINE ( 'NONE', #1228, #3750 ) ;
#2138 = EDGE_LOOP ( 'NONE', ( #997, #2498, #929, #3247 ) ) ;
#2139 = EDGE_CURVE ( 'NONE', #2650, #3323, #1905, .T. ) ;
#2140 = ORIENTED_EDGE ( 'NONE', *, *, #3633, .T. ) ;
#2141 = CARTESIAN_POINT ( 'NONE',  ( -22.62010700774440153, -21.00000000000000000, 2.000000000000000000 ) ) ;
#2142 = VERTEX_POINT ( 'NONE', #3799 ) ;
#2143 = DIRECTION ( 'NONE',  ( 1.000000000000000000, 0.000000000000000000, 0.000000000000000000 ) ) ;
#2144 = CARTESIAN_POINT ( 'NONE',  ( -50.50000000000000000, -23.99999999999999645, 33.00000000000000000 ) ) ;
#2145 = EDGE_LOOP ( 'NONE', ( #3639, #3526 ) ) ;
#2146 = EDGE_CURVE ( 'NONE', #2310, #556, #2204, .T. ) ;
#2147 = ORIENTED_EDGE ( 'NONE', *, *, #3228, .F. ) ;
#2148 = CARTESIAN_POINT ( 'NONE',  ( -49.20000000000000284, -15.00000000000000000, 35.00000000000000000 ) ) ;
#2149 = DIRECTION ( 'NONE',  ( -0.000000000000000000, -0.000000000000000000, 1.000000000000000000 ) ) ;
#2150 = AXIS2_PLACEMENT_3D ( 'NONE', #1828, #3662, #3087 ) ;
#2151 = ORIENTED_EDGE ( 'NONE', *, *, #3494, .F. ) ;
#2152 = VECTOR ( 'NONE', #845, 1000.000000000000000 ) ;
#2153 = DATE_TIME_ROLE ( 'classification_date' ) ;
#2154 = VECTOR ( 'NONE', #2194, 1000.000000000000000 ) ;
#2155 = CARTESIAN_POINT ( 'NONE',  ( -46.50000000000000000, -24.00000000000000000, 16.69999999999999929 ) ) ;
#2156 = DIRECTION ( 'NONE',  ( -1.000000000000000000, 0.000000000000000000, 0.000000000000000000 ) ) ;
#2157 = CARTESIAN_POINT ( 'NONE',  ( -35.62010700774440153, -22.55866905573236991, 35.00000000000000000 ) ) ;
#2158 = CARTESIAN_POINT ( 'NONE',  ( 55.00000000000000000, -28.50000000000000000, 10.00000000000000178 ) ) ;
#2159 = ORIENTED_EDGE ( 'NONE', *, *, #2045, .T. ) ;
#2160 = EDGE_LOOP ( 'NONE', ( #2528, #3400, #3271, #1389 ) ) ;
#2161 = DIRECTION ( 'NONE',  ( -0.000000000000000000, -0.000000000000000000, 1.000000000000000000 ) ) ;
#2162 = FACE_OUTER_BOUND ( 'NONE', #3490, .T. ) ;
#2163 = DIRECTION ( 'NONE',  ( 0.000000000000000000, 0.000000000000000000, -1.000000000000000000 ) ) ;
#2164 = EDGE_CURVE ( 'NONE', #3084, #2310, #449, .T. ) ;
#2165 = EDGE_LOOP ( 'NONE', ( #50, #2825, #473, #2354, #2449, #2385, #599, #2783 ) ) ;
#2166 = EDGE_LOOP ( 'NONE', ( #581, #1247, #2722, #1033 ) ) ;
#2167 = DIRECTION ( 'NONE',  ( -0.000000000000000000, -1.000000000000000000, -0.000000000000000000 ) ) ;
#2168 = CARTESIAN_POINT ( 'NONE',  ( 15.37273248786049962, -19.26699448510487045, 35.00000000000000000 ) ) ;
#2169 = EDGE_CURVE ( 'NONE', #135, #2727, #1672, .T. ) ;
#2170 = EDGE_CURVE ( 'NONE', #1990, #1131, #2054, .T. ) ;
#2171 = FACE_OUTER_BOUND ( 'NONE', #539, .T. ) ;
#2172 = ORIENTED_EDGE ( 'NONE', *, *, #1198, .F. ) ;
#2173 = EDGE_CURVE ( 'NONE', #3663, #3650, #126, .T. ) ;
#2174 = LINE ( 'NONE', #3395, #1240 ) ;
#2175 = CARTESIAN_POINT ( 'NONE',  ( 21.02997904195361301, -22.45947104138353012, 35.00000000000000000 ) ) ;
#2176 = VECTOR ( 'NONE', #2834, 1000.000000000000000 ) ;
#2177 = CARTESIAN_POINT ( 'NONE',  ( -50.00000000000000000, -26.00000000000000000, 15.79999999999999893 ) ) ;
#2178 = CARTESIAN_POINT ( 'NONE',  ( -42.50000000000000000, -37.50000000000000000, 25.00000000000000000 ) ) ;
#2179 = ORIENTED_EDGE ( 'NONE', *, *, #3575, .F. ) ;
#2180 = AXIS2_PLACEMENT_3D ( 'NONE', #9, #2785, #27 ) ;
#2181 = PRODUCT ( 'F_car_battery_box_V11_eight_slots_plus2mm', 'F_car_battery_box_V11_eight_slots_plus2mm', '', ( #1449 ) ) ;
#2182 = VERTEX_POINT ( 'NONE', #1621 ) ;
#2183 = CARTESIAN_POINT ( 'NONE',  ( 47.50000000000000000, -15.00000000000000000, 33.00000000000000000 ) ) ;
#2184 = DIRECTION ( 'NONE',  ( 1.000000000000000000, 0.000000000000000000, 0.000000000000000000 ) ) ;
#2185 = VECTOR ( 'NONE', #1761, 1000.000000000000000 ) ;
#2186 = VERTEX_POINT ( 'NONE', #373 ) ;
#2187 = AXIS2_PLACEMENT_3D ( 'NONE', #542, #3925, #1774 ) ;
#2188 = ADVANCED_FACE ( 'NONE', ( #1597 ), #429, .F. ) ;
#2189 = ORIENTED_EDGE ( 'NONE', *, *, #497, .F. ) ;
#2190 = LINE ( 'NONE', #3053, #180 ) ;
#2191 = DIRECTION ( 'NONE',  ( 0.000000000000000000, -0.000000000000000000, -1.000000000000000000 ) ) ;
#2192 = AXIS2_PLACEMENT_3D ( 'NONE', #3666, #614, #2184 ) ;
#2193 = EDGE_CURVE ( 'NONE', #2468, #2650, #825, .T. ) ;
#2194 = DIRECTION ( 'NONE',  ( -1.000000000000000000, -0.000000000000000000, -0.000000000000000000 ) ) ;
#2195 = ORIENTED_EDGE ( 'NONE', *, *, #3881, .T. ) ;
#2196 = VECTOR ( 'NONE', #674, 1000.000000000000000 ) ;
#2197 = EDGE_CURVE ( 'NONE', #3003, #3791, #2628, .T. ) ;
#2198 = CARTESIAN_POINT ( 'NONE',  ( 44.20000000000000284, 14.00000000000000178, 33.00000000000000000 ) ) ;
#2199 = CARTESIAN_POINT ( 'NONE',  ( -42.50000000000000000, -65.00000000000000000, 25.00000000000000000 ) ) ;
#2200 = FACE_OUTER_BOUND ( 'NONE', #3036, .T. ) ;
#2201 = VERTEX_POINT ( 'NONE', #1044 ) ;
#2202 = DIRECTION ( 'NONE',  ( -1.000000000000000000, -0.000000000000000000, -0.000000000000000000 ) ) ;
#2203 = DIRECTION ( 'NONE',  ( 1.000000000000000000, 0.000000000000000000, -0.000000000000000000 ) ) ;
#2204 = LINE ( 'NONE', #3437, #1734 ) ;
#2205 = LINE ( 'NONE', #1357, #2000 ) ;
#2206 = ORIENTED_EDGE ( 'NONE', *, *, #48, .T. ) ;
#2207 = ORIENTED_EDGE ( 'NONE', *, *, #3921, .F. ) ;
#2208 = PLANE ( 'NONE',  #2308 ) ;
#2209 = FACE_OUTER_BOUND ( 'NONE', #1063, .T. ) ;
#2210 = VERTEX_POINT ( 'NONE', #2525 ) ;
#2211 = ADVANCED_FACE ( 'NONE', ( #1333 ), #2238, .F. ) ;
#2212 = AXIS2_PLACEMENT_3D ( 'NONE', #3144, #2203, #1943 ) ;
#2213 = CARTESIAN_POINT ( 'NONE',  ( 21.00000000000000000, -28.50000000000000000, 16.69999999999999929 ) ) ;
#2214 = FACE_BOUND ( 'NONE', #1651, .T. ) ;
#2215 = CARTESIAN_POINT ( 'NONE',  ( -48.00000000000000000, -19.31363375606975907, 2.000000000000000000 ) ) ;
#2216 = EDGE_CURVE ( 'NONE', #2912, #495, #1944, .T. ) ;
#2217 = EDGE_CURVE ( 'NONE', #3239, #1662, #260, .T. ) ;
#2218 = EDGE_LOOP ( 'NONE', ( #426, #3613, #1036, #3807, #962 ) ) ;
#2219 = DIRECTION ( 'NONE',  ( -0.000000000000000000, -1.000000000000000000, -0.000000000000000000 ) ) ;
#2220 = PLANE ( 'NONE',  #258 ) ;
#2221 = LINE ( 'NONE', #1002, #267 ) ;
#2222 = ORIENTED_EDGE ( 'NONE', *, *, #1675, .F. ) ;
#2223 = ORIENTED_EDGE ( 'NONE', *, *, #2581, .T. ) ;
#2224 = DIRECTION ( 'NONE',  ( 1.000000000000000000, 0.000000000000000000, 0.000000000000000000 ) ) ;
#2225 = LINE ( 'NONE', #1648, #1933 ) ;
#2226 = ORIENTED_EDGE ( 'NONE', *, *, #878, .F. ) ;
#2227 = CARTESIAN_POINT ( 'NONE',  ( 21.02997904195361301, -22.45947104138353012, 33.00000000000000000 ) ) ;
#2228 = ORIENTED_EDGE ( 'NONE', *, *, #971, .T. ) ;
#2229 = FACE_OUTER_BOUND ( 'NONE', #3863, .T. ) ;
#2230 = PRODUCT_DEFINITION ( '�', '', #2516, #1288 ) ;
#2231 = CARTESIAN_POINT ( 'NONE',  ( 0.000000000000000000, 0.000000000000000000, 10.00000000000000178 ) ) ;
#2232 = CARTESIAN_POINT ( 'NONE',  ( -42.50000000000000000, 14.00000000000000178, 35.00000000000000000 ) ) ;
#2233 = VECTOR ( 'NONE', #3546, 1000.000000000000000 ) ;
#2234 = ORIENTED_EDGE ( 'NONE', *, *, #1808, .F. ) ;
#2235 = VECTOR ( 'NONE', #1975, 1000.000000000000000 ) ;
#2236 = EDGE_CURVE ( 'NONE', #1709, #3534, #3711, .T. ) ;
#2237 = DIRECTION ( 'NONE',  ( 0.000000000000000000, -1.000000000000000000, 0.000000000000000000 ) ) ;
#2238 = PLANE ( 'NONE',  #1346 ) ;
#2239 = CARTESIAN_POINT ( 'NONE',  ( -52.50000000000000711, -26.00000000000000000, 0.000000000000000000 ) ) ;
#2240 = DIRECTION ( 'NONE',  ( -0.000000000000000000, 0.000000000000000000, 1.000000000000000000 ) ) ;
#2241 = ORIENTED_EDGE ( 'NONE', *, *, #3313, .T. ) ;
#2242 = AXIS2_PLACEMENT_3D ( 'NONE', #1603, #677, #2224 ) ;
#2243 = EDGE_CURVE ( 'NONE', #1067, #630, #1868, .T. ) ;
#2244 = ORIENTED_EDGE ( 'NONE', *, *, #2836, .F. ) ;
#2245 = DIRECTION ( 'NONE',  ( 0.000000000000000000, -1.000000000000000000, 0.000000000000000000 ) ) ;
#2246 = VECTOR ( 'NONE', #2379, 1000.000000000000000 ) ;
#2247 = DIRECTION ( 'NONE',  ( 0.000000000000000000, 0.000000000000000000, -1.000000000000000000 ) ) ;
#2248 = ORIENTED_EDGE ( 'NONE', *, *, #357, .T. ) ;
#2249 = AXIS2_PLACEMENT_3D ( 'NONE', #2795, #1260, #1325 ) ;
#2250 = CARTESIAN_POINT ( 'NONE',  ( 52.50000000000000000, -65.00000000000000000, 25.00000000000000000 ) ) ;
#2251 = ORIENTED_EDGE ( 'NONE', *, *, #23, .T. ) ;
#2252 = LINE ( 'NONE', #79, #381 ) ;
#2253 = AXIS2_PLACEMENT_3D ( 'NONE', #598, #3957, #1831 ) ;
#2254 = VECTOR ( 'NONE', #2870, 1000.000000000000000 ) ;
#2255 = CARTESIAN_POINT ( 'NONE',  ( -3.723505790279009631, -20.81363375606980171, 2.000000000000000000 ) ) ;
#2256 = CARTESIAN_POINT ( 'NONE',  ( 52.50000000000000000, -26.00000000000000355, 25.00000000000000000 ) ) ;
#2257 = APPROVAL_PERSON_ORGANIZATION ( #2433, #3891, #3947 ) ;
#2258 = ORIENTED_EDGE ( 'NONE', *, *, #1397, .F. ) ;
#2259 = DIRECTION ( 'NONE',  ( -0.000000000000000000, -0.000000000000000000, 1.000000000000000000 ) ) ;
#2260 = ORIENTED_EDGE ( 'NONE', *, *, #2609, .T. ) ;
#2261 = CARTESIAN_POINT ( 'NONE',  ( -46.50000000000000000, -24.00000000000000000, 13.29999999999999893 ) ) ;
#2262 = DIRECTION ( 'NONE',  ( 1.000000000000000000, 0.000000000000000000, 0.000000000000000000 ) ) ;
#2263 = FACE_OUTER_BOUND ( 'NONE', #3529, .T. ) ;
#2264 = CARTESIAN_POINT ( 'NONE',  ( 52.50000000000000000, -65.00000000000000000, 25.00000000000000000 ) ) ;
#2265 = ORIENTED_EDGE ( 'NONE', *, *, #2173, .F. ) ;
#2266 = ADVANCED_FACE ( 'NONE', ( #1982 ), #3243, .F. ) ;
#2267 = VERTEX_POINT ( 'NONE', #3570 ) ;
#2268 = PLANE ( 'NONE',  #699 ) ;
#2269 = DIRECTION ( 'NONE',  ( -1.000000000000000000, 0.000000000000000000, 0.000000000000000000 ) ) ;
#2270 = ORIENTED_EDGE ( 'NONE', *, *, #2395, .T. ) ;
#2271 = EDGE_CURVE ( 'NONE', #880, #1110, #209, .T. ) ;
#2272 = CARTESIAN_POINT ( 'NONE',  ( 37.50000000000000711, -41.00000000000000000, 25.00000000000000000 ) ) ;
#2273 = EDGE_LOOP ( 'NONE', ( #3934, #724, #1200, #3618 ) ) ;
#2274 = CARTESIAN_POINT ( 'NONE',  ( -22.62010700774440153, -19.44133094426763364, 0.000000000000000000 ) ) ;
#2275 = CARTESIAN_POINT ( 'NONE',  ( 48.50000000000000000, -23.99999999999999645, 13.29999999999999893 ) ) ;
#2276 = LINE ( 'NONE', #84, #2132 ) ;
#2277 = FACE_OUTER_BOUND ( 'NONE', #1189, .T. ) ;
#2278 = EDGE_LOOP ( 'NONE', ( #3278, #1892, #3249, #3503 ) ) ;
#2279 = CARTESIAN_POINT ( 'NONE',  ( -22.62010700774440153, -22.55866905573236991, 33.00000000000000000 ) ) ;
#2280 = DIRECTION ( 'NONE',  ( 0.000000000000000000, -1.000000000000000000, 0.000000000000000000 ) ) ;
#2281 = CARTESIAN_POINT ( 'NONE',  ( 34.02997904195360235, -21.00000000000000000, 33.00000000000000000 ) ) ;
#2282 = DIRECTION ( 'NONE',  ( 0.000000000000000000, -0.000000000000000000, 1.000000000000000000 ) ) ;
#2283 = CARTESIAN_POINT ( 'NONE',  ( -55.00000000000000000, -56.00000000000000000, 35.00000000000000000 ) ) ;
#2284 = ORIENTED_EDGE ( 'NONE', *, *, #446, .T. ) ;
#2285 = ORIENTED_EDGE ( 'NONE', *, *, #1125, .F. ) ;
#2286 = DIRECTION ( 'NONE',  ( 0.000000000000000000, 0.000000000000000000, 1.000000000000000000 ) ) ;
#2287 = CYLINDRICAL_SURFACE ( 'NONE', #329, 1.700000000000000178 ) ;
#2288 = ORIENTED_EDGE ( 'NONE', *, *, #687, .T. ) ;
#2289 = CARTESIAN_POINT ( 'NONE',  ( -16.27649420972100103, -19.31363375606980171, 0.000000000000000000 ) ) ;
#2290 = VERTEX_POINT ( 'NONE', #3873 ) ;
#2291 = LINE ( 'NONE', #3511, #1267 ) ;
#2292 = ADVANCED_FACE ( 'NONE', ( #1061 ), #183, .F. ) ;
#2293 = ADVANCED_FACE ( 'NONE', ( #3518 ), #529, .F. ) ;
#2294 = DIRECTION ( 'NONE',  ( 0.000000000000000000, 0.000000000000000000, -1.000000000000000000 ) ) ;
#2295 = EDGE_LOOP ( 'NONE', ( #2892, #1018, #871, #3296 ) ) ;
#2296 = DIRECTION ( 'NONE',  ( 1.000000000000000000, 0.000000000000000000, 0.000000000000000000 ) ) ;
#2297 = CARTESIAN_POINT ( 'NONE',  ( -55.00000000000000000, -28.50000000000000000, 25.00000000000000000 ) ) ;
#2298 = LINE ( 'NONE', #469, #887 ) ;
#2299 = VECTOR ( 'NONE', #1669, 1000.000000000000000 ) ;
#2300 = CARTESIAN_POINT ( 'NONE',  ( -37.50000000000000711, -41.00000000000000000, 35.00000000000000000 ) ) ;
#2301 = ORIENTED_EDGE ( 'NONE', *, *, #3825, .F. ) ;
#2302 = AXIS2_PLACEMENT_3D ( 'NONE', #2333, #1097, #2938 ) ;
#2303 = ORIENTED_EDGE ( 'NONE', *, *, #327, .T. ) ;
#2304 = FACE_OUTER_BOUND ( 'NONE', #1588, .T. ) ;
#2305 = DIRECTION ( 'NONE',  ( 1.000000000000000000, 0.000000000000000000, 0.000000000000000000 ) ) ;
#2306 = AXIS2_PLACEMENT_3D ( 'NONE', #1339, #1625, #3469 ) ;
#2307 = EDGE_LOOP ( 'NONE', ( #1902, #47, #1249, #6 ) ) ;
#2308 = AXIS2_PLACEMENT_3D ( 'NONE', #1665, #3425, #2286 ) ;
#2309 = CARTESIAN_POINT ( 'NONE',  ( 47.50000000000000000, -15.00000000000000000, 33.00000000000000000 ) ) ;
#2310 = VERTEX_POINT ( 'NONE', #2658 ) ;
#2311 = LINE ( 'NONE', #1037, #2235 ) ;
#2312 = AXIS2_PLACEMENT_3D ( 'NONE', #3317, #1800, #605 ) ;
#2313 = EDGE_CURVE ( 'NONE', #1819, #175, #2617, .T. ) ;
#2314 = CIRCLE ( 'NONE', #3147, 1.546639270964929924 ) ;
#2315 = CARTESIAN_POINT ( 'NONE',  ( 42.50000000000000000, -56.00000000000000000, 25.00000000000000000 ) ) ;
#2316 = VECTOR ( 'NONE', #2423, 1000.000000000000000 ) ;
#2317 = EDGE_CURVE ( 'NONE', #2867, #880, #2337, .T. ) ;
#2318 = CIRCLE ( 'NONE', #1422, 1.700000000000000178 ) ;
#2319 = DIRECTION ( 'NONE',  ( -1.000000000000000000, 0.000000000000000000, 0.000000000000000000 ) ) ;
#2320 = CIRCLE ( 'NONE', #2639, 1.700000000000000178 ) ;
#2321 = DIRECTION ( 'NONE',  ( -1.000000000000000000, 0.000000000000000000, 0.000000000000000000 ) ) ;
#2322 = LINE ( 'NONE', #3557, #1644 ) ;
#2323 = ORIENTED_EDGE ( 'NONE', *, *, #516, .T. ) ;
#2324 = VECTOR ( 'NONE', #3199, 1000.000000000000000 ) ;
#2325 = VERTEX_POINT ( 'NONE', #2020 ) ;
#2326 = FACE_BOUND ( 'NONE', #1497, .T. ) ;
#2327 = AXIS2_PLACEMENT_3D ( 'NONE', #1302, #1035, #77 ) ;
#2328 = FACE_OUTER_BOUND ( 'NONE', #1324, .T. ) ;
#2329 = EDGE_LOOP ( 'NONE', ( #826, #1635, #2588, #3423 ) ) ;
#2330 = CARTESIAN_POINT ( 'NONE',  ( -48.50000000000000000, -23.99999999999999645, 13.29999999999999893 ) ) ;
#2331 = CARTESIAN_POINT ( 'NONE',  ( -48.50000000000000000, -26.00000000000000355, 13.29999999999999893 ) ) ;
#2332 = ORIENTED_EDGE ( 'NONE', *, *, #280, .F. ) ;
#2333 = CARTESIAN_POINT ( 'NONE',  ( -46.50000000000000000, -24.00000000000000000, 15.00000000000000000 ) ) ;
#2334 = AXIS2_PLACEMENT_3D ( 'NONE', #1470, #645, #3040 ) ;
#2335 = EDGE_CURVE ( 'NONE', #133, #782, #1145, .T. ) ;
#2336 = DIRECTION ( 'NONE',  ( 0.000000000000000000, 0.000000000000000000, -1.000000000000000000 ) ) ;
#2337 = LINE ( 'NONE', #2677, #2246 ) ;
#2338 = EDGE_CURVE ( 'NONE', #463, #3454, #2298, .T. ) ;
#2339 = EDGE_CURVE ( 'NONE', #2082, #2867, #772, .T. ) ;
#2340 = CARTESIAN_POINT ( 'NONE',  ( 35.48945008333713247, -21.00000000000000000, 0.000000000000000000 ) ) ;
#2341 = CARTESIAN_POINT ( 'NONE',  ( 21.02997904195361301, -22.45947104138353012, 0.000000000000000000 ) ) ;
#2342 = VERTEX_POINT ( 'NONE', #2001 ) ;
#2343 = VECTOR ( 'NONE', #1433, 1000.000000000000000 ) ;
#2344 = ORIENTED_EDGE ( 'NONE', *, *, #2755, .F. ) ;
#2345 = CARTESIAN_POINT ( 'NONE',  ( -3.723505790279009631, -20.81363375606980171, 0.000000000000000000 ) ) ;
#2346 = AXIS2_PLACEMENT_3D ( 'NONE', #2679, #3285, #1763 ) ;
#2347 = EDGE_CURVE ( 'NONE', #686, #1376, #2940, .T. ) ;
#2348 = FACE_BOUND ( 'NONE', #1765, .T. ) ;
#2349 = CIRCLE ( 'NONE', #1120, 1.700000000000000178 ) ;
#2350 = VERTEX_POINT ( 'NONE', #3597 ) ;
#2351 = DIRECTION ( 'NONE',  ( 0.000000000000000000, 0.000000000000000000, -1.000000000000000000 ) ) ;
#2352 = EDGE_LOOP ( 'NONE', ( #167, #3777, #3086, #3485 ) ) ;
#2353 = DIRECTION ( 'NONE',  ( -0.000000000000000000, -0.000000000000000000, 1.000000000000000000 ) ) ;
#2354 = ORIENTED_EDGE ( 'NONE', *, *, #80, .T. ) ;
#2355 = DIRECTION ( 'NONE',  ( 0.000000000000000000, -1.000000000000000000, 0.000000000000000000 ) ) ;
#2356 = DIRECTION ( 'NONE',  ( 0.000000000000000000, -0.000000000000000000, -1.000000000000000000 ) ) ;
#2357 = LINE ( 'NONE', #3572, #3025 ) ;
#2358 = CARTESIAN_POINT ( 'NONE',  ( -55.00000000000000000, -28.50000000000000000, 10.00000000000000178 ) ) ;
#2359 = ORIENTED_EDGE ( 'NONE', *, *, #323, .F. ) ;
#2360 = EDGE_CURVE ( 'NONE', #3447, #2694, #3226, .T. ) ;
#2361 = EDGE_LOOP ( 'NONE', ( #922, #2418, #662, #2680, #1114 ) ) ;
#2362 = DIRECTION ( 'NONE',  ( 0.000000000000000000, 0.000000000000000000, -1.000000000000000000 ) ) ;
#2363 = CARTESIAN_POINT ( 'NONE',  ( -45.79999999999999716, -50.00000000000000000, 25.00000000000000000 ) ) ;
#2364 = EDGE_LOOP ( 'NONE', ( #312, #285, #3333, #1686 ) ) ;
#2365 = AXIS2_PLACEMENT_3D ( 'NONE', #1175, #1194, #316 ) ;
#2366 = EDGE_CURVE ( 'NONE', #1027, #513, #1391, .T. ) ;
#2367 = CARTESIAN_POINT ( 'NONE',  ( -50.00000000000000000, -26.00000000000000000, 35.00000000000000000 ) ) ;
#2368 = ORIENTED_EDGE ( 'NONE', *, *, #668, .T. ) ;
#2369 = PLANE ( 'NONE',  #504 ) ;
#2370 = AXIS2_PLACEMENT_3D ( 'NONE', #1219, #3094, #3941 ) ;
#2371 = VERTEX_POINT ( 'NONE', #3555 ) ;
#2372 = PLANE ( 'NONE',  #2119 ) ;
#2373 = CIRCLE ( 'NONE', #2180, 1.558669055732368802 ) ;
#2374 = ORIENTED_EDGE ( 'NONE', *, *, #1405, .T. ) ;
#2375 = VECTOR ( 'NONE', #1451, 1000.000000000000000 ) ;
#2376 = DIRECTION ( 'NONE',  ( -0.000000000000000000, -0.000000000000000000, 1.000000000000000000 ) ) ;
#2377 = LINE ( 'NONE', #2034, #2577 ) ;
#2378 = VECTOR ( 'NONE', #1590, 1000.000000000000000 ) ;
#2379 = DIRECTION ( 'NONE',  ( 1.000000000000000000, 0.000000000000000000, 0.000000000000000000 ) ) ;
#2380 = CARTESIAN_POINT ( 'NONE',  ( 2.372732487860489847, -19.26699448510487045, 2.000000000000000000 ) ) ;
#2381 = LINE ( 'NONE', #531, #609 ) ;
#2382 = AXIS2_PLACEMENT_3D ( 'NONE', #75, #1421, #1460 ) ;
#2383 = VERTEX_POINT ( 'NONE', #1681 ) ;
#2384 = VECTOR ( 'NONE', #3479, 1000.000000000000000 ) ;
#2385 = ORIENTED_EDGE ( 'NONE', *, *, #299, .F. ) ;
#2386 = FACE_BOUND ( 'NONE', #3349, .T. ) ;
#2387 = CARTESIAN_POINT ( 'NONE',  ( -22.62010700774440153, -21.00000000000000000, 35.00000000000000000 ) ) ;
#2388 = EDGE_CURVE ( 'NONE', #1502, #2103, #3205, .T. ) ;
#2389 = ORIENTED_EDGE ( 'NONE', *, *, #2335, .T. ) ;
#2390 = APPROVAL_PERSON_ORGANIZATION ( #2923, #637, #768 ) ;
#2391 = DIRECTION ( 'NONE',  ( -1.000000000000000000, 0.000000000000000000, 0.000000000000000000 ) ) ;
#2392 = ORIENTED_EDGE ( 'NONE', *, *, #2243, .F. ) ;
#2393 = CARTESIAN_POINT ( 'NONE',  ( 50.00000000000000000, -23.99999999999999645, 15.79999999999999893 ) ) ;
#2394 = FACE_OUTER_BOUND ( 'NONE', #11, .T. ) ;
#2395 = EDGE_CURVE ( 'NONE', #3068, #1077, #2910, .T. ) ;
#2396 = FACE_OUTER_BOUND ( 'NONE', #308, .T. ) ;
#2397 = DIRECTION ( 'NONE',  ( 1.000000000000000000, 1.577021341797098053E-16, 0.000000000000000000 ) ) ;
#2398 = LINE ( 'NONE', #2737, #2513 ) ;
#2399 = DIRECTION ( 'NONE',  ( 0.000000000000000000, 1.000000000000000000, -0.000000000000000000 ) ) ;
#2400 = EDGE_LOOP ( 'NONE', ( #1047, #2861, #1463, #1540 ) ) ;
#2401 = ORIENTED_EDGE ( 'NONE', *, *, #3944, .T. ) ;
#2402 = DIRECTION ( 'NONE',  ( 0.000000000000000000, 0.000000000000000000, 1.000000000000000000 ) ) ;
#2403 = CARTESIAN_POINT ( 'NONE',  ( 48.50000000000000000, -28.50000000000000000, 13.29999999999999893 ) ) ;
#2404 = ORIENTED_EDGE ( 'NONE', *, *, #954, .F. ) ;
#2405 = EDGE_CURVE ( 'NONE', #157, #638, #2640, .T. ) ;
#2406 = CARTESIAN_POINT ( 'NONE',  ( 21.00000000000000000, -26.00000000000000355, 13.29999999999999893 ) ) ;
#2407 = ORIENTED_EDGE ( 'NONE', *, *, #1732, .T. ) ;
#2408 = CARTESIAN_POINT ( 'NONE',  ( -52.50000000000000000, -65.00000000000000000, 25.00000000000000000 ) ) ;
#2409 = CARTESIAN_POINT ( 'NONE',  ( -50.50000000000000000, -23.99999999999999645, 2.000000000000000000 ) ) ;
#2410 = VECTOR ( 'NONE', #1575, 1000.000000000000000 ) ;
#2411 = EDGE_CURVE ( 'NONE', #3360, #362, #2035, .T. ) ;
#2412 = ORIENTED_EDGE ( 'NONE', *, *, #1453, .T. ) ;
#2413 = CARTESIAN_POINT ( 'NONE',  ( 40.80000000000000426, -46.00000000000000000, 25.00000000000000000 ) ) ;
#2414 = EDGE_CURVE ( 'NONE', #1829, #775, #1738, .T. ) ;
#2415 = DIRECTION ( 'NONE',  ( -0.000000000000000000, -0.000000000000000000, 1.000000000000000000 ) ) ;
#2416 = CARTESIAN_POINT ( 'NONE',  ( 46.50000000000000000, -24.00000000000000000, 15.00000000000000000 ) ) ;
#2417 = CARTESIAN_POINT ( 'NONE',  ( -48.50000000000000000, -28.50000000000000000, 16.69999999999999929 ) ) ;
#2418 = ORIENTED_EDGE ( 'NONE', *, *, #2076, .T. ) ;
#2419 = ORIENTED_EDGE ( 'NONE', *, *, #1075, .T. ) ;
#2420 = CARTESIAN_POINT ( 'NONE',  ( 42.50000000000000000, -65.00000000000000000, 25.00000000000000000 ) ) ;
#2421 = ORIENTED_EDGE ( 'NONE', *, *, #2854, .T. ) ;
#2422 = DIRECTION ( 'NONE',  ( 1.577021341797098053E-16, -1.000000000000000000, 0.000000000000000000 ) ) ;
#2423 = DIRECTION ( 'NONE',  ( 1.000000000000000000, 0.000000000000000000, 0.000000000000000000 ) ) ;
#2424 = ORIENTED_EDGE ( 'NONE', *, *, #1531, .F. ) ;
#2425 = DIRECTION ( 'NONE',  ( 0.000000000000000000, 0.000000000000000000, -1.000000000000000000 ) ) ;
#2426 = ORIENTED_EDGE ( 'NONE', *, *, #3848, .T. ) ;
#2427 = DIRECTION ( 'NONE',  ( -0.000000000000000000, -0.000000000000000000, 1.000000000000000000 ) ) ;
#2428 = FACE_BOUND ( 'NONE', #2145, .T. ) ;
#2429 = AXIS2_PLACEMENT_3D ( 'NONE', #3215, #1692, #1973 ) ;
#2430 = VECTOR ( 'NONE', #1446, 1000.000000000000000 ) ;
#2431 = FACE_OUTER_BOUND ( 'NONE', #1487, .T. ) ;
#2432 = ORIENTED_EDGE ( 'NONE', *, *, #202, .F. ) ;
#2433 = PERSON_AND_ORGANIZATION ( #3943, #3727 ) ;
#2434 = AXIS2_PLACEMENT_3D ( 'NONE', #152, #2873, #3725 ) ;
#2435 = EDGE_CURVE ( 'NONE', #203, #3385, #1477, .T. ) ;
#2436 = VECTOR ( 'NONE', #2397, 1000.000000000000000 ) ;
#2437 = DIRECTION ( 'NONE',  ( 0.000000000000000000, -0.000000000000000000, -1.000000000000000000 ) ) ;
#2438 = LINE ( 'NONE', #900, #3281 ) ;
#2439 = DIRECTION ( 'NONE',  ( 0.000000000000000000, 0.000000000000000000, -1.000000000000000000 ) ) ;
#2440 = EDGE_CURVE ( 'NONE', #490, #3952, #246, .T. ) ;
#2441 = ORIENTED_EDGE ( 'NONE', *, *, #446, .F. ) ;
#2442 = AXIS2_PLACEMENT_3D ( 'NONE', #1950, #2590, #2305 ) ;
#2443 = ORIENTED_EDGE ( 'NONE', *, *, #3869, .F. ) ;
#2444 = CARTESIAN_POINT ( 'NONE',  ( -50.00000000000000000, -26.00000000000000000, 35.00000000000000000 ) ) ;
#2445 = AXIS2_PLACEMENT_3D ( 'NONE', #3506, #756, #1379 ) ;
#2446 = CYLINDRICAL_SURFACE ( 'NONE', #2192, 1.700000000000000178 ) ;
#2447 = ORIENTED_EDGE ( 'NONE', *, *, #1633, .T. ) ;
#2448 = AXIS2_PLACEMENT_3D ( 'NONE', #844, #2080, #3061 ) ;
#2449 = ORIENTED_EDGE ( 'NONE', *, *, #31, .T. ) ;
#2450 = FACE_OUTER_BOUND ( 'NONE', #3887, .T. ) ;
#2451 = FACE_BOUND ( 'NONE', #807, .T. ) ;
#2452 = LOCAL_TIME ( 17, 41, 7.000000000000000000, #586 ) ;
#2453 = EDGE_LOOP ( 'NONE', ( #3938, #427, #902, #1479 ) ) ;
#2454 = CARTESIAN_POINT ( 'NONE',  ( 15.37273248786049962, -20.81363375606980171, 33.00000000000000000 ) ) ;
#2455 = VERTEX_POINT ( 'NONE', #3376 ) ;
#2456 = EDGE_CURVE ( 'NONE', #3477, #2685, #3648, .T. ) ;
#2457 = DIRECTION ( 'NONE',  ( 0.000000000000000000, -1.000000000000000000, 0.000000000000000000 ) ) ;
#2458 = LINE ( 'NONE', #3674, #651 ) ;
#2459 = CIRCLE ( 'NONE', #1113, 1.700000000000000178 ) ;
#2460 = FACE_OUTER_BOUND ( 'NONE', #1275, .T. ) ;
#2461 = ORIENTED_EDGE ( 'NONE', *, *, #1408, .T. ) ;
#2462 = EDGE_CURVE ( 'NONE', #1298, #3003, #3060, .T. ) ;
#2463 = ORIENTED_EDGE ( 'NONE', *, *, #1361, .T. ) ;
#2464 = EDGE_CURVE ( 'NONE', #3608, #2810, #2758, .T. ) ;
#2465 = EDGE_LOOP ( 'NONE', ( #1117, #3097, #1439, #2424 ) ) ;
#2466 = CARTESIAN_POINT ( 'NONE',  ( 42.50000000000000000, -27.50000000000000000, 25.00000000000000000 ) ) ;
#2467 = DIRECTION ( 'NONE',  ( -0.000000000000000000, 1.000000000000000000, -0.000000000000000000 ) ) ;
#2468 = VERTEX_POINT ( 'NONE', #3019 ) ;
#2469 = ADVANCED_FACE ( 'NONE', ( #1532 ), #874, .F. ) ;
#2470 = EDGE_LOOP ( 'NONE', ( #2260, #1680, #1517, #1501, #1832 ) ) ;
#2471 = CARTESIAN_POINT ( 'NONE',  ( 15.37273248786049962, -22.36027302703473296, 2.000000000000000000 ) ) ;
#2472 = LINE ( 'NONE', #3687, #2057 ) ;
#2473 = ORIENTED_EDGE ( 'NONE', *, *, #3494, .T. ) ;
#2474 = CARTESIAN_POINT ( 'NONE',  ( -48.50000000000000000, -28.50000000000000000, 13.29999999999999893 ) ) ;
#2475 = CARTESIAN_POINT ( 'NONE',  ( -52.50000000000000000, -56.00000000000000000, 25.00000000000000000 ) ) ;
#2476 = CARTESIAN_POINT ( 'NONE',  ( 50.00000000000000000, -26.00000000000000000, 14.20000000000000107 ) ) ;
#2477 = CARTESIAN_POINT ( 'NONE',  ( -35.62010700774440153, -21.00000000000000000, 0.000000000000000000 ) ) ;
#2478 = VERTEX_POINT ( 'NONE', #1780 ) ;
#2479 = EDGE_CURVE ( 'NONE', #1576, #2884, #2502, .T. ) ;
#2480 = ORIENTED_EDGE ( 'NONE', *, *, #1906, .T. ) ;
#2481 = LINE ( 'NONE', #3403, #2693 ) ;
#2482 = PLANE ( 'NONE',  #2253 ) ;
#2483 = ORIENTED_EDGE ( 'NONE', *, *, #453, .T. ) ;
#2484 = EDGE_CURVE ( 'NONE', #2810, #3252, #3615, .T. ) ;
#2485 = EDGE_LOOP ( 'NONE', ( #3265, #3109, #904, #2548 ) ) ;
#2486 = LINE ( 'NONE', #2773, #2690 ) ;
#2487 = CARTESIAN_POINT ( 'NONE',  ( 42.50000000000000000, -46.00000000000000000, 35.00000000000000000 ) ) ;
#2488 = EDGE_CURVE ( 'NONE', #1258, #3574, #3949, .T. ) ;
#2489 = DIRECTION ( 'NONE',  ( 0.000000000000000000, 0.000000000000000000, 1.000000000000000000 ) ) ;
#2490 = ORIENTED_EDGE ( 'NONE', *, *, #3540, .F. ) ;
#2491 = CARTESIAN_POINT ( 'NONE',  ( -42.50000000000000000, -65.00000000000000000, 35.00000000000000000 ) ) ;
#2492 = LINE ( 'NONE', #3712, #2897 ) ;
#2493 = CIRCLE ( 'NONE', #1404, 1.558669055732368802 ) ;
#2494 = CARTESIAN_POINT ( 'NONE',  ( 21.02997904195361301, -19.54052895861646633, 0.000000000000000000 ) ) ;
#2495 = DIRECTION ( 'NONE',  ( -0.000000000000000000, -0.000000000000000000, -1.000000000000000000 ) ) ;
#2496 = ORIENTED_EDGE ( 'NONE', *, *, #2479, .F. ) ;
#2497 = VECTOR ( 'NONE', #3421, 1000.000000000000000 ) ;
#2498 = ORIENTED_EDGE ( 'NONE', *, *, #1927, .F. ) ;
#2499 = CARTESIAN_POINT ( 'NONE',  ( 14.37273248786049074, -22.36027302703469388, 0.000000000000000000 ) ) ;
#2500 = DIRECTION ( 'NONE',  ( 0.000000000000000000, -1.000000000000000000, 0.000000000000000000 ) ) ;
#2501 = CARTESIAN_POINT ( 'NONE',  ( -37.50000000000000711, 0.000000000000000000, 0.000000000000000000 ) ) ;
#2502 = CIRCLE ( 'NONE', #187, 1.558669055732368802 ) ;
#2503 = ORIENTED_EDGE ( 'NONE', *, *, #2756, .F. ) ;
#2504 = VECTOR ( 'NONE', #2508, 1000.000000000000000 ) ;
#2505 = ORIENTED_EDGE ( 'NONE', *, *, #3242, .T. ) ;
#2506 = CARTESIAN_POINT ( 'NONE',  ( -3.723505790279009631, -20.81363375606980171, 35.00000000000000000 ) ) ;
#2507 = ADVANCED_FACE ( 'NONE', ( #3913, #1840 ), #2998, .F. ) ;
#2508 = DIRECTION ( 'NONE',  ( 0.000000000000000000, -0.000000000000000000, 1.000000000000000000 ) ) ;
#2509 = AXIS2_PLACEMENT_3D ( 'NONE', #1747, #809, #257 ) ;
#2510 = VECTOR ( 'NONE', #2832, 1000.000000000000000 ) ;
#2511 = PLANE ( 'NONE',  #1230 ) ;
#2512 = EDGE_LOOP ( 'NONE', ( #3602, #1962, #421, #346 ) ) ;
#2513 = VECTOR ( 'NONE', #1801, 1000.000000000000000 ) ;
#2514 = EDGE_CURVE ( 'NONE', #601, #2455, #3837, .T. ) ;
#2515 = EDGE_CURVE ( 'NONE', #1657, #638, #60, .T. ) ;
#2516 = PRODUCT_DEFINITION_FORMATION_WITH_SPECIFIED_SOURCE ( '�', '', #2181, .NOT_KNOWN. ) ;
#2517 = CARTESIAN_POINT ( 'NONE',  ( -42.50000000000000000, -65.00000000000000000, 25.00000000000000000 ) ) ;
#2518 = DIRECTION ( 'NONE',  ( 1.000000000000000000, 0.000000000000000000, 0.000000000000000000 ) ) ;
#2519 = PLANE ( 'NONE',  #1360 ) ;
#2520 = ORIENTED_EDGE ( 'NONE', *, *, #3155, .T. ) ;
#2521 = CARTESIAN_POINT ( 'NONE',  ( -20.99999999999999645, -28.50000000000000000, 13.29999999999999893 ) ) ;
#2522 = DIRECTION ( 'NONE',  ( 0.000000000000000000, 0.000000000000000000, -1.000000000000000000 ) ) ;
#2523 = ORIENTED_EDGE ( 'NONE', *, *, #1323, .T. ) ;
#2524 = LINE ( 'NONE', #2582, #3365 ) ;
#2525 = CARTESIAN_POINT ( 'NONE',  ( 16.91937175882542732, -20.81363375606980171, 35.00000000000000000 ) ) ;
#2526 = CARTESIAN_POINT ( 'NONE',  ( -3.723505790279009631, -19.31363375606980171, 0.000000000000000000 ) ) ;
#2527 = ORIENTED_EDGE ( 'NONE', *, *, #3228, .T. ) ;
#2528 = ORIENTED_EDGE ( 'NONE', *, *, #2243, .T. ) ;
#2529 = DIRECTION ( 'NONE',  ( -1.000000000000000000, 0.000000000000000000, 0.000000000000000000 ) ) ;
#2530 = PLANE ( 'NONE',  #1217 ) ;
#2531 = ORIENTED_EDGE ( 'NONE', *, *, #1158, .T. ) ;
#2532 = EDGE_CURVE ( 'NONE', #2383, #3885, #1225, .T. ) ;
#2533 = CARTESIAN_POINT ( 'NONE',  ( -46.50000000000000000, -26.00000000000000355, 13.29999999999999893 ) ) ;
#2534 = ORIENTED_EDGE ( 'NONE', *, *, #2024, .T. ) ;
#2535 = DIRECTION ( 'NONE',  ( -0.000000000000000000, -0.000000000000000000, -1.000000000000000000 ) ) ;
#2536 = EDGE_CURVE ( 'NONE', #1677, #3932, #2135, .T. ) ;
#2537 = AXIS2_PLACEMENT_3D ( 'NONE', #3600, #1168, #1147 ) ;
#2538 = LINE ( 'NONE', #3451, #2698 ) ;
#2539 = DIRECTION ( 'NONE',  ( -1.000000000000000000, -0.000000000000000000, -0.000000000000000000 ) ) ;
#2540 = ORIENTED_EDGE ( 'NONE', *, *, #1069, .T. ) ;
#2541 = DIRECTION ( 'NONE',  ( -1.000000000000000000, 0.000000000000000000, 0.000000000000000000 ) ) ;
#2542 = EDGE_CURVE ( 'NONE', #3355, #459, #287, .T. ) ;
#2543 = EDGE_LOOP ( 'NONE', ( #2179, #953, #570, #749 ) ) ;
#2544 = CARTESIAN_POINT ( 'NONE',  ( -21.06143795201203517, -21.00000000000000000, 0.000000000000000000 ) ) ;
#2545 = DIRECTION ( 'NONE',  ( 1.000000000000000000, 0.000000000000000000, 0.000000000000000000 ) ) ;
#2546 = DIRECTION ( 'NONE',  ( 1.000000000000000000, 0.000000000000000000, 0.000000000000000000 ) ) ;
#2547 = ORIENTED_EDGE ( 'NONE', *, *, #3457, .T. ) ;
#2548 = ORIENTED_EDGE ( 'NONE', *, *, #54, .F. ) ;
#2549 = DIRECTION ( 'NONE',  ( 0.000000000000000000, -0.000000000000000000, -1.000000000000000000 ) ) ;
#2550 = CARTESIAN_POINT ( 'NONE',  ( -22.62010700774440153, -21.00000000000000000, 0.000000000000000000 ) ) ;
#2551 = ORIENTED_EDGE ( 'NONE', *, *, #2197, .F. ) ;
#2552 = LINE ( 'NONE', #781, #762 ) ;
#2553 = ORIENTED_EDGE ( 'NONE', *, *, #3874, .T. ) ;
#2554 = DIRECTION ( 'NONE',  ( 0.000000000000000000, 0.000000000000000000, 1.000000000000000000 ) ) ;
#2555 = ORIENTED_EDGE ( 'NONE', *, *, #3457, .F. ) ;
#2556 = DIRECTION ( 'NONE',  ( 1.000000000000000000, 0.000000000000000000, 0.000000000000000000 ) ) ;
#2557 = EDGE_CURVE ( 'NONE', #2310, #2682, #3357, .T. ) ;
#2558 = CARTESIAN_POINT ( 'NONE',  ( -55.00000000000000000, -56.00000000000000000, 35.00000000000000000 ) ) ;
#2559 = AXIS2_PLACEMENT_3D ( 'NONE', #1486, #2351, #2391 ) ;
#2560 = ORIENTED_EDGE ( 'NONE', *, *, #2980, .F. ) ;
#2561 = VECTOR ( 'NONE', #3811, 1000.000000000000000 ) ;
#2562 = ORIENTED_EDGE ( 'NONE', *, *, #2076, .F. ) ;
#2563 = DIRECTION ( 'NONE',  ( 1.000000000000000000, 0.000000000000000000, 0.000000000000000000 ) ) ;
#2564 = DIRECTION ( 'NONE',  ( -0.000000000000000000, -0.000000000000000000, 1.000000000000000000 ) ) ;
#2565 = EDGE_CURVE ( 'NONE', #3003, #2907, #2779, .T. ) ;
#2566 = CARTESIAN_POINT ( 'NONE',  ( -16.27649420972100103, -19.31363375606980171, 0.000000000000000000 ) ) ;
#2567 = EDGE_LOOP ( 'NONE', ( #2712, #3308, #2520, #436 ) ) ;
#2568 = CIRCLE ( 'NONE', #3269, 1.700000000000000178 ) ;
#2569 = ORIENTED_EDGE ( 'NONE', *, *, #74, .T. ) ;
#2570 = CARTESIAN_POINT ( 'NONE',  ( -3.723505790279009631, -20.81363375606980171, 2.000000000000000000 ) ) ;
#2571 = AXIS2_PLACEMENT_3D ( 'NONE', #1104, #147, #2356 ) ;
#2572 = FACE_OUTER_BOUND ( 'NONE', #2872, .T. ) ;
#2573 = LINE ( 'NONE', #2250, #207 ) ;
#2574 = ORIENTED_EDGE ( 'NONE', *, *, #2317, .T. ) ;
#2575 = CARTESIAN_POINT ( 'NONE',  ( -3.723505790279009631, -20.81363375606980171, 0.000000000000000000 ) ) ;
#2576 = AXIS2_PLACEMENT_3D ( 'NONE', #1192, #1519, #2163 ) ;
#2577 = VECTOR ( 'NONE', #3595, 1000.000000000000000 ) ;
#2578 = FACE_OUTER_BOUND ( 'NONE', #3756, .T. ) ;
#2579 = CARTESIAN_POINT ( 'NONE',  ( 32.02997904195360945, -19.54052895861646633, 0.000000000000000000 ) ) ;
#2580 = PLANE ( 'NONE',  #3282 ) ;
#2581 = EDGE_CURVE ( 'NONE', #2455, #2804, #1185, .T. ) ;
#2582 = CARTESIAN_POINT ( 'NONE',  ( -21.00000000000000000, -26.00000000000000355, 16.69999999999999929 ) ) ;
#2583 = DIRECTION ( 'NONE',  ( 0.000000000000000000, -1.000000000000000000, 0.000000000000000000 ) ) ;
#2584 = CARTESIAN_POINT ( 'NONE',  ( -50.50000000000000000, -23.99999999999999645, 2.000000000000000000 ) ) ;
#2585 = ORIENTED_EDGE ( 'NONE', *, *, #1826, .T. ) ;
#2586 = EDGE_CURVE ( 'NONE', #365, #16, #2113, .T. ) ;
#2587 = EDGE_CURVE ( 'NONE', #3454, #3918, #2879, .T. ) ;
#2588 = ORIENTED_EDGE ( 'NONE', *, *, #1375, .F. ) ;
#2589 = FACE_OUTER_BOUND ( 'NONE', #816, .T. ) ;
#2590 = DIRECTION ( 'NONE',  ( 0.000000000000000000, 0.000000000000000000, 1.000000000000000000 ) ) ;
#2591 = VERTEX_POINT ( 'NONE', #994 ) ;
#2592 = EDGE_CURVE ( 'NONE', #1527, #1994, #774, .T. ) ;
#2593 = LINE ( 'NONE', #2289, #3200 ) ;
#2594 = VERTEX_POINT ( 'NONE', #3120 ) ;
#2595 = DIRECTION ( 'NONE',  ( 0.000000000000000000, -0.000000000000000000, 1.000000000000000000 ) ) ;
#2596 = CARTESIAN_POINT ( 'NONE',  ( -16.27649420972100103, -20.81363375606980171, 0.000000000000000000 ) ) ;
#2597 = PERSON_AND_ORGANIZATION ( #3943, #3727 ) ;
#2598 = FACE_OUTER_BOUND ( 'NONE', #2739, .T. ) ;
#2599 = ORIENTED_EDGE ( 'NONE', *, *, #2173, .T. ) ;
#2600 = CARTESIAN_POINT ( 'NONE',  ( 14.37273248786049074, -22.36027302703469388, 35.00000000000000000 ) ) ;
#2601 = CARTESIAN_POINT ( 'NONE',  ( 52.50000000000000711, -26.00000000000000000, 0.000000000000000000 ) ) ;
#2602 = CIRCLE ( 'NONE', #2346, 1.700000000000000178 ) ;
#2603 = CARTESIAN_POINT ( 'NONE',  ( 50.50000000000000000, -23.99999999999999645, 33.00000000000000000 ) ) ;
#2604 = CC_DESIGN_PERSON_AND_ORGANIZATION_ASSIGNMENT ( #2055, #204, ( #2230 ) ) ;
#2605 = ORIENTED_EDGE ( 'NONE', *, *, #2146, .T. ) ;
#2606 = ORIENTED_EDGE ( 'NONE', *, *, #789, .T. ) ;
#2607 = DIRECTION ( 'NONE',  ( -1.000000000000000000, -0.000000000000000000, -0.000000000000000000 ) ) ;
#2608 = CARTESIAN_POINT ( 'NONE',  ( 48.50000000000000000, -26.00000000000000355, 15.00000000000000000 ) ) ;
#2609 = EDGE_CURVE ( 'NONE', #145, #1298, #3431, .T. ) ;
#2610 = ORIENTED_EDGE ( 'NONE', *, *, #81, .F. ) ;
#2611 = CARTESIAN_POINT ( 'NONE',  ( 52.50000000000000711, -26.00000000000000000, 10.00000000000000178 ) ) ;
#2612 = VERTEX_POINT ( 'NONE', #83 ) ;
#2613 = FACE_OUTER_BOUND ( 'NONE', #2992, .T. ) ;
#2614 = EDGE_CURVE ( 'NONE', #2682, #1067, #408, .T. ) ;
#2615 = CARTESIAN_POINT ( 'NONE',  ( 50.00000000000000000, -24.00000000000000000, 35.00000000000000000 ) ) ;
#2616 = LINE ( 'NONE', #2961, #85 ) ;
#2617 = LINE ( 'NONE', #2600, #3211 ) ;
#2618 = VECTOR ( 'NONE', #2972, 1000.000000000000000 ) ;
#2619 = DIRECTION ( 'NONE',  ( 0.000000000000000000, -0.000000000000000000, -1.000000000000000000 ) ) ;
#2620 = DIRECTION ( 'NONE',  ( 1.000000000000000000, 0.000000000000000000, -0.000000000000000000 ) ) ;
#2621 = ORIENTED_EDGE ( 'NONE', *, *, #3968, .T. ) ;
#2622 = VECTOR ( 'NONE', #500, 1000.000000000000000 ) ;
#2623 = ORIENTED_EDGE ( 'NONE', *, *, #2193, .T. ) ;
#2624 = PLANE ( 'NONE',  #2753 ) ;
#2625 = DIRECTION ( 'NONE',  ( -1.000000000000000000, -0.000000000000000000, -0.000000000000000000 ) ) ;
#2626 = AXIS2_PLACEMENT_3D ( 'NONE', #1191, #2422, #3640 ) ;
#2627 = VERTEX_POINT ( 'NONE', #958 ) ;
#2628 = CIRCLE ( 'NONE', #1804, 1.558669055732368802 ) ;
#2629 = EDGE_CURVE ( 'NONE', #259, #281, #1883, .T. ) ;
#2630 = LINE ( 'NONE', #3906, #1592 ) ;
#2631 = ORIENTED_EDGE ( 'NONE', *, *, #2405, .F. ) ;
#2632 = CARTESIAN_POINT ( 'NONE',  ( -42.50000000000000000, -65.00000000000000000, 35.00000000000000000 ) ) ;
#2633 = AXIS2_PLACEMENT_3D ( 'NONE', #2487, #321, #970 ) ;
#2634 = ADVANCED_FACE ( 'NONE', ( #424 ), #2862, .F. ) ;
#2635 = ADVANCED_FACE ( 'NONE', ( #2578 ), #3415, .T. ) ;
#2636 = AXIS2_PLACEMENT_3D ( 'NONE', #1564, #358, #733 ) ;
#2637 =( LENGTH_UNIT ( ) NAMED_UNIT ( * ) SI_UNIT ( .MILLI., .METRE. ) );
#2638 = LINE ( 'NONE', #3300, #213 ) ;
#2639 = AXIS2_PLACEMENT_3D ( 'NONE', #2678, #3539, #1146 ) ;
#2640 = LINE ( 'NONE', #788, #703 ) ;
#2641 = VECTOR ( 'NONE', #508, 1000.000000000000000 ) ;
#2642 = CARTESIAN_POINT ( 'NONE',  ( -42.50000000000000000, -27.49999999999999645, 35.00000000000000000 ) ) ;
#2643 = DIRECTION ( 'NONE',  ( -0.000000000000000000, 1.000000000000000000, -0.000000000000000000 ) ) ;
#2644 = ORIENTED_EDGE ( 'NONE', *, *, #2236, .F. ) ;
#2645 = LOCAL_TIME ( 17, 41, 7.000000000000000000, #1715 ) ;
#2646 = ORIENTED_EDGE ( 'NONE', *, *, #206, .T. ) ;
#2647 = CARTESIAN_POINT ( 'NONE',  ( -48.00000000000000000, -23.99999999999999645, 33.00000000000000000 ) ) ;
#2648 = LINE ( 'NONE', #2363, #776 ) ;
#2649 = CIRCLE ( 'NONE', #3035, 1.546639270964928370 ) ;
#2650 = VERTEX_POINT ( 'NONE', #726 ) ;
#2651 = FACE_BOUND ( 'NONE', #701, .T. ) ;
#2652 = ORIENTED_EDGE ( 'NONE', *, *, #2360, .T. ) ;
#2653 = DIRECTION ( 'NONE',  ( -0.000000000000000000, 1.000000000000000000, -0.000000000000000000 ) ) ;
#2654 = ORIENTED_EDGE ( 'NONE', *, *, #1634, .T. ) ;
#2655 = PERSON_AND_ORGANIZATION_ROLE ( 'design_supplier' ) ;
#2656 = EDGE_CURVE ( 'NONE', #1374, #3952, #3734, .T. ) ;
#2657 = CARTESIAN_POINT ( 'NONE',  ( 21.00000000000000000, -28.50000000000000000, 15.00000000000000000 ) ) ;
#2658 = CARTESIAN_POINT ( 'NONE',  ( 21.00000000000000000, -24.00000000000000000, 16.69999999999999929 ) ) ;
#2659 = CARTESIAN_POINT ( 'NONE',  ( 15.37273248786049962, -20.81363375606980171, 0.000000000000000000 ) ) ;
#2660 = CARTESIAN_POINT ( 'NONE',  ( -52.50000000000000000, -56.00000000000000000, 35.00000000000000000 ) ) ;
#2661 = ADVANCED_FACE ( 'NONE', ( #1349 ), #1573, .F. ) ;
#2662 = VERTEX_POINT ( 'NONE', #2175 ) ;
#2663 = VECTOR ( 'NONE', #1294, 1000.000000000000000 ) ;
#2664 = EDGE_LOOP ( 'NONE', ( #1693, #3480, #1457, #2871 ) ) ;
#2665 = CYLINDRICAL_SURFACE ( 'NONE', #2112, 1.459471041383532341 ) ;
#2666 = FACE_BOUND ( 'NONE', #318, .T. ) ;
#2667 = VECTOR ( 'NONE', #1281, 1000.000000000000000 ) ;
#2668 = EDGE_LOOP ( 'NONE', ( #2954, #87, #2222, #3011 ) ) ;
#2669 = FACE_OUTER_BOUND ( 'NONE', #813, .T. ) ;
#2670 = ORIENTED_EDGE ( 'NONE', *, *, #3439, .F. ) ;
#2671 = DIRECTION ( 'NONE',  ( 1.000000000000000000, 0.000000000000000000, 0.000000000000000000 ) ) ;
#2672 = ORIENTED_EDGE ( 'NONE', *, *, #526, .F. ) ;
#2673 = ORIENTED_EDGE ( 'NONE', *, *, #1900, .F. ) ;
#2674 = SECURITY_CLASSIFICATION_LEVEL ( 'unclassified' ) ;
#2675 = CARTESIAN_POINT ( 'NONE',  ( -48.50000000000000000, -24.00000000000000000, 15.00000000000000000 ) ) ;
#2676 = EDGE_CURVE ( 'NONE', #3541, #1362, #1958, .T. ) ;
#2677 = CARTESIAN_POINT ( 'NONE',  ( -55.00000000000000000, -26.00000000000000000, 10.00000000000000178 ) ) ;
#2678 = CARTESIAN_POINT ( 'NONE',  ( 48.50000000000000000, -26.00000000000000355, 15.00000000000000000 ) ) ;
#2679 = CARTESIAN_POINT ( 'NONE',  ( 42.50000000000000000, 14.00000000000000178, 33.00000000000000000 ) ) ;
#2680 = ORIENTED_EDGE ( 'NONE', *, *, #3853, .T. ) ;
#2681 = EDGE_CURVE ( 'NONE', #2103, #463, #38, .T. ) ;
#2682 = VERTEX_POINT ( 'NONE', #2213 ) ;
#2683 = DIRECTION ( 'NONE',  ( 1.000000000000000000, 0.000000000000000000, 0.000000000000000000 ) ) ;
#2684 = CARTESIAN_POINT ( 'NONE',  ( -55.00000000000000000, -26.00000000000000000, 10.00000000000000178 ) ) ;
#2685 = VERTEX_POINT ( 'NONE', #3182 ) ;
#2686 = CIRCLE ( 'NONE', #2559, 1.546639270964929924 ) ;
#2687 = DIRECTION ( 'NONE',  ( -0.000000000000000000, -0.000000000000000000, 1.000000000000000000 ) ) ;
#2688 = ORIENTED_EDGE ( 'NONE', *, *, #1783, .T. ) ;
#2689 = DIRECTION ( 'NONE',  ( 1.000000000000000000, 0.000000000000000000, 0.000000000000000000 ) ) ;
#2690 = VECTOR ( 'NONE', #2167, 1000.000000000000000 ) ;
#2691 = ORIENTED_EDGE ( 'NONE', *, *, #2004, .F. ) ;
#2692 = DIRECTION ( 'NONE',  ( -1.000000000000000000, 0.000000000000000000, 0.000000000000000000 ) ) ;
#2693 = VECTOR ( 'NONE', #655, 1000.000000000000000 ) ;
#2694 = VERTEX_POINT ( 'NONE', #1939 ) ;
#2695 = VECTOR ( 'NONE', #2319, 1000.000000000000000 ) ;
#2696 = CARTESIAN_POINT ( 'NONE',  ( 15.37273248786049962, -22.36027302703473296, 0.000000000000000000 ) ) ;
#2697 = CARTESIAN_POINT ( 'NONE',  ( 15.37273248786049962, -19.26699448510487045, 0.000000000000000000 ) ) ;
#2698 = VECTOR ( 'NONE', #1016, 1000.000000000000000 ) ;
#2699 = CARTESIAN_POINT ( 'NONE',  ( 46.50000000000000000, -24.00000000000000000, 13.29999999999999893 ) ) ;
#2700 = DIRECTION ( 'NONE',  ( 0.000000000000000000, -0.000000000000000000, -1.000000000000000000 ) ) ;
#2701 = CARTESIAN_POINT ( 'NONE',  ( -16.27649420972100103, -22.31363375606980171, 2.000000000000000000 ) ) ;
#2702 = AXIS2_PLACEMENT_3D ( 'NONE', #191, #3862, #3920 ) ;
#2703 = ORIENTED_EDGE ( 'NONE', *, *, #323, .T. ) ;
#2704 = EDGE_CURVE ( 'NONE', #3561, #1544, #2492, .T. ) ;
#2705 = AXIS2_PLACEMENT_3D ( 'NONE', #2880, #390, #727 ) ;
#2706 = ORIENTED_EDGE ( 'NONE', *, *, #3560, .T. ) ;
#2707 = LINE ( 'NONE', #1889, #1926 ) ;
#2708 = LINE ( 'NONE', #2102, #3847 ) ;
#2709 = ORIENTED_EDGE ( 'NONE', *, *, #1432, .F. ) ;
#2710 = EDGE_CURVE ( 'NONE', #2804, #2478, #3018, .T. ) ;
#2711 = CARTESIAN_POINT ( 'NONE',  ( -50.00000000000000000, -24.00000000000000000, 15.79999999999999893 ) ) ;
#2712 = ORIENTED_EDGE ( 'NONE', *, *, #2581, .F. ) ;
#2713 = LINE ( 'NONE', #2408, #2430 ) ;
#2714 = DIRECTION ( 'NONE',  ( 0.000000000000000000, 0.000000000000000000, 1.000000000000000000 ) ) ;
#2715 = EDGE_CURVE ( 'NONE', #610, #1152, #3213, .T. ) ;
#2716 = ORIENTED_EDGE ( 'NONE', *, *, #1272, .F. ) ;
#2717 = ORIENTED_EDGE ( 'NONE', *, *, #1157, .T. ) ;
#2718 = CARTESIAN_POINT ( 'NONE',  ( -47.50000000000000000, -50.00000000000000000, 25.00000000000000000 ) ) ;
#2719 = CARTESIAN_POINT ( 'NONE',  ( 21.00000000000000000, -26.00000000000000355, 16.69999999999999929 ) ) ;
#2720 = CARTESIAN_POINT ( 'NONE',  ( 50.00000000000000000, -24.00000000000000000, 15.79999999999999893 ) ) ;
#2721 = CARTESIAN_POINT ( 'NONE',  ( 19.00000000000000000, -26.00000000000000355, 13.29999999999999893 ) ) ;
#2722 = ORIENTED_EDGE ( 'NONE', *, *, #3248, .T. ) ;
#2723 = VERTEX_POINT ( 'NONE', #389 ) ;
#2724 = ORIENTED_EDGE ( 'NONE', *, *, #2755, .T. ) ;
#2725 = DIRECTION ( 'NONE',  ( 0.000000000000000000, 0.000000000000000000, 1.000000000000000000 ) ) ;
#2726 = CARTESIAN_POINT ( 'NONE',  ( 47.50000000000000000, -50.00000000000000000, 25.00000000000000000 ) ) ;
#2727 = VERTEX_POINT ( 'NONE', #1615 ) ;
#2728 = ORIENTED_EDGE ( 'NONE', *, *, #1397, .T. ) ;
#2729 = DIRECTION ( 'NONE',  ( -1.000000000000000000, -0.000000000000000000, -0.000000000000000000 ) ) ;
#2730 = EDGE_CURVE ( 'NONE', #3385, #3650, #2538, .T. ) ;
#2731 = CARTESIAN_POINT ( 'NONE',  ( -21.06143795201203517, -21.00000000000000000, 0.000000000000000000 ) ) ;
#2732 = VECTOR ( 'NONE', #569, 1000.000000000000000 ) ;
#2733 = ORIENTED_EDGE ( 'NONE', *, *, #2929, .F. ) ;
#2734 = EDGE_CURVE ( 'NONE', #3768, #495, #1154, .T. ) ;
#2735 = DIRECTION ( 'NONE',  ( 0.000000000000000000, -1.000000000000000000, 0.000000000000000000 ) ) ;
#2736 = DIRECTION ( 'NONE',  ( 0.000000000000000000, 0.000000000000000000, -1.000000000000000000 ) ) ;
#2737 = CARTESIAN_POINT ( 'NONE',  ( -55.00000000000000000, -56.00000000000000000, 25.00000000000000000 ) ) ;
#2738 = CARTESIAN_POINT ( 'NONE',  ( 34.02997904195360235, -21.00000000000000000, 0.000000000000000000 ) ) ;
#2739 = EDGE_LOOP ( 'NONE', ( #2088, #3065, #1807, #784 ) ) ;
#2740 = EDGE_LOOP ( 'NONE', ( #117, #2496, #846, #967 ) ) ;
#2741 = EDGE_LOOP ( 'NONE', ( #884, #3175, #1419, #3581 ) ) ;
#2742 = DIRECTION ( 'NONE',  ( -0.000000000000000000, 0.000000000000000000, -1.000000000000000000 ) ) ;
#2743 = CARTESIAN_POINT ( 'NONE',  ( 15.37273248786049962, -19.26699448510487045, 0.000000000000000000 ) ) ;
#2744 = ORIENTED_EDGE ( 'NONE', *, *, #1583, .T. ) ;
#2745 = EDGE_LOOP ( 'NONE', ( #2968, #2505, #675, #2404 ) ) ;
#2746 = CARTESIAN_POINT ( 'NONE',  ( 21.02997904195361301, -19.54052895861646633, 2.000000000000001776 ) ) ;
#2747 = FACE_OUTER_BOUND ( 'NONE', #1096, .T. ) ;
#2748 = VECTOR ( 'NONE', #3010, 1000.000000000000000 ) ;
#2749 = EDGE_CURVE ( 'NONE', #556, #718, #1811, .T. ) ;
#2750 = AXIS2_PLACEMENT_3D ( 'NONE', #3311, #814, #2689 ) ;
#2751 = CARTESIAN_POINT ( 'NONE',  ( -22.62010700774440153, -21.00000000000000000, 35.00000000000000000 ) ) ;
#2752 = VERTEX_POINT ( 'NONE', #3612 ) ;
#2753 = AXIS2_PLACEMENT_3D ( 'NONE', #778, #189, #3900 ) ;
#2754 = LINE ( 'NONE', #918, #2977 ) ;
#2755 = EDGE_CURVE ( 'NONE', #218, #1705, #3589, .T. ) ;
#2756 = EDGE_CURVE ( 'NONE', #3885, #880, #1369, .T. ) ;
#2757 = VECTOR ( 'NONE', #1166, 1000.000000000000000 ) ;
#2758 = LINE ( 'NONE', #2699, #1992 ) ;
#2759 = LINE ( 'NONE', #3635, #139 ) ;
#2760 = DIRECTION ( 'NONE',  ( -0.000000000000000000, -0.000000000000000000, 1.000000000000000000 ) ) ;
#2761 = ORIENTED_EDGE ( 'NONE', *, *, #3772, .T. ) ;
#2762 = VECTOR ( 'NONE', #3038, 1000.000000000000000 ) ;
#2763 = EDGE_CURVE ( 'NONE', #2806, #1465, #160, .T. ) ;
#2764 = VERTEX_POINT ( 'NONE', #1388 ) ;
#2765 = LINE ( 'NONE', #8, #3428 ) ;
#2766 = ORIENTED_EDGE ( 'NONE', *, *, #2411, .F. ) ;
#2767 = CARTESIAN_POINT ( 'NONE',  ( 16.91937175882542732, -20.81363375606980171, 33.00000000000000000 ) ) ;
#2768 = VECTOR ( 'NONE', #2874, 1000.000000000000000 ) ;
#2769 = PLANE ( 'NONE',  #2576 ) ;
#2770 = EDGE_LOOP ( 'NONE', ( #978, #1664, #742, #2421 ) ) ;
#2771 = AXIS2_PLACEMENT_3D ( 'NONE', #131, #1315, #2546 ) ;
#2772 = ORIENTED_EDGE ( 'NONE', *, *, #2146, .F. ) ;
#2773 = CARTESIAN_POINT ( 'NONE',  ( 37.50000000000000711, -51.00000000000000000, 25.00000000000000000 ) ) ;
#2774 = CYLINDRICAL_SURFACE ( 'NONE', #1545, 1.546639270964928370 ) ;
#2775 = DIRECTION ( 'NONE',  ( -0.000000000000000000, 0.000000000000000000, 1.000000000000000000 ) ) ;
#2776 = ORIENTED_EDGE ( 'NONE', *, *, #3786, .F. ) ;
#2777 = CC_DESIGN_DATE_AND_TIME_ASSIGNMENT ( #625, #2153, ( #2837 ) ) ;
#2778 = DIRECTION ( 'NONE',  ( 1.000000000000000000, 0.000000000000000000, 0.000000000000000000 ) ) ;
#2779 = LINE ( 'NONE', #3929, #3272 ) ;
#2780 = EDGE_CURVE ( 'NONE', #1795, #1974, #3828, .T. ) ;
#2781 = DIRECTION ( 'NONE',  ( -0.000000000000000000, -1.000000000000000000, -0.000000000000000000 ) ) ;
#2782 = DIRECTION ( 'NONE',  ( 1.000000000000000000, 0.000000000000000000, 0.000000000000000000 ) ) ;
#2783 = ORIENTED_EDGE ( 'NONE', *, *, #879, .T. ) ;
#2784 = VERTEX_POINT ( 'NONE', #3794 ) ;
#2785 = DIRECTION ( 'NONE',  ( 0.000000000000000000, 0.000000000000000000, 1.000000000000000000 ) ) ;
#2786 = ADVANCED_FACE ( 'NONE', ( #143 ), #3014, .F. ) ;
#2787 = LINE ( 'NONE', #46, #2316 ) ;
#2788 = VERTEX_POINT ( 'NONE', #3812 ) ;
#2789 = EDGE_LOOP ( 'NONE', ( #1209, #2195, #2473, #266 ) ) ;
#2790 = FACE_OUTER_BOUND ( 'NONE', #3201, .T. ) ;
#2791 = CARTESIAN_POINT ( 'NONE',  ( 21.00000000000000000, -28.50000000000000000, 13.29999999999999893 ) ) ;
#2792 = VECTOR ( 'NONE', #3502, 1000.000000000000000 ) ;
#2793 = VERTEX_POINT ( 'NONE', #3331 ) ;
#2794 = CARTESIAN_POINT ( 'NONE',  ( -23.62010700774437666, -19.44133094426762653, 35.00000000000000000 ) ) ;
#2795 = CARTESIAN_POINT ( 'NONE',  ( 0.000000000000000000, -56.00000000000000000, 0.000000000000000000 ) ) ;
#2796 = CARTESIAN_POINT ( 'NONE',  ( -50.00000000000000000, 19.00000000000000000, 0.000000000000000000 ) ) ;
#2797 = DIRECTION ( 'NONE',  ( -0.000000000000000000, -0.000000000000000000, 1.000000000000000000 ) ) ;
#2798 = VERTEX_POINT ( 'NONE', #1078 ) ;
#2799 = EDGE_CURVE ( 'NONE', #3441, #175, #2314, .T. ) ;
#2800 = VERTEX_POINT ( 'NONE', #3910 ) ;
#2801 = CARTESIAN_POINT ( 'NONE',  ( -19.00000000000000000, -28.50000000000000000, 13.29999999999999893 ) ) ;
#2802 = CARTESIAN_POINT ( 'NONE',  ( 2.372732487860489847, -19.26699448510487045, 0.000000000000000000 ) ) ;
#2803 = FACE_OUTER_BOUND ( 'NONE', #2485, .T. ) ;
#2804 = VERTEX_POINT ( 'NONE', #3629 ) ;
#2805 = ADVANCED_FACE ( 'NONE', ( #765 ), #2372, .F. ) ;
#2806 = VERTEX_POINT ( 'NONE', #836 ) ;
#2807 = CARTESIAN_POINT ( 'NONE',  ( -19.00000000000000000, -24.00000000000000000, 13.29999999999999893 ) ) ;
#2808 = FACE_BOUND ( 'NONE', #657, .T. ) ;
#2809 = CARTESIAN_POINT ( 'NONE',  ( -47.50000000000000000, -50.00000000000000000, 35.00000000000000000 ) ) ;
#2810 = VERTEX_POINT ( 'NONE', #2275 ) ;
#2811 = VECTOR ( 'NONE', #498, 1000.000000000000000 ) ;
#2812 = AXIS2_PLACEMENT_3D ( 'NONE', #3824, #1072, #2554 ) ;
#2813 = DIRECTION ( 'NONE',  ( -0.000000000000000000, 1.000000000000000000, -0.000000000000000000 ) ) ;
#2814 = DIRECTION ( 'NONE',  ( -1.000000000000000000, 0.000000000000000000, -0.000000000000000000 ) ) ;
#2815 = CIRCLE ( 'NONE', #2242, 1.700000000000000178 ) ;
#2816 = DIRECTION ( 'NONE',  ( -0.000000000000000000, -0.000000000000000000, -1.000000000000000000 ) ) ;
#2817 = ORIENTED_EDGE ( 'NONE', *, *, #1102, .T. ) ;
#2818 = AXIS2_PLACEMENT_3D ( 'NONE', #2869, #1023, #109 ) ;
#2819 = VERTEX_POINT ( 'NONE', #264 ) ;
#2820 = LINE ( 'NONE', #3481, #544 ) ;
#2821 = CARTESIAN_POINT ( 'NONE',  ( 32.02997904195360945, -22.45947104138353012, 35.00000000000000000 ) ) ;
#2822 = CYLINDRICAL_SURFACE ( 'NONE', #2771, 1.700000000000000178 ) ;
#2823 = VECTOR ( 'NONE', #2114, 1000.000000000000000 ) ;
#2824 = ADVANCED_FACE ( 'NONE', ( #3514 ), #3497, .F. ) ;
#2825 = ORIENTED_EDGE ( 'NONE', *, *, #2756, .T. ) ;
#2826 = VECTOR ( 'NONE', #349, 1000.000000000000000 ) ;
#2827 = ORIENTED_EDGE ( 'NONE', *, *, #284, .F. ) ;
#2828 = LINE ( 'NONE', #1299, #3015 ) ;
#2829 = DIRECTION ( 'NONE',  ( 0.000000000000000000, 0.000000000000000000, 1.000000000000000000 ) ) ;
#2830 = EDGE_CURVE ( 'NONE', #3305, #2591, #3716, .T. ) ;
#2831 = VECTOR ( 'NONE', #435, 1000.000000000000000 ) ;
#2832 = DIRECTION ( 'NONE',  ( 1.000000000000000000, 0.000000000000000000, 0.000000000000000000 ) ) ;
#2833 = ORIENTED_EDGE ( 'NONE', *, *, #170, .F. ) ;
#2834 = DIRECTION ( 'NONE',  ( 0.000000000000000000, 1.000000000000000000, 0.000000000000000000 ) ) ;
#2835 = AXIS2_PLACEMENT_3D ( 'NONE', #351, #2781, #1186 ) ;
#2836 = EDGE_CURVE ( 'NONE', #2594, #490, #3198, .T. ) ;
#2837 = SECURITY_CLASSIFICATION ( '', '', #2674 ) ;
#2838 = CARTESIAN_POINT ( 'NONE',  ( -22.62010700774440153, -21.00000000000000000, 0.000000000000000000 ) ) ;
#2839 = AXIS2_PLACEMENT_3D ( 'NONE', #2751, #1199, #1222 ) ;
#2840 = DIRECTION ( 'NONE',  ( 1.000000000000000000, 0.000000000000000000, 0.000000000000000000 ) ) ;
#2841 = CARTESIAN_POINT ( 'NONE',  ( -37.50000000000000711, -51.00000000000000000, 25.00000000000000000 ) ) ;
#2842 = ORIENTED_EDGE ( 'NONE', *, *, #407, .T. ) ;
#2843 = FACE_BOUND ( 'NONE', #2928, .T. ) ;
#2844 = CARTESIAN_POINT ( 'NONE',  ( 46.50000000000000000, -28.50000000000000000, 13.29999999999999893 ) ) ;
#2845 = LINE ( 'NONE', #2802, #3709 ) ;
#2846 = CARTESIAN_POINT ( 'NONE',  ( 40.80000000000000426, -46.00000000000000000, 25.00000000000000000 ) ) ;
#2847 = ORIENTED_EDGE ( 'NONE', *, *, #3248, .F. ) ;
#2848 = AXIS2_PLACEMENT_3D ( 'NONE', #527, #2979, #228 ) ;
#2849 = FACE_OUTER_BOUND ( 'NONE', #604, .T. ) ;
#2850 = VERTEX_POINT ( 'NONE', #241 ) ;
#2851 = CYLINDRICAL_SURFACE ( 'NONE', #182, 1.700000000000000178 ) ;
#2852 = CARTESIAN_POINT ( 'NONE',  ( 21.02997904195361301, -20.99999999999999645, 35.00000000000000000 ) ) ;
#2853 = CIRCLE ( 'NONE', #2150, 1.700000000000000178 ) ;
#2854 = EDGE_CURVE ( 'NONE', #3424, #3838, #1466, .T. ) ;
#2855 = DIRECTION ( 'NONE',  ( -0.000000000000000000, 1.000000000000000000, -0.000000000000000000 ) ) ;
#2856 = EDGE_LOOP ( 'NONE', ( #3351, #791 ) ) ;
#2857 = CARTESIAN_POINT ( 'NONE',  ( -47.50000000000000000, -15.00000000000000000, 33.00000000000000000 ) ) ;
#2858 = CIRCLE ( 'NONE', #1115, 1.459471041383532341 ) ;
#2859 = ADVANCED_FACE ( 'NONE', ( #2394 ), #854, .F. ) ;
#2860 = AXIS2_PLACEMENT_3D ( 'NONE', #2477, #591, #1535 ) ;
#2861 = ORIENTED_EDGE ( 'NONE', *, *, #1150, .T. ) ;
#2862 = CYLINDRICAL_SURFACE ( 'NONE', #3590, 1.558669055732368802 ) ;
#2863 = CIRCLE ( 'NONE', #291, 1.546639270964928370 ) ;
#2864 = DIRECTION ( 'NONE',  ( 1.000000000000000000, 0.000000000000000000, 0.000000000000000000 ) ) ;
#2865 = ORIENTED_EDGE ( 'NONE', *, *, #2115, .T. ) ;
#2866 = FACE_BOUND ( 'NONE', #1825, .T. ) ;
#2867 = VERTEX_POINT ( 'NONE', #870 ) ;
#2868 = DIRECTION ( 'NONE',  ( -1.000000000000000000, 0.000000000000000000, 0.000000000000000000 ) ) ;
#2869 = CARTESIAN_POINT ( 'NONE',  ( -47.50000000000000000, -15.00000000000000000, 35.00000000000000000 ) ) ;
#2870 = DIRECTION ( 'NONE',  ( -0.000000000000000000, -0.000000000000000000, 1.000000000000000000 ) ) ;
#2871 = ORIENTED_EDGE ( 'NONE', *, *, #930, .T. ) ;
#2872 = EDGE_LOOP ( 'NONE', ( #3899, #2733, #1394, #3860, #102, #3679, #1395, #3039 ) ) ;
#2873 = DIRECTION ( 'NONE',  ( 0.000000000000000000, 0.000000000000000000, 1.000000000000000000 ) ) ;
#2874 = DIRECTION ( 'NONE',  ( 0.000000000000000000, 0.000000000000000000, 1.000000000000000000 ) ) ;
#2875 = FACE_OUTER_BOUND ( 'NONE', #3104, .T. ) ;
#2876 = VERTEX_POINT ( 'NONE', #583 ) ;
#2877 = CARTESIAN_POINT ( 'NONE',  ( -37.50000000000000711, -51.00000000000000000, 25.00000000000000000 ) ) ;
#2878 = EDGE_CURVE ( 'NONE', #1709, #499, #1792, .T. ) ;
#2879 = LINE ( 'NONE', #938, #2378 ) ;
#2880 = CARTESIAN_POINT ( 'NONE',  ( -35.62010700774440153, -21.00000000000000000, 0.000000000000000000 ) ) ;
#2881 = CIRCLE ( 'NONE', #1139, 1.459471041383532341 ) ;
#2882 = ADVANCED_FACE ( 'NONE', ( #2808, #2209, #380, #2451, #1220, #3670, #933, #2428, #3353 ), #3132, .F. ) ;
#2883 = EDGE_CURVE ( 'NONE', #2850, #757, #3336, .T. ) ;
#2884 = VERTEX_POINT ( 'NONE', #2731 ) ;
#2885 = CIRCLE ( 'NONE', #1073, 1.700000000000000178 ) ;
#2886 = CARTESIAN_POINT ( 'NONE',  ( 52.50000000000000000, -65.00000000000000000, 35.00000000000000000 ) ) ;
#2887 = DIRECTION ( 'NONE',  ( 0.000000000000000000, 0.000000000000000000, 1.000000000000000000 ) ) ;
#2888 = DIRECTION ( 'NONE',  ( -1.000000000000000000, 0.000000000000000000, -0.000000000000000000 ) ) ;
#2889 = EDGE_CURVE ( 'NONE', #1131, #3650, #1873, .T. ) ;
#2890 = ORIENTED_EDGE ( 'NONE', *, *, #1021, .T. ) ;
#2891 = VECTOR ( 'NONE', #1420, 1000.000000000000000 ) ;
#2892 = ORIENTED_EDGE ( 'NONE', *, *, #1284, .T. ) ;
#2893 = PLANE ( 'NONE',  #58 ) ;
#2894 = AXIS2_PLACEMENT_3D ( 'NONE', #1717, #3815, #487 ) ;
#2895 = CARTESIAN_POINT ( 'NONE',  ( -35.62010700774440153, -22.55866905573236991, 2.000000000000000000 ) ) ;
#2896 = ORIENTED_EDGE ( 'NONE', *, *, #2976, .F. ) ;
#2897 = VECTOR ( 'NONE', #1915, 1000.000000000000000 ) ;
#2898 = CARTESIAN_POINT ( 'NONE',  ( -48.50000000000000000, -24.00000000000000000, 13.29999999999999893 ) ) ;
#2899 = ORIENTED_EDGE ( 'NONE', *, *, #1900, .T. ) ;
#2900 = DIRECTION ( 'NONE',  ( -0.000000000000000000, -1.000000000000000000, -0.000000000000000000 ) ) ;
#2901 = CIRCLE ( 'NONE', #2702, 1.546639270964928370 ) ;
#2902 = VECTOR ( 'NONE', #3483, 1000.000000000000000 ) ;
#2903 = EDGE_CURVE ( 'NONE', #2594, #1374, #1586, .T. ) ;
#2904 = CARTESIAN_POINT ( 'NONE',  ( 52.50000000000000711, -26.00000000000000000, 0.000000000000000000 ) ) ;
#2905 = APPROVAL_STATUS ( 'not_yet_approved' ) ;
#2906 = VECTOR ( 'NONE', #665, 1000.000000000000000 ) ;
#2907 = VERTEX_POINT ( 'NONE', #678 ) ;
#2908 = ADVANCED_FACE ( 'NONE', ( #1911 ), #2774, .F. ) ;
#2909 = ORIENTED_EDGE ( 'NONE', *, *, #1606, .T. ) ;
#2910 = LINE ( 'NONE', #3538, #3143 ) ;
#2911 = DIRECTION ( 'NONE',  ( 0.000000000000000000, -0.000000000000000000, -1.000000000000000000 ) ) ;
#2912 = VERTEX_POINT ( 'NONE', #52 ) ;
#2913 = ADVANCED_FACE ( 'NONE', ( #14 ), #1278, .F. ) ;
#2914 = EDGE_LOOP ( 'NONE', ( #2120, #2981, #438, #78 ) ) ;
#2915 = DIRECTION ( 'NONE',  ( -1.000000000000000000, 0.000000000000000000, 0.000000000000000000 ) ) ;
#2916 = FACE_OUTER_BOUND ( 'NONE', #2745, .T. ) ;
#2917 = DIRECTION ( 'NONE',  ( -1.000000000000000000, -1.577021341797098053E-16, 0.000000000000000000 ) ) ;
#2918 = DIRECTION ( 'NONE',  ( 1.000000000000000000, 0.000000000000000000, 0.000000000000000000 ) ) ;
#2919 = ORIENTED_EDGE ( 'NONE', *, *, #2592, .T. ) ;
#2920 = LINE ( 'NONE', #3792, #1730 ) ;
#2921 = VERTEX_POINT ( 'NONE', #892 ) ;
#2922 = CARTESIAN_POINT ( 'NONE',  ( 15.37273248786049962, -22.36027302703473296, 0.000000000000000000 ) ) ;
#2923 = PERSON_AND_ORGANIZATION ( #3943, #3727 ) ;
#2924 = CARTESIAN_POINT ( 'NONE',  ( -42.50000000000000000, -37.50000000000000000, 25.00000000000000000 ) ) ;
#2925 = CARTESIAN_POINT ( 'NONE',  ( 42.50000000000000000, -65.00000000000000000, 35.00000000000000000 ) ) ;
#2926 = FACE_OUTER_BOUND ( 'NONE', #1771, .T. ) ;
#2927 = AXIS2_PLACEMENT_3D ( 'NONE', #1719, #3617, #3835 ) ;
#2928 = EDGE_LOOP ( 'NONE', ( #1218, #1788, #125, #2303, #480, #400 ) ) ;
#2929 = EDGE_CURVE ( 'NONE', #2342, #3631, #2472, .T. ) ;
#2930 = VERTEX_POINT ( 'NONE', #3095 ) ;
#2931 = LINE ( 'NONE', #535, #1668 ) ;
#2932 = LINE ( 'NONE', #1441, #1614 ) ;
#2933 = ORIENTED_EDGE ( 'NONE', *, *, #3419, .T. ) ;
#2934 = EDGE_CURVE ( 'NONE', #70, #3447, #3963, .T. ) ;
#2935 = CARTESIAN_POINT ( 'NONE',  ( -48.50000000000000000, -28.50000000000000000, 15.00000000000000000 ) ) ;
#2936 = CARTESIAN_POINT ( 'NONE',  ( -55.00000000000000000, -26.00000000000000000, 25.00000000000000000 ) ) ;
#2937 = VERTEX_POINT ( 'NONE', #2168 ) ;
#2938 = DIRECTION ( 'NONE',  ( 0.000000000000000000, 0.000000000000000000, -1.000000000000000000 ) ) ;
#2939 = CARTESIAN_POINT ( 'NONE',  ( -50.00000000000000000, -23.99999999999999645, 14.20000000000000107 ) ) ;
#2940 = LINE ( 'NONE', #229, #2185 ) ;
#2941 = VECTOR ( 'NONE', #1401, 1000.000000000000000 ) ;
#2942 = LINE ( 'NONE', #2964, #395 ) ;
#2943 = CARTESIAN_POINT ( 'NONE',  ( 42.50000000000000000, -41.00000000000000000, 35.00000000000000000 ) ) ;
#2944 = ORIENTED_EDGE ( 'NONE', *, *, #2587, .T. ) ;
#2945 = VECTOR ( 'NONE', #659, 1000.000000000000000 ) ;
#2946 = VERTEX_POINT ( 'NONE', #2791 ) ;
#2947 = FACE_BOUND ( 'NONE', #1359, .T. ) ;
#2948 = ADVANCED_FACE ( 'NONE', ( #3726 ), #3388, .F. ) ;
#2949 = CARTESIAN_POINT ( 'NONE',  ( -37.50000000000000711, -51.00000000000000000, 25.00000000000000000 ) ) ;
#2950 = VECTOR ( 'NONE', #1786, 1000.000000000000000 ) ;
#2951 = EDGE_LOOP ( 'NONE', ( #3130, #193, #3464, #1764 ) ) ;
#2952 = AXIS2_PLACEMENT_3D ( 'NONE', #859, #2457, #2437 ) ;
#2953 = CARTESIAN_POINT ( 'NONE',  ( -2.223505790279008298, -20.81363375606980171, 0.000000000000000000 ) ) ;
#2954 = ORIENTED_EDGE ( 'NONE', *, *, #101, .F. ) ;
#2955 = CARTESIAN_POINT ( 'NONE',  ( 50.00000000000000000, -26.00000000000000000, 15.79999999999999893 ) ) ;
#2956 = EDGE_CURVE ( 'NONE', #1148, #2930, #828, .T. ) ;
#2957 = ORIENTED_EDGE ( 'NONE', *, *, #1150, .F. ) ;
#2958 = VECTOR ( 'NONE', #1155, 1000.000000000000000 ) ;
#2959 = ADVANCED_FACE ( 'NONE', ( #2747 ), #364, .F. ) ;
#2960 = PERSON_AND_ORGANIZATION ( #3943, #3727 ) ;
#2961 = CARTESIAN_POINT ( 'NONE',  ( -48.00000000000000000, -22.55866905573236991, 2.000000000000000000 ) ) ;
#2962 = VECTOR ( 'NONE', #2116, 1000.000000000000000 ) ;
#2963 = CARTESIAN_POINT ( 'NONE',  ( -37.50000000000000711, -51.00000000000000000, 35.00000000000000000 ) ) ;
#2964 = CARTESIAN_POINT ( 'NONE',  ( 19.00000000000000000, -26.00000000000000355, 16.69999999999999929 ) ) ;
#2965 = DIRECTION ( 'NONE',  ( 0.000000000000000000, 0.000000000000000000, 1.000000000000000000 ) ) ;
#2966 = ORIENTED_EDGE ( 'NONE', *, *, #526, .T. ) ;
#2967 = VERTEX_POINT ( 'NONE', #3427 ) ;
#2968 = ORIENTED_EDGE ( 'NONE', *, *, #1658, .F. ) ;
#2969 = CARTESIAN_POINT ( 'NONE',  ( 14.37273248786049074, -19.26699448510482782, 0.000000000000000000 ) ) ;
#2970 = CARTESIAN_POINT ( 'NONE',  ( 2.372732487860489847, -22.36027302703473296, 0.000000000000000000 ) ) ;
#2971 = ORIENTED_EDGE ( 'NONE', *, *, #934, .T. ) ;
#2972 = DIRECTION ( 'NONE',  ( -0.000000000000000000, -1.000000000000000000, -0.000000000000000000 ) ) ;
#2973 = ORIENTED_EDGE ( 'NONE', *, *, #620, .T. ) ;
#2974 = CARTESIAN_POINT ( 'NONE',  ( 50.00000000000000000, 0.000000000000000000, 0.000000000000000000 ) ) ;
#2975 = ORIENTED_EDGE ( 'NONE', *, *, #1102, .F. ) ;
#2976 = EDGE_CURVE ( 'NONE', #2921, #254, #1197, .T. ) ;
#2977 = VECTOR ( 'NONE', #626, 1000.000000000000000 ) ;
#2978 = CARTESIAN_POINT ( 'NONE',  ( 15.37273248786049962, -20.81363375606980171, 0.000000000000000000 ) ) ;
#2979 = DIRECTION ( 'NONE',  ( -0.000000000000000000, -0.000000000000000000, 1.000000000000000000 ) ) ;
#2980 = EDGE_CURVE ( 'NONE', #3454, #3627, #153, .T. ) ;
#2981 = ORIENTED_EDGE ( 'NONE', *, *, #491, .T. ) ;
#2982 = DIRECTION ( 'NONE',  ( -0.000000000000000000, -0.000000000000000000, 1.000000000000000000 ) ) ;
#2983 = CARTESIAN_POINT ( 'NONE',  ( -21.06143795201203517, -21.00000000000000000, 33.00000000000000000 ) ) ;
#2984 = LINE ( 'NONE', #1802, #2152 ) ;
#2985 = ORIENTED_EDGE ( 'NONE', *, *, #2411, .T. ) ;
#2986 = VECTOR ( 'NONE', #1241, 1000.000000000000000 ) ;
#2987 = ORIENTED_EDGE ( 'NONE', *, *, #1577, .F. ) ;
#2988 = FACE_BOUND ( 'NONE', #777, .T. ) ;
#2989 = VECTOR ( 'NONE', #3319, 1000.000000000000000 ) ;
#2990 = DIRECTION ( 'NONE',  ( 0.000000000000000000, 0.000000000000000000, 1.000000000000000000 ) ) ;
#2991 = FACE_OUTER_BOUND ( 'NONE', #3773, .T. ) ;
#2992 = EDGE_LOOP ( 'NONE', ( #3189, #41, #2717, #3190 ) ) ;
#2993 = CARTESIAN_POINT ( 'NONE',  ( 37.50000000000000711, -51.00000000000000000, 35.00000000000000000 ) ) ;
#2994 = EDGE_LOOP ( 'NONE', ( #824, #3219, #2419, #3069, #2011, #3668, #378, #3888 ) ) ;
#2995 = DIRECTION ( 'NONE',  ( 0.000000000000000000, -0.000000000000000000, -1.000000000000000000 ) ) ;
#2996 = ORIENTED_EDGE ( 'NONE', *, *, #737, .F. ) ;
#2997 = LINE ( 'NONE', #3225, #917 ) ;
#2998 = PLANE ( 'NONE',  #2952 ) ;
#2999 = EDGE_CURVE ( 'NONE', #2186, #2350, #3525, .T. ) ;
#3000 = EDGE_CURVE ( 'NONE', #2685, #757, #2225, .T. ) ;
#3001 = CARTESIAN_POINT ( 'NONE',  ( -22.62010700774440153, -22.55866905573236991, 35.00000000000000000 ) ) ;
#3002 = CARTESIAN_POINT ( 'NONE',  ( -21.00000000000000000, -26.00000000000000355, 16.69999999999999929 ) ) ;
#3003 = VERTEX_POINT ( 'NONE', #779 ) ;
#3004 = DIRECTION ( 'NONE',  ( 0.000000000000000000, 1.000000000000000000, -0.000000000000000000 ) ) ;
#3005 = EDGE_LOOP ( 'NONE', ( #2766, #579, #342, #698 ) ) ;
#3006 = FACE_BOUND ( 'NONE', #3499, .T. ) ;
#3007 = EDGE_CURVE ( 'NONE', #2912, #3435, #190, .T. ) ;
#3008 = FACE_BOUND ( 'NONE', #1317, .T. ) ;
#3009 = ORIENTED_EDGE ( 'NONE', *, *, #3242, .F. ) ;
#3010 = DIRECTION ( 'NONE',  ( -1.000000000000000000, -0.000000000000000000, -0.000000000000000000 ) ) ;
#3011 = ORIENTED_EDGE ( 'NONE', *, *, #1699, .F. ) ;
#3012 = LINE ( 'NONE', #198, #3771 ) ;
#3013 = AXIS2_PLACEMENT_3D ( 'NONE', #3701, #2427, #602 ) ;
#3014 = CYLINDRICAL_SURFACE ( 'NONE', #3911, 1.500000000000001332 ) ;
#3015 = VECTOR ( 'NONE', #3170, 1000.000000000000000 ) ;
#3016 = EDGE_LOOP ( 'NONE', ( #1331, #214, #1385, #1551 ) ) ;
#3017 = AXIS2_PLACEMENT_3D ( 'NONE', #1512, #919, #2736 ) ;
#3018 = CIRCLE ( 'NONE', #1870, 1.700000000000000178 ) ;
#3019 = CARTESIAN_POINT ( 'NONE',  ( -16.27649420972100103, -19.31363375606980171, 33.00000000000000000 ) ) ;
#3020 = CARTESIAN_POINT ( 'NONE',  ( 19.57050800057007933, -20.99999999999999645, 35.00000000000000000 ) ) ;
#3021 = DIRECTION ( 'NONE',  ( 1.000000000000000000, 0.000000000000000000, 0.000000000000000000 ) ) ;
#3022 = VECTOR ( 'NONE', #3563, 1000.000000000000000 ) ;
#3023 = ORIENTED_EDGE ( 'NONE', *, *, #3301, .T. ) ;
#3024 = ADVANCED_FACE ( 'NONE', ( #3172 ), #137, .F. ) ;
#3025 = VECTOR ( 'NONE', #2321, 1000.000000000000000 ) ;
#3026 = VERTEX_POINT ( 'NONE', #1970 ) ;
#3027 = CARTESIAN_POINT ( 'NONE',  ( -19.00000000000000000, -26.00000000000000355, 15.00000000000000000 ) ) ;
#3028 = ORIENTED_EDGE ( 'NONE', *, *, #3927, .T. ) ;
#3029 = DIRECTION ( 'NONE',  ( 0.000000000000000000, 0.000000000000000000, -1.000000000000000000 ) ) ;
#3030 = LINE ( 'NONE', #3067, #3785 ) ;
#3031 = ORIENTED_EDGE ( 'NONE', *, *, #1432, .T. ) ;
#3032 = CC_DESIGN_SECURITY_CLASSIFICATION ( #2837, ( #2516 ) ) ;
#3033 = ADVANCED_FACE ( 'NONE', ( #1987 ), #2530, .T. ) ;
#3034 = EDGE_CURVE ( 'NONE', #3625, #145, #1352, .T. ) ;
#3035 = AXIS2_PLACEMENT_3D ( 'NONE', #2454, #345, #1896 ) ;
#3036 = EDGE_LOOP ( 'NONE', ( #1365, #3379, #127, #780 ) ) ;
#3037 = CARTESIAN_POINT ( 'NONE',  ( 42.50000000000000000, -27.49999999999999645, 35.00000000000000000 ) ) ;
#3038 = DIRECTION ( 'NONE',  ( 0.000000000000000000, 0.000000000000000000, 1.000000000000000000 ) ) ;
#3039 = ORIENTED_EDGE ( 'NONE', *, *, #2484, .T. ) ;
#3040 = DIRECTION ( 'NONE',  ( -1.000000000000000000, 0.000000000000000000, -0.000000000000000000 ) ) ;
#3041 = DIRECTION ( 'NONE',  ( 1.000000000000000000, 1.577021341797098053E-16, -0.000000000000000000 ) ) ;
#3042 = DIRECTION ( 'NONE',  ( 0.000000000000000000, 0.000000000000000000, -1.000000000000000000 ) ) ;
#3043 = DIRECTION ( 'NONE',  ( -0.000000000000000000, -0.000000000000000000, 1.000000000000000000 ) ) ;
#3044 = ORIENTED_EDGE ( 'NONE', *, *, #23, .F. ) ;
#3045 = VERTEX_POINT ( 'NONE', #3766 ) ;
#3046 = ORIENTED_EDGE ( 'NONE', *, *, #3732, .F. ) ;
#3047 = CARTESIAN_POINT ( 'NONE',  ( -3.723505790279010075, -22.31363375606980171, 35.00000000000000000 ) ) ;
#3048 = DIRECTION ( 'NONE',  ( 0.000000000000000000, 0.000000000000000000, -1.000000000000000000 ) ) ;
#3049 = ADVANCED_FACE ( 'NONE', ( #2572 ), #2287, .F. ) ;
#3050 = VERTEX_POINT ( 'NONE', #2895 ) ;
#3051 = DIRECTION ( 'NONE',  ( -1.000000000000000000, 0.000000000000000000, 0.000000000000000000 ) ) ;
#3052 = ORIENTED_EDGE ( 'NONE', *, *, #2889, .F. ) ;
#3053 = CARTESIAN_POINT ( 'NONE',  ( 19.00000000000000000, -26.00000000000000355, 13.29999999999999893 ) ) ;
#3054 = CARTESIAN_POINT ( 'NONE',  ( 42.50000000000000000, -56.00000000000000000, 25.00000000000000000 ) ) ;
#3055 = ADVANCED_FACE ( 'NONE', ( #402 ), #1627, .F. ) ;
#3056 = ADVANCED_FACE ( 'NONE', ( #114 ), #95, .F. ) ;
#3057 = LINE ( 'NONE', #1550, #2154 ) ;
#3058 = ORIENTED_EDGE ( 'NONE', *, *, #3559, .T. ) ;
#3059 = PLANE ( 'NONE',  #2334 ) ;
#3060 = LINE ( 'NONE', #548, #2757 ) ;
#3061 = DIRECTION ( 'NONE',  ( -1.000000000000000000, 0.000000000000000000, -0.000000000000000000 ) ) ;
#3062 = CYLINDRICAL_SURFACE ( 'NONE', #3623, 1.700000000000000178 ) ;
#3063 = ORIENTED_EDGE ( 'NONE', *, *, #1323, .F. ) ;
#3064 = ORIENTED_EDGE ( 'NONE', *, *, #2854, .F. ) ;
#3065 = ORIENTED_EDGE ( 'NONE', *, *, #1034, .F. ) ;
#3066 = LINE ( 'NONE', #2101, #1537 ) ;
#3067 = CARTESIAN_POINT ( 'NONE',  ( -48.00000000000000000, -19.26699448510482782, 33.00000000000000000 ) ) ;
#3068 = VERTEX_POINT ( 'NONE', #3192 ) ;
#3069 = ORIENTED_EDGE ( 'NONE', *, *, #2339, .T. ) ;
#3070 = DIRECTION ( 'NONE',  ( -1.000000000000000000, 0.000000000000000000, -0.000000000000000000 ) ) ;
#3071 = DIRECTION ( 'NONE',  ( 1.000000000000000000, 0.000000000000000000, 0.000000000000000000 ) ) ;
#3072 = VECTOR ( 'NONE', #557, 1000.000000000000000 ) ;
#3073 = ORIENTED_EDGE ( 'NONE', *, *, #2193, .F. ) ;
#3074 = EDGE_CURVE ( 'NONE', #1148, #3239, #1319, .T. ) ;
#3075 = DIRECTION ( 'NONE',  ( 0.000000000000000000, -1.000000000000000000, 0.000000000000000000 ) ) ;
#3076 = ORIENTED_EDGE ( 'NONE', *, *, #3149, .T. ) ;
#3077 = AXIS2_PLACEMENT_3D ( 'NONE', #2183, #2123, #613 ) ;
#3078 = CARTESIAN_POINT ( 'NONE',  ( -45.79999999999999716, -15.00000000000000000, 33.00000000000000000 ) ) ;
#3079 = EDGE_CURVE ( 'NONE', #2612, #513, #1666, .T. ) ;
#3080 = AXIS2_PLACEMENT_3D ( 'NONE', #2821, #2500, #89 ) ;
#3081 = DIRECTION ( 'NONE',  ( -0.000000000000000000, -0.000000000000000000, -1.000000000000000000 ) ) ;
#3082 = CARTESIAN_POINT ( 'NONE',  ( 42.50000000000000000, -65.00000000000000000, 25.00000000000000000 ) ) ;
#3083 = CARTESIAN_POINT ( 'NONE',  ( 19.00000000000000000, -24.00000000000000000, 13.29999999999999893 ) ) ;
#3084 = VERTEX_POINT ( 'NONE', #3234 ) ;
#3085 = VECTOR ( 'NONE', #1894, 1000.000000000000000 ) ;
#3086 = ORIENTED_EDGE ( 'NONE', *, *, #3808, .F. ) ;
#3087 = DIRECTION ( 'NONE',  ( 1.000000000000000000, 0.000000000000000000, 0.000000000000000000 ) ) ;
#3088 = DIRECTION ( 'NONE',  ( -1.000000000000000000, 0.000000000000000000, 0.000000000000000000 ) ) ;
#3089 = AXIS2_PLACEMENT_3D ( 'NONE', #2949, #3290, #217 ) ;
#3090 = CYLINDRICAL_SURFACE ( 'NONE', #3720, 1.500000000000001332 ) ;
#3091 = ORIENTED_EDGE ( 'NONE', *, *, #923, .F. ) ;
#3092 = CIRCLE ( 'NONE', #2705, 1.558669055732368802 ) ;
#3093 = ORIENTED_EDGE ( 'NONE', *, *, #1405, .F. ) ;
#3094 = DIRECTION ( 'NONE',  ( 0.000000000000000000, 0.000000000000000000, 1.000000000000000000 ) ) ;
#3095 = CARTESIAN_POINT ( 'NONE',  ( -49.20000000000000284, -15.00000000000000000, 33.00000000000000000 ) ) ;
#3096 = CARTESIAN_POINT ( 'NONE',  ( -37.50000000000000711, -41.00000000000000000, 35.00000000000000000 ) ) ;
#3097 = ORIENTED_EDGE ( 'NONE', *, *, #2197, .T. ) ;
#3098 = EDGE_CURVE ( 'NONE', #2142, #1546, #1008, .T. ) ;
#3099 = DIRECTION ( 'NONE',  ( -1.000000000000000000, 0.000000000000000000, 0.000000000000000000 ) ) ;
#3100 = CARTESIAN_POINT ( 'NONE',  ( -35.62010700774440153, -21.00000000000000000, 0.000000000000000000 ) ) ;
#3101 = CYLINDRICAL_SURFACE ( 'NONE', #2835, 1.700000000000000178 ) ;
#3102 = CARTESIAN_POINT ( 'NONE',  ( -52.50000000000000711, 19.00000000000000000, 0.000000000000000000 ) ) ;
#3103 = EDGE_CURVE ( 'NONE', #2350, #3424, #1032, .T. ) ;
#3104 = EDGE_LOOP ( 'NONE', ( #2644, #3207, #1886, #792 ) ) ;
#3105 = ORIENTED_EDGE ( 'NONE', *, *, #576, .T. ) ;
#3106 = CARTESIAN_POINT ( 'NONE',  ( -3.723505790279010075, -22.31363375606980171, 0.000000000000000000 ) ) ;
#3107 = DIRECTION ( 'NONE',  ( 0.000000000000000000, 0.000000000000000000, -1.000000000000000000 ) ) ;
#3108 = DIRECTION ( 'NONE',  ( 1.000000000000000000, 0.000000000000000000, 0.000000000000000000 ) ) ;
#3109 = ORIENTED_EDGE ( 'NONE', *, *, #2216, .T. ) ;
#3110 = ORIENTED_EDGE ( 'NONE', *, *, #1928, .T. ) ;
#3111 = LINE ( 'NONE', #319, #2945 ) ;
#3112 = DIRECTION ( 'NONE',  ( -0.000000000000000000, 0.000000000000000000, 1.000000000000000000 ) ) ;
#3113 = CIRCLE ( 'NONE', #1378, 1.459471041383532341 ) ;
#3114 = CYLINDRICAL_SURFACE ( 'NONE', #1691, 1.459471041383532341 ) ;
#3115 = ORIENTED_EDGE ( 'NONE', *, *, #1559, .F. ) ;
#3116 = AXIS2_PLACEMENT_3D ( 'NONE', #3002, #165, #2620 ) ;
#3117 = CARTESIAN_POINT ( 'NONE',  ( 52.50000000000000000, -56.00000000000000000, 25.00000000000000000 ) ) ;
#3118 = AXIS2_PLACEMENT_3D ( 'NONE', #2721, #289, #3417 ) ;
#3119 = ADVANCED_FACE ( 'NONE', ( #2916 ), #3821, .F. ) ;
#3120 = CARTESIAN_POINT ( 'NONE',  ( -35.62010700774440153, -19.44133094426763364, 0.000000000000000000 ) ) ;
#3121 = LINE ( 'NONE', #1326, #3407 ) ;
#3122 = ORIENTED_EDGE ( 'NONE', *, *, #74, .F. ) ;
#3123 = DIRECTION ( 'NONE',  ( 0.000000000000000000, -0.000000000000000000, 1.000000000000000000 ) ) ;
#3124 = EDGE_CURVE ( 'NONE', #218, #1784, #1286, .T. ) ;
#3125 = CARTESIAN_POINT ( 'NONE',  ( -42.50000000000000000, 14.00000000000000178, 33.00000000000000000 ) ) ;
#3126 = CARTESIAN_POINT ( 'NONE',  ( -16.27649420972100103, -22.31363375606980171, 0.000000000000000000 ) ) ;
#3127 = DIRECTION ( 'NONE',  ( 0.000000000000000000, 0.000000000000000000, 1.000000000000000000 ) ) ;
#3128 = ORIENTED_EDGE ( 'NONE', *, *, #1328, .T. ) ;
#3129 = ADVANCED_FACE ( 'NONE', ( #2328 ), #1173, .F. ) ;
#3130 = ORIENTED_EDGE ( 'NONE', *, *, #18, .F. ) ;
#3131 = CARTESIAN_POINT ( 'NONE',  ( 15.37273248786049962, -22.36027302703473296, 35.00000000000000000 ) ) ;
#3132 = PLANE ( 'NONE',  #704 ) ;
#3133 = DIRECTION ( 'NONE',  ( 0.000000000000000000, 0.000000000000000000, 1.000000000000000000 ) ) ;
#3134 = ORIENTED_EDGE ( 'NONE', *, *, #2066, .T. ) ;
#3135 = CARTESIAN_POINT ( 'NONE',  ( -42.50000000000000000, -46.00000000000000000, 35.00000000000000000 ) ) ;
#3136 = VECTOR ( 'NONE', #2202, 1000.000000000000000 ) ;
#3137 = VECTOR ( 'NONE', #3846, 1000.000000000000000 ) ;
#3138 = DIRECTION ( 'NONE',  ( -0.000000000000000000, -0.000000000000000000, 1.000000000000000000 ) ) ;
#3139 = DIRECTION ( 'NONE',  ( -1.000000000000000000, 0.000000000000000000, 0.000000000000000000 ) ) ;
#3140 = CYLINDRICAL_SURFACE ( 'NONE', #1356, 1.500000000000001332 ) ;
#3141 = ORIENTED_EDGE ( 'NONE', *, *, #3540, .T. ) ;
#3142 = CARTESIAN_POINT ( 'NONE',  ( 0.000000000000000000, -23.99999999999999645, 0.000000000000000000 ) ) ;
#3143 = VECTOR ( 'NONE', #1413, 1000.000000000000000 ) ;
#3144 = CARTESIAN_POINT ( 'NONE',  ( -52.50000000000000000, -65.00000000000000000, 25.00000000000000000 ) ) ;
#3145 = CARTESIAN_POINT ( 'NONE',  ( 47.50000000000000000, -50.00000000000000000, 25.00000000000000000 ) ) ;
#3146 = FACE_OUTER_BOUND ( 'NONE', #2127, .T. ) ;
#3147 = AXIS2_PLACEMENT_3D ( 'NONE', #1504, #2714, #560 ) ;
#3148 = ORIENTED_EDGE ( 'NONE', *, *, #3926, .F. ) ;
#3149 = EDGE_CURVE ( 'NONE', #2048, #3659, #2901, .T. ) ;
#3150 = EDGE_LOOP ( 'NONE', ( #273, #946, #3787, #3105 ) ) ;
#3151 = LINE ( 'NONE', #3744, #881 ) ;
#3152 = DIRECTION ( 'NONE',  ( -0.000000000000000000, -1.000000000000000000, -0.000000000000000000 ) ) ;
#3153 = ORIENTED_EDGE ( 'NONE', *, *, #3344, .T. ) ;
#3154 = CIRCLE ( 'NONE', #1818, 1.700000000000000178 ) ;
#3155 = EDGE_CURVE ( 'NONE', #601, #2478, #2648, .T. ) ;
#3156 = EDGE_CURVE ( 'NONE', #3917, #2867, #1112, .T. ) ;
#3157 = CARTESIAN_POINT ( 'NONE',  ( -50.00000000000000000, -26.00000000000000000, 14.20000000000000107 ) ) ;
#3158 = ORIENTED_EDGE ( 'NONE', *, *, #1485, .T. ) ;
#3159 = CARTESIAN_POINT ( 'NONE',  ( -48.00000000000000000, -19.54052895861646633, 2.000000000000000000 ) ) ;
#3160 = APPROVAL_PERSON_ORGANIZATION ( #2597, #97, #144 ) ;
#3161 = AXIS2_PLACEMENT_3D ( 'NONE', #2809, #2489, #56 ) ;
#3162 = DIRECTION ( 'NONE',  ( 1.000000000000000000, 0.000000000000000000, 0.000000000000000000 ) ) ;
#3163 = FACE_OUTER_BOUND ( 'NONE', #154, .T. ) ;
#3164 = ORIENTED_EDGE ( 'NONE', *, *, #3708, .F. ) ;
#3165 = CARTESIAN_POINT ( 'NONE',  ( 42.50000000000000000, -25.99999999999999645, 25.00000000000000000 ) ) ;
#3166 = CARTESIAN_POINT ( 'NONE',  ( -48.50000000000000000, -26.00000000000000355, 16.69999999999999929 ) ) ;
#3167 = DIRECTION ( 'NONE',  ( -1.000000000000000000, -1.577021341797098053E-16, 0.000000000000000000 ) ) ;
#3168 = VERTEX_POINT ( 'NONE', #3268 ) ;
#3169 = ORIENTED_EDGE ( 'NONE', *, *, #2405, .T. ) ;
#3170 = DIRECTION ( 'NONE',  ( -0.000000000000000000, -0.000000000000000000, 1.000000000000000000 ) ) ;
#3171 = EDGE_CURVE ( 'NONE', #2764, #3960, #3279, .T. ) ;
#3172 = FACE_OUTER_BOUND ( 'NONE', #2166, .T. ) ;
#3173 = ORIENTED_EDGE ( 'NONE', *, *, #3124, .T. ) ;
#3174 = CARTESIAN_POINT ( 'NONE',  ( -48.00000000000000000, -19.54052895861646633, 33.00000000000000000 ) ) ;
#3175 = ORIENTED_EDGE ( 'NONE', *, *, #3853, .F. ) ;
#3176 = DIRECTION ( 'NONE',  ( -0.000000000000000000, -0.000000000000000000, 1.000000000000000000 ) ) ;
#3177 = ADVANCED_FACE ( 'NONE', ( #3544 ), #794, .F. ) ;
#3178 = EDGE_CURVE ( 'NONE', #1773, #474, #2932, .T. ) ;
#3179 = CIRCLE ( 'NONE', #2537, 1.500000000000001332 ) ;
#3180 = ADVANCED_FACE ( 'NONE', ( #2348, #3008, #2666, #3251, #517 ), #1090, .F. ) ;
#3181 = ORIENTED_EDGE ( 'NONE', *, *, #1335, .F. ) ;
#3182 = CARTESIAN_POINT ( 'NONE',  ( 44.20000000000000284, -46.00000000000000000, 25.00000000000000000 ) ) ;
#3183 = AXIS2_PLACEMENT_3D ( 'NONE', #622, #2775, #935 ) ;
#3184 = DIRECTION ( 'NONE',  ( -1.000000000000000000, 0.000000000000000000, 0.000000000000000000 ) ) ;
#3185 = ORIENTED_EDGE ( 'NONE', *, *, #1051, .T. ) ;
#3186 = DIRECTION ( 'NONE',  ( -0.000000000000000000, 0.000000000000000000, 1.000000000000000000 ) ) ;
#3187 = DIRECTION ( 'NONE',  ( 0.000000000000000000, -1.000000000000000000, 0.000000000000000000 ) ) ;
#3188 = FACE_OUTER_BOUND ( 'NONE', #3707, .T. ) ;
#3189 = ORIENTED_EDGE ( 'NONE', *, *, #3927, .F. ) ;
#3190 = ORIENTED_EDGE ( 'NONE', *, *, #54, .T. ) ;
#3191 = DIRECTION ( 'NONE',  ( 0.000000000000000000, -0.000000000000000000, -1.000000000000000000 ) ) ;
#3192 = CARTESIAN_POINT ( 'NONE',  ( -55.00000000000000000, -28.50000000000000000, 25.00000000000000000 ) ) ;
#3193 = ORIENTED_EDGE ( 'NONE', *, *, #2830, .F. ) ;
#3194 = DIRECTION ( 'NONE',  ( -0.000000000000000000, -1.000000000000000000, -0.000000000000000000 ) ) ;
#3195 = VERTEX_POINT ( 'NONE', #2970 ) ;
#3196 = FACE_OUTER_BOUND ( 'NONE', #1169, .T. ) ;
#3197 = EDGE_CURVE ( 'NONE', #2290, #86, #1133, .T. ) ;
#3198 = LINE ( 'NONE', #1996, #584 ) ;
#3199 = DIRECTION ( 'NONE',  ( -0.000000000000000000, -0.000000000000000000, 1.000000000000000000 ) ) ;
#3200 = VECTOR ( 'NONE', #3509, 1000.000000000000000 ) ;
#3201 = EDGE_LOOP ( 'NONE', ( #3558, #1291, #2654, #3009 ) ) ;
#3202 = EDGE_CURVE ( 'NONE', #1030, #3907, #3593, .T. ) ;
#3203 = AXIS2_PLACEMENT_3D ( 'NONE', #3135, #118, #3749 ) ;
#3204 = DIRECTION ( 'NONE',  ( 0.000000000000000000, 0.000000000000000000, -1.000000000000000000 ) ) ;
#3205 = LINE ( 'NONE', #450, #1149 ) ;
#3206 = FACE_OUTER_BOUND ( 'NONE', #1536, .T. ) ;
#3207 = ORIENTED_EDGE ( 'NONE', *, *, #2878, .T. ) ;
#3208 = VECTOR ( 'NONE', #68, 1000.000000000000000 ) ;
#3209 = ORIENTED_EDGE ( 'NONE', *, *, #1381, .F. ) ;
#3210 = CARTESIAN_POINT ( 'NONE',  ( -37.50000000000000711, -51.00000000000000000, 35.00000000000000000 ) ) ;
#3211 = VECTOR ( 'NONE', #821, 1000.000000000000000 ) ;
#3212 = DIRECTION ( 'NONE',  ( -0.000000000000000000, -0.000000000000000000, -1.000000000000000000 ) ) ;
#3213 = CIRCLE ( 'NONE', #3651, 1.459471041383532341 ) ;
#3214 = DIRECTION ( 'NONE',  ( 0.000000000000000000, -1.000000000000000000, 0.000000000000000000 ) ) ;
#3215 = CARTESIAN_POINT ( 'NONE',  ( 42.50000000000000000, -46.00000000000000000, 35.00000000000000000 ) ) ;
#3216 = ORIENTED_EDGE ( 'NONE', *, *, #1001, .T. ) ;
#3217 = DIRECTION ( 'NONE',  ( -0.000000000000000000, -0.000000000000000000, 1.000000000000000000 ) ) ;
#3218 = AXIS2_PLACEMENT_3D ( 'NONE', #2659, #1739, #488 ) ;
#3219 = ORIENTED_EDGE ( 'NONE', *, *, #624, .T. ) ;
#3220 = DIRECTION ( 'NONE',  ( 1.000000000000000000, 0.000000000000000000, 0.000000000000000000 ) ) ;
#3221 = EDGE_CURVE ( 'NONE', #3627, #612, #3579, .T. ) ;
#3222 = ORIENTED_EDGE ( 'NONE', *, *, #453, .F. ) ;
#3223 = CYLINDRICAL_SURFACE ( 'NONE', #1491, 1.546639270964928370 ) ;
#3224 = AXIS2_PLACEMENT_3D ( 'NONE', #2232, #706, #2864 ) ;
#3225 = CARTESIAN_POINT ( 'NONE',  ( 52.50000000000000711, -26.00000000000000000, 0.000000000000000000 ) ) ;
#3226 = LINE ( 'NONE', #2925, #1604 ) ;
#3227 = EDGE_CURVE ( 'NONE', #1258, #3625, #646, .T. ) ;
#3228 = EDGE_CURVE ( 'NONE', #890, #3764, #2708, .T. ) ;
#3229 = LINE ( 'NONE', #2300, #1290 ) ;
#3230 = ORIENTED_EDGE ( 'NONE', *, *, #830, .T. ) ;
#3231 = EDGE_LOOP ( 'NONE', ( #188, #866, #1344, #3879 ) ) ;
#3232 = ORIENTED_EDGE ( 'NONE', *, *, #1951, .F. ) ;
#3233 = CARTESIAN_POINT ( 'NONE',  ( -42.50000000000000000, -56.00000000000000000, 35.00000000000000000 ) ) ;
#3234 = CARTESIAN_POINT ( 'NONE',  ( 21.00000000000000000, -24.00000000000000000, 13.29999999999999893 ) ) ;
#3235 = CYLINDRICAL_SURFACE ( 'NONE', #1068, 1.558669055732368802 ) ;
#3236 = LINE ( 'NONE', #3309, #2618 ) ;
#3237 = ORIENTED_EDGE ( 'NONE', *, *, #3007, .T. ) ;
#3238 = LINE ( 'NONE', #1714, #3137 ) ;
#3239 = VERTEX_POINT ( 'NONE', #476 ) ;
#3240 = DATE_TIME_ROLE ( 'creation_date' ) ;
#3241 = CARTESIAN_POINT ( 'NONE',  ( -3.723505790279009631, -19.31363375606980171, 0.000000000000000000 ) ) ;
#3242 = EDGE_CURVE ( 'NONE', #3946, #1848, #236, .T. ) ;
#3243 = PLANE ( 'NONE',  #2571 ) ;
#3244 = CARTESIAN_POINT ( 'NONE',  ( 34.02997904195360235, -19.54052895861647343, 35.00000000000000000 ) ) ;
#3245 = VECTOR ( 'NONE', #2760, 1000.000000000000000 ) ;
#3246 = CARTESIAN_POINT ( 'NONE',  ( 42.50000000000000000, 14.00000000000000178, 33.00000000000000000 ) ) ;
#3247 = ORIENTED_EDGE ( 'NONE', *, *, #347, .F. ) ;
#3248 = EDGE_CURVE ( 'NONE', #3592, #2907, #1741, .T. ) ;
#3249 = ORIENTED_EDGE ( 'NONE', *, *, #2883, .T. ) ;
#3250 = CARTESIAN_POINT ( 'NONE',  ( 15.37273248786049962, -20.81363375606980171, 0.000000000000000000 ) ) ;
#3251 = FACE_BOUND ( 'NONE', #99, .T. ) ;
#3252 = VERTEX_POINT ( 'NONE', #2403 ) ;
#3253 = EDGE_CURVE ( 'NONE', #157, #418, #3624, .T. ) ;
#3254 = CARTESIAN_POINT ( 'NONE',  ( -50.00000000000000000, -26.00000000000000000, 35.00000000000000000 ) ) ;
#3255 = ORIENTED_EDGE ( 'NONE', *, *, #2614, .F. ) ;
#3256 = DIRECTION ( 'NONE',  ( 1.000000000000000000, 0.000000000000000000, 0.000000000000000000 ) ) ;
#3257 = DATE_AND_TIME ( #3552, #2645 ) ;
#3258 = FACE_OUTER_BOUND ( 'NONE', #2138, .T. ) ;
#3259 = CARTESIAN_POINT ( 'NONE',  ( 40.80000000000000426, 14.00000000000000178, 33.00000000000000000 ) ) ;
#3260 = VECTOR ( 'NONE', #3790, 1000.000000000000000 ) ;
#3261 = PLANE ( 'NONE',  #1552 ) ;
#3262 = CARTESIAN_POINT ( 'NONE',  ( 50.50000000000000000, 19.00000000000000000, 33.00000000000000000 ) ) ;
#3263 = ORIENTED_EDGE ( 'NONE', *, *, #2435, .T. ) ;
#3264 = AXIS2_PLACEMENT_3D ( 'NONE', #3275, #2072, #2671 ) ;
#3265 = ORIENTED_EDGE ( 'NONE', *, *, #3007, .F. ) ;
#3266 = ORIENTED_EDGE ( 'NONE', *, *, #1837, .F. ) ;
#3267 = PLANE ( 'NONE',  #1600 ) ;
#3268 = CARTESIAN_POINT ( 'NONE',  ( 45.79999999999999716, -15.00000000000000000, 35.00000000000000000 ) ) ;
#3269 = AXIS2_PLACEMENT_3D ( 'NONE', #339, #1541, #3107 ) ;
#3270 = EDGE_CURVE ( 'NONE', #1891, #2752, #3721, .T. ) ;
#3271 = ORIENTED_EDGE ( 'NONE', *, *, #2749, .F. ) ;
#3272 = VECTOR ( 'NONE', #3041, 1000.000000000000000 ) ;
#3273 = LINE ( 'NONE', #519, #564 ) ;
#3274 = VERTEX_POINT ( 'NONE', #3641 ) ;
#3275 = CARTESIAN_POINT ( 'NONE',  ( 34.02997904195360235, -21.00000000000000000, 0.000000000000000000 ) ) ;
#3276 = EDGE_CURVE ( 'NONE', #2342, #1834, #886, .T. ) ;
#3277 = VECTOR ( 'NONE', #2149, 1000.000000000000000 ) ;
#3278 = ORIENTED_EDGE ( 'NONE', *, *, #2456, .F. ) ;
#3279 = CIRCLE ( 'NONE', #893, 1.459471041383532341 ) ;
#3280 = CYLINDRICAL_SURFACE ( 'NONE', #2848, 1.700000000000000178 ) ;
#3281 = VECTOR ( 'NONE', #860, 1000.000000000000000 ) ;
#3282 = AXIS2_PLACEMENT_3D ( 'NONE', #3890, #3537, #769 ) ;
#3283 = DIRECTION ( 'NONE',  ( 0.000000000000000000, 0.000000000000000000, 1.000000000000000000 ) ) ;
#3284 = LINE ( 'NONE', #2003, #1164 ) ;
#3285 = DIRECTION ( 'NONE',  ( 0.000000000000000000, 0.000000000000000000, 1.000000000000000000 ) ) ;
#3286 = ORIENTED_EDGE ( 'NONE', *, *, #2115, .F. ) ;
#3287 = DIRECTION ( 'NONE',  ( 1.000000000000000000, 0.000000000000000000, 0.000000000000000000 ) ) ;
#3288 = ORIENTED_EDGE ( 'NONE', *, *, #472, .F. ) ;
#3289 = CARTESIAN_POINT ( 'NONE',  ( -37.50000000000000711, -51.00000000000000000, 25.00000000000000000 ) ) ;
#3290 = DIRECTION ( 'NONE',  ( 0.000000000000000000, 1.000000000000000000, 0.000000000000000000 ) ) ;
#3291 = ORIENTED_EDGE ( 'NONE', *, *, #3079, .F. ) ;
#3292 = ADVANCED_FACE ( 'NONE', ( #1271 ), #2482, .F. ) ;
#3293 = LINE ( 'NONE', #2953, #1005 ) ;
#3294 = EDGE_LOOP ( 'NONE', ( #1704, #1071 ) ) ;
#3295 = DIRECTION ( 'NONE',  ( 0.000000000000000000, 0.000000000000000000, -1.000000000000000000 ) ) ;
#3296 = ORIENTED_EDGE ( 'NONE', *, *, #2592, .F. ) ;
#3297 = DIRECTION ( 'NONE',  ( 0.000000000000000000, 0.000000000000000000, 1.000000000000000000 ) ) ;
#3298 = EDGE_CURVE ( 'NONE', #360, #2798, #1499, .T. ) ;
#3299 = ADVANCED_FACE ( 'NONE', ( #10 ), #3364, .T. ) ;
#3300 = CARTESIAN_POINT ( 'NONE',  ( -21.00000000000000000, -28.50000000000000000, 13.29999999999999893 ) ) ;
#3301 = EDGE_CURVE ( 'NONE', #2727, #135, #3404, .T. ) ;
#3302 = CARTESIAN_POINT ( 'NONE',  ( 47.50000000000000000, -50.00000000000000000, 35.00000000000000000 ) ) ;
#3303 = DIRECTION ( 'NONE',  ( 1.000000000000000000, 0.000000000000000000, 0.000000000000000000 ) ) ;
#3304 = DIRECTION ( 'NONE',  ( 0.000000000000000000, 0.000000000000000000, -1.000000000000000000 ) ) ;
#3305 = VERTEX_POINT ( 'NONE', #656 ) ;
#3306 = FACE_BOUND ( 'NONE', #1593, .T. ) ;
#3307 = CARTESIAN_POINT ( 'NONE',  ( 15.37273248786049962, -20.81363375606980171, 0.000000000000000000 ) ) ;
#3308 = ORIENTED_EDGE ( 'NONE', *, *, #2514, .F. ) ;
#3309 = CARTESIAN_POINT ( 'NONE',  ( -19.00000000000000000, -26.00000000000000355, 16.69999999999999929 ) ) ;
#3310 = ORIENTED_EDGE ( 'NONE', *, *, #2338, .T. ) ;
#3311 = CARTESIAN_POINT ( 'NONE',  ( 34.02997904195360235, -21.00000000000000000, 0.000000000000000000 ) ) ;
#3312 = DIRECTION ( 'NONE',  ( 0.000000000000000000, 0.000000000000000000, -1.000000000000000000 ) ) ;
#3313 = EDGE_CURVE ( 'NONE', #3659, #1527, #3030, .T. ) ;
#3314 = VERTEX_POINT ( 'NONE', #314 ) ;
#3315 = ADVANCED_FACE ( 'NONE', ( #2803 ), #1542, .F. ) ;
#3316 = CARTESIAN_POINT ( 'NONE',  ( 35.48945008333713247, -21.00000000000000000, 2.000000000000000000 ) ) ;
#3317 = CARTESIAN_POINT ( 'NONE',  ( -46.50000000000000000, -28.50000000000000000, 15.00000000000000000 ) ) ;
#3318 = PLANE ( 'NONE',  #837 ) ;
#3319 = DIRECTION ( 'NONE',  ( -1.000000000000000000, -0.000000000000000000, -0.000000000000000000 ) ) ;
#3320 = EDGE_CURVE ( 'NONE', #1815, #1819, #295, .T. ) ;
#3321 = EDGE_LOOP ( 'NONE', ( #2833, #1838, #293, #3823 ) ) ;
#3322 = AXIS2_PLACEMENT_3D ( 'NONE', #3731, #1589, #59 ) ;
#3323 = VERTEX_POINT ( 'NONE', #3681 ) ;
#3324 = ORIENTED_EDGE ( 'NONE', *, *, #1711, .T. ) ;
#3325 = CARTESIAN_POINT ( 'NONE',  ( -23.62010700774437666, -22.55866905573236636, 35.00000000000000000 ) ) ;
#3326 = DIRECTION ( 'NONE',  ( 1.000000000000000000, 0.000000000000000000, 0.000000000000000000 ) ) ;
#3327 = ORIENTED_EDGE ( 'NONE', *, *, #3178, .T. ) ;
#3328 = ORIENTED_EDGE ( 'NONE', *, *, #2715, .T. ) ;
#3329 = DIRECTION ( 'NONE',  ( 1.000000000000000000, 0.000000000000000000, 0.000000000000000000 ) ) ;
#3330 = AXIS2_PLACEMENT_3D ( 'NONE', #1213, #3347, #277 ) ;
#3331 = CARTESIAN_POINT ( 'NONE',  ( -52.50000000000000000, -28.49999999999999645, 25.00000000000000000 ) ) ;
#3332 = AXIS2_PLACEMENT_3D ( 'NONE', #2281, #3500, #3460 ) ;
#3333 = ORIENTED_EDGE ( 'NONE', *, *, #2780, .T. ) ;
#3334 = AXIS2_PLACEMENT_3D ( 'NONE', #1257, #2131, #2191 ) ;
#3335 = APPROVAL_STATUS ( 'not_yet_approved' ) ;
#3336 = CIRCLE ( 'NONE', #2633, 1.700000000000000178 ) ;
#3337 = ADVANCED_FACE ( 'NONE', ( #945 ), #2769, .F. ) ;
#3338 = DIRECTION ( 'NONE',  ( 0.000000000000000000, 0.000000000000000000, 1.000000000000000000 ) ) ;
#3339 = CARTESIAN_POINT ( 'NONE',  ( 15.37273248786049962, -19.26699448510487045, 33.00000000000000000 ) ) ;
#3340 = LINE ( 'NONE', #2417, #1710 ) ;
#3341 = VECTOR ( 'NONE', #458, 1000.000000000000000 ) ;
#3342 = ORIENTED_EDGE ( 'NONE', *, *, #789, .F. ) ;
#3343 = AXIS2_PLACEMENT_3D ( 'NONE', #306, #1534, #2 ) ;
#3344 = EDGE_CURVE ( 'NONE', #840, #753, #2787, .T. ) ;
#3345 = ORIENTED_EDGE ( 'NONE', *, *, #1034, .T. ) ;
#3346 = ORIENTED_EDGE ( 'NONE', *, *, #995, .F. ) ;
#3347 = DIRECTION ( 'NONE',  ( -0.000000000000000000, -0.000000000000000000, 1.000000000000000000 ) ) ;
#3348 = CARTESIAN_POINT ( 'NONE',  ( -42.50000000000000000, -56.00000000000000000, 25.00000000000000000 ) ) ;
#3349 = EDGE_LOOP ( 'NONE', ( #3758, #632 ) ) ;
#3350 = CC_DESIGN_APPROVAL ( #3891, ( #2837 ) ) ;
#3351 = ORIENTED_EDGE ( 'NONE', *, *, #930, .F. ) ;
#3352 = DIRECTION ( 'NONE',  ( -0.000000000000000000, -1.000000000000000000, -0.000000000000000000 ) ) ;
#3353 = FACE_BOUND ( 'NONE', #3369, .T. ) ;
#3354 = CARTESIAN_POINT ( 'NONE',  ( 44.20000000000000284, -46.00000000000000000, 35.00000000000000000 ) ) ;
#3355 = VERTEX_POINT ( 'NONE', #2126 ) ;
#3356 = VECTOR ( 'NONE', #2778, 1000.000000000000000 ) ;
#3357 = LINE ( 'NONE', #2719, #2823 ) ;
#3358 = CARTESIAN_POINT ( 'NONE',  ( -3.723505790279009631, -19.31363375606980171, 2.000000000000000000 ) ) ;
#3359 = CARTESIAN_POINT ( 'NONE',  ( 18.99999999999999645, -28.50000000000000000, 13.29999999999999893 ) ) ;
#3360 = VERTEX_POINT ( 'NONE', #1235 ) ;
#3361 = VERTEX_POINT ( 'NONE', #2743 ) ;
#3362 = ORIENTED_EDGE ( 'NONE', *, *, #3344, .F. ) ;
#3363 = DIRECTION ( 'NONE',  ( 0.000000000000000000, 0.000000000000000000, 1.000000000000000000 ) ) ;
#3364 = PLANE ( 'NONE',  #392 ) ;
#3365 = VECTOR ( 'NONE', #2219, 1000.000000000000000 ) ;
#3366 = EDGE_LOOP ( 'NONE', ( #2503, #2966, #1229, #178 ) ) ;
#3367 = CARTESIAN_POINT ( 'NONE',  ( -48.50000000000000000, -26.00000000000000355, 15.00000000000000000 ) ) ;
#3368 = ADVANCED_FACE ( 'NONE', ( #1214 ), #2446, .F. ) ;
#3369 = EDGE_LOOP ( 'NONE', ( #1929, #1151 ) ) ;
#3370 = DIRECTION ( 'NONE',  ( 0.000000000000000000, -1.000000000000000000, 0.000000000000000000 ) ) ;
#3371 = CARTESIAN_POINT ( 'NONE',  ( -44.20000000000000284, -46.00000000000000000, 25.00000000000000000 ) ) ;
#3372 = EDGE_CURVE ( 'NONE', #2267, #863, #908, .T. ) ;
#3373 = DIRECTION ( 'NONE',  ( 1.000000000000000000, 0.000000000000000000, 0.000000000000000000 ) ) ;
#3374 = ORIENTED_EDGE ( 'NONE', *, *, #2414, .F. ) ;
#3375 = LINE ( 'NONE', #857, #3864 ) ;
#3376 = CARTESIAN_POINT ( 'NONE',  ( -49.20000000000000284, -50.00000000000000000, 25.00000000000000000 ) ) ;
#3377 = DIRECTION ( 'NONE',  ( -1.000000000000000000, 0.000000000000000000, 0.000000000000000000 ) ) ;
#3378 = CARTESIAN_POINT ( 'NONE',  ( 48.50000000000000000, -28.50000000000000000, 15.00000000000000000 ) ) ;
#3379 = ORIENTED_EDGE ( 'NONE', *, *, #1001, .F. ) ;
#3380 = ORIENTED_EDGE ( 'NONE', *, *, #615, .F. ) ;
#3381 = CARTESIAN_POINT ( 'NONE',  ( -3.723505790279009631, -20.81363375606980171, 35.00000000000000000 ) ) ;
#3382 = CARTESIAN_POINT ( 'NONE',  ( 21.02997904195361301, -20.99999999999999645, 35.00000000000000000 ) ) ;
#3383 = FACE_OUTER_BOUND ( 'NONE', #2364, .T. ) ;
#3384 = ORIENTED_EDGE ( 'NONE', *, *, #2780, .F. ) ;
#3385 = VERTEX_POINT ( 'NONE', #928 ) ;
#3386 = CARTESIAN_POINT ( 'NONE',  ( 0.000000000000000000, 0.000000000000000000, 25.00000000000000000 ) ) ;
#3387 = ADVANCED_FACE ( 'NONE', ( #3383 ), #3090, .F. ) ;
#3388 = PLANE ( 'NONE',  #1612 ) ;
#3389 = CIRCLE ( 'NONE', #3703, 1.700000000000000178 ) ;
#3390 = CIRCLE ( 'NONE', #2302, 1.700000000000000178 ) ;
#3391 = DIRECTION ( 'NONE',  ( -1.000000000000000000, -1.577021341797098053E-16, 0.000000000000000000 ) ) ;
#3392 = EDGE_LOOP ( 'NONE', ( #2562, #2248, #212, #1053 ) ) ;
#3393 = EDGE_CURVE ( 'NONE', #1578, #585, #1416, .T. ) ;
#3394 = CIRCLE ( 'NONE', #2434, 1.546639270964929924 ) ;
#3395 = CARTESIAN_POINT ( 'NONE',  ( -55.00000000000000000, -26.00000000000000000, 10.00000000000000178 ) ) ;
#3396 = AXIS2_PLACEMENT_3D ( 'NONE', #1923, #3187, #689 ) ;
#3397 = DIRECTION ( 'NONE',  ( -0.000000000000000000, 0.000000000000000000, 1.000000000000000000 ) ) ;
#3398 = LINE ( 'NONE', #3915, #524 ) ;
#3399 = CARTESIAN_POINT ( 'NONE',  ( -45.79999999999999716, -50.00000000000000000, 25.00000000000000000 ) ) ;
#3400 = ORIENTED_EDGE ( 'NONE', *, *, #1653, .F. ) ;
#3401 = EDGE_LOOP ( 'NONE', ( #1768, #1869 ) ) ;
#3402 = DIRECTION ( 'NONE',  ( -1.000000000000000000, 0.000000000000000000, 0.000000000000000000 ) ) ;
#3403 = CARTESIAN_POINT ( 'NONE',  ( 21.02997904195361301, -22.45947104138353012, 35.00000000000000000 ) ) ;
#3404 = CIRCLE ( 'NONE', #1814, 1.700000000000000178 ) ;
#3405 = DIRECTION ( 'NONE',  ( 0.000000000000000000, 0.000000000000000000, 1.000000000000000000 ) ) ;
#3406 = ORIENTED_EDGE ( 'NONE', *, *, #3704, .T. ) ;
#3407 = VECTOR ( 'NONE', #369, 1000.000000000000000 ) ;
#3408 = ORIENTED_EDGE ( 'NONE', *, *, #3320, .T. ) ;
#3409 = LINE ( 'NONE', #1238, #120 ) ;
#3410 = CARTESIAN_POINT ( 'NONE',  ( 34.02997904195360235, -19.54052895861647343, 0.000000000000000000 ) ) ;
#3411 = ADVANCED_FACE ( 'NONE', ( #1296 ), #1965, .F. ) ;
#3412 = LINE ( 'NONE', #3965, #2667 ) ;
#3413 = EDGE_LOOP ( 'NONE', ( #2270, #909, #2776, #1004 ) ) ;
#3414 = EDGE_CURVE ( 'NONE', #1576, #805, #2205, .T. ) ;
#3415 = PLANE ( 'NONE',  #65 ) ;
#3416 = CARTESIAN_POINT ( 'NONE',  ( -42.50000000000000000, -37.50000000000000000, 35.00000000000000000 ) ) ;
#3417 = DIRECTION ( 'NONE',  ( -1.000000000000000000, 0.000000000000000000, -0.000000000000000000 ) ) ;
#3418 = ORIENTED_EDGE ( 'NONE', *, *, #2730, .F. ) ;
#3419 = EDGE_CURVE ( 'NONE', #3314, #2662, #2221, .T. ) ;
#3420 = CARTESIAN_POINT ( 'NONE',  ( -48.50000000000000000, -23.99999999999999645, 16.69999999999999929 ) ) ;
#3421 = DIRECTION ( 'NONE',  ( -0.000000000000000000, -0.000000000000000000, 1.000000000000000000 ) ) ;
#3422 = CARTESIAN_POINT ( 'NONE',  ( 34.02997904195360235, -19.54052895861647343, 0.000000000000000000 ) ) ;
#3423 = ORIENTED_EDGE ( 'NONE', *, *, #3751, .T. ) ;
#3424 = VERTEX_POINT ( 'NONE', #2584 ) ;
#3425 = DIRECTION ( 'NONE',  ( -1.000000000000000000, 0.000000000000000000, 0.000000000000000000 ) ) ;
#3426 = AXIS2_PLACEMENT_3D ( 'NONE', #2141, #26, #3402 ) ;
#3427 = CARTESIAN_POINT ( 'NONE',  ( -2.223505790279008298, -20.81363375606980171, 35.00000000000000000 ) ) ;
#3428 = VECTOR ( 'NONE', #2161, 1000.000000000000000 ) ;
#3429 = ORIENTED_EDGE ( 'NONE', *, *, #830, .F. ) ;
#3430 = CYLINDRICAL_SURFACE ( 'NONE', #3322, 1.700000000000000178 ) ;
#3431 = LINE ( 'NONE', #648, #132 ) ;
#3432 = ADVANCED_FACE ( 'NONE', ( #3206 ), #396, .F. ) ;
#3433 = CARTESIAN_POINT ( 'NONE',  ( 34.02997904195360235, -19.54052895861647343, 0.000000000000000000 ) ) ;
#3434 = VERTEX_POINT ( 'NONE', #69 ) ;
#3435 = VERTEX_POINT ( 'NONE', #2526 ) ;
#3436 = LINE ( 'NONE', #2844, #980 ) ;
#3437 = CARTESIAN_POINT ( 'NONE',  ( 19.00000000000000000, -24.00000000000000000, 16.69999999999999929 ) ) ;
#3438 = ADVANCED_FACE ( 'NONE', ( #3188 ), #3461, .F. ) ;
#3439 = EDGE_CURVE ( 'NONE', #3574, #3791, #3741, .T. ) ;
#3440 = DIRECTION ( 'NONE',  ( 0.000000000000000000, -1.000000000000000000, 0.000000000000000000 ) ) ;
#3441 = VERTEX_POINT ( 'NONE', #690 ) ;
#3442 = ORIENTED_EDGE ( 'NONE', *, *, #1649, .F. ) ;
#3443 = CARTESIAN_POINT ( 'NONE',  ( 47.50000000000000000, -15.00000000000000000, 35.00000000000000000 ) ) ;
#3444 = CARTESIAN_POINT ( 'NONE',  ( 42.50000000000000000, -37.50000000000000000, 25.00000000000000000 ) ) ;
#3445 = ORIENTED_EDGE ( 'NONE', *, *, #3197, .F. ) ;
#3446 = DIRECTION ( 'NONE',  ( 1.000000000000000000, 0.000000000000000000, 0.000000000000000000 ) ) ;
#3447 = VERTEX_POINT ( 'NONE', #3800 ) ;
#3448 = DIRECTION ( 'NONE',  ( 1.000000000000000000, 0.000000000000000000, 0.000000000000000000 ) ) ;
#3449 = CIRCLE ( 'NONE', #3638, 1.459471041383532341 ) ;
#3450 = CIRCLE ( 'NONE', #3203, 1.700000000000000178 ) ;
#3451 = CARTESIAN_POINT ( 'NONE',  ( 32.02997904195360945, -19.54052895861646633, 35.00000000000000000 ) ) ;
#3452 = AXIS2_PLACEMENT_3D ( 'NONE', #3325, #3935, #313 ) ;
#3453 = CARTESIAN_POINT ( 'NONE',  ( -55.00000000000000000, -26.00000000000000000, 10.00000000000000178 ) ) ;
#3454 = VERTEX_POINT ( 'NONE', #1924 ) ;
#3455 = CARTESIAN_POINT ( 'NONE',  ( -48.00000000000000000, 19.00000000000000000, 2.000000000000000000 ) ) ;
#3456 = VECTOR ( 'NONE', #3892, 1000.000000000000000 ) ;
#3457 = EDGE_CURVE ( 'NONE', #716, #2612, #374, .T. ) ;
#3458 = ORIENTED_EDGE ( 'NONE', *, *, #202, .T. ) ;
#3459 = LINE ( 'NONE', #750, #29 ) ;
#3460 = DIRECTION ( 'NONE',  ( 1.000000000000000000, 0.000000000000000000, 0.000000000000000000 ) ) ;
#3461 = PLANE ( 'NONE',  #1937 ) ;
#3462 = DIRECTION ( 'NONE',  ( 1.000000000000000000, 0.000000000000000000, 0.000000000000000000 ) ) ;
#3463 = AXIS2_PLACEMENT_3D ( 'NONE', #3302, #3634, #3752 ) ;
#3464 = ORIENTED_EDGE ( 'NONE', *, *, #3904, .T. ) ;
#3465 = ADVANCED_FACE ( 'NONE', ( #3146 ), #1598, .F. ) ;
#3466 = ADVANCED_FACE ( 'NONE', ( #2263 ), #713, .F. ) ;
#3467 = AXIS2_PLACEMENT_3D ( 'NONE', #2852, #3212, #2269 ) ;
#3468 = ORIENTED_EDGE ( 'NONE', *, *, #624, .F. ) ;
#3469 = DIRECTION ( 'NONE',  ( -1.000000000000000000, 0.000000000000000000, 0.000000000000000000 ) ) ;
#3470 = DIRECTION ( 'NONE',  ( -0.000000000000000000, -0.000000000000000000, 1.000000000000000000 ) ) ;
#3471 = VECTOR ( 'NONE', #1841, 1000.000000000000000 ) ;
#3472 = EDGE_CURVE ( 'NONE', #1754, #1848, #451, .T. ) ;
#3473 = CYLINDRICAL_SURFACE ( 'NONE', #3953, 1.700000000000000178 ) ;
#3474 = ORIENTED_EDGE ( 'NONE', *, *, #350, .F. ) ;
#3475 = CARTESIAN_POINT ( 'NONE',  ( 42.50000000000000000, -37.50000000000000000, 25.00000000000000000 ) ) ;
#3476 = VECTOR ( 'NONE', #3795, 1000.000000000000000 ) ;
#3477 = VERTEX_POINT ( 'NONE', #2846 ) ;
#3478 = CARTESIAN_POINT ( 'NONE',  ( 19.00000000000000000, -28.50000000000000000, 16.69999999999999929 ) ) ;
#3479 = DIRECTION ( 'NONE',  ( -1.000000000000000000, -0.000000000000000000, -0.000000000000000000 ) ) ;
#3480 = ORIENTED_EDGE ( 'NONE', *, *, #1998, .F. ) ;
#3481 = CARTESIAN_POINT ( 'NONE',  ( 55.00000000000000000, -28.50000000000000000, 10.00000000000000178 ) ) ;
#3482 = FACE_OUTER_BOUND ( 'NONE', #2400, .T. ) ;
#3483 = DIRECTION ( 'NONE',  ( 1.000000000000000000, -0.000000000000000000, -0.000000000000000000 ) ) ;
#3484 = CC_DESIGN_PERSON_AND_ORGANIZATION_ASSIGNMENT ( #2960, #2655, ( #2516 ) ) ;
#3485 = ORIENTED_EDGE ( 'NONE', *, *, #80, .F. ) ;
#3486 = ORIENTED_EDGE ( 'NONE', *, *, #2681, .F. ) ;
#3487 = DIRECTION ( 'NONE',  ( -1.000000000000000000, 0.000000000000000000, -0.000000000000000000 ) ) ;
#3488 = CARTESIAN_POINT ( 'NONE',  ( 50.50000000000000000, -23.99999999999999645, 2.000000000000000000 ) ) ;
#3489 = ADVANCED_FACE ( 'NONE', ( #90 ), #2822, .F. ) ;
#3490 = EDGE_LOOP ( 'NONE', ( #2122, #233, #2670, #936 ) ) ;
#3491 = DIRECTION ( 'NONE',  ( 1.000000000000000000, 0.000000000000000000, 0.000000000000000000 ) ) ;
#3492 = ORIENTED_EDGE ( 'NONE', *, *, #745, .T. ) ;
#3493 = CYLINDRICAL_SURFACE ( 'NONE', #1794, 1.700000000000000178 ) ;
#3494 = EDGE_CURVE ( 'NONE', #3907, #610, #1685, .T. ) ;
#3495 = AXIS2_PLACEMENT_3D ( 'NONE', #2264, #1966, #431 ) ;
#3496 = CIRCLE ( 'NONE', #1839, 1.459471041383532341 ) ;
#3497 = PLANE ( 'NONE',  #955 ) ;
#3498 = DIRECTION ( 'NONE',  ( -0.000000000000000000, -0.000000000000000000, 1.000000000000000000 ) ) ;
#3499 = EDGE_LOOP ( 'NONE', ( #520, #1942, #1854, #2540, #2996 ) ) ;
#3500 = DIRECTION ( 'NONE',  ( -0.000000000000000000, 0.000000000000000000, 1.000000000000000000 ) ) ;
#3501 = DIRECTION ( 'NONE',  ( 1.000000000000000000, -0.000000000000000000, -0.000000000000000000 ) ) ;
#3502 = DIRECTION ( 'NONE',  ( -1.000000000000000000, -0.000000000000000000, -0.000000000000000000 ) ) ;
#3503 = ORIENTED_EDGE ( 'NONE', *, *, #3000, .F. ) ;
#3504 = ORIENTED_EDGE ( 'NONE', *, *, #2313, .F. ) ;
#3505 = CARTESIAN_POINT ( 'NONE',  ( 46.50000000000000000, -24.00000000000000000, 16.69999999999999929 ) ) ;
#3506 = CARTESIAN_POINT ( 'NONE',  ( 2.372732487860489847, -20.81363375606980171, 0.000000000000000000 ) ) ;
#3507 = VERTEX_POINT ( 'NONE', #2566 ) ;
#3508 = EDGE_CURVE ( 'NONE', #1721, #882, #3783, .T. ) ;
#3509 = DIRECTION ( 'NONE',  ( -0.000000000000000000, -0.000000000000000000, 1.000000000000000000 ) ) ;
#3510 = ORIENTED_EDGE ( 'NONE', *, *, #3939, .T. ) ;
#3511 = CARTESIAN_POINT ( 'NONE',  ( 2.372732487860489847, -22.36027302703473296, 0.000000000000000000 ) ) ;
#3512 = CIRCLE ( 'NONE', #119, 1.546639270964929924 ) ;
#3513 = EDGE_CURVE ( 'NONE', #1376, #414, #752, .T. ) ;
#3514 = FACE_OUTER_BOUND ( 'NONE', #7, .T. ) ;
#3515 = VECTOR ( 'NONE', #3865, 1000.000000000000000 ) ;
#3516 = CARTESIAN_POINT ( 'NONE',  ( 50.50000000000000000, 19.00000000000000000, 2.000000000000000000 ) ) ;
#3517 = AXIS2_PLACEMENT_3D ( 'NONE', #1276, #582, #2915 ) ;
#3518 = FACE_OUTER_BOUND ( 'NONE', #1231, .T. ) ;
#3519 = CARTESIAN_POINT ( 'NONE',  ( -47.50000000000000000, -15.00000000000000000, 25.00000000000000000 ) ) ;
#3520 = EDGE_LOOP ( 'NONE', ( #1582, #963, #501, #1520 ) ) ;
#3521 = CIRCLE ( 'NONE', #3077, 1.700000000000000178 ) ;
#3522 = ORIENTED_EDGE ( 'NONE', *, *, #3508, .T. ) ;
#3523 = FACE_BOUND ( 'NONE', #2361, .T. ) ;
#3524 = AXIS2_PLACEMENT_3D ( 'NONE', #3145, #673, #711 ) ;
#3525 = LINE ( 'NONE', #3488, #1608 ) ;
#3526 = ORIENTED_EDGE ( 'NONE', *, *, #472, .T. ) ;
#3527 = VECTOR ( 'NONE', #976, 1000.000000000000000 ) ;
#3528 = DIRECTION ( 'NONE',  ( -0.000000000000000000, 0.000000000000000000, 1.000000000000000000 ) ) ;
#3529 = EDGE_LOOP ( 'NONE', ( #12, #2140 ) ) ;
#3530 = CARTESIAN_POINT ( 'NONE',  ( 47.50000000000000000, -15.00000000000000000, 35.00000000000000000 ) ) ;
#3531 = VECTOR ( 'NONE', #28, 1000.000000000000000 ) ;
#3532 = EDGE_CURVE ( 'NONE', #16, #365, #712, .T. ) ;
#3533 = AXIS2_PLACEMENT_3D ( 'NONE', #822, #790, #2619 ) ;
#3534 = VERTEX_POINT ( 'NONE', #530 ) ;
#3535 = CALENDAR_DATE ( 2026, 11, 9 ) ;
#3536 = ADVANCED_FACE ( 'NONE', ( #2926 ), #3876, .F. ) ;
#3537 = DIRECTION ( 'NONE',  ( 0.000000000000000000, -1.000000000000000000, 0.000000000000000000 ) ) ;
#3538 = CARTESIAN_POINT ( 'NONE',  ( -55.00000000000000000, -28.50000000000000000, 25.00000000000000000 ) ) ;
#3539 = DIRECTION ( 'NONE',  ( 0.000000000000000000, -1.000000000000000000, 0.000000000000000000 ) ) ;
#3540 = EDGE_CURVE ( 'NONE', #782, #1546, #3229, .T. ) ;
#3541 = VERTEX_POINT ( 'NONE', #2380 ) ;
#3542 = ORIENTED_EDGE ( 'NONE', *, *, #878, .T. ) ;
#3543 = LINE ( 'NONE', #827, #2891 ) ;
#3544 = FACE_OUTER_BOUND ( 'NONE', #3689, .T. ) ;
#3545 = ORIENTED_EDGE ( 'NONE', *, *, #1505, .F. ) ;
#3546 = DIRECTION ( 'NONE',  ( -0.000000000000000000, 1.000000000000000000, -0.000000000000000000 ) ) ;
#3547 = DIRECTION ( 'NONE',  ( 0.000000000000000000, -0.000000000000000000, 1.000000000000000000 ) ) ;
#3548 = ORIENTED_EDGE ( 'NONE', *, *, #855, .F. ) ;
#3549 = CARTESIAN_POINT ( 'NONE',  ( 42.50000000000000000, 14.00000000000000178, 35.00000000000000000 ) ) ;
#3550 = ORIENTED_EDGE ( 'NONE', *, *, #3253, .F. ) ;
#3551 = CIRCLE ( 'NONE', #3682, 1.700000000000000178 ) ;
#3552 = CALENDAR_DATE ( 2026, 11, 9 ) ;
#3553 = DIRECTION ( 'NONE',  ( -1.000000000000000000, -1.577021341797098053E-16, 0.000000000000000000 ) ) ;
#3554 = EDGE_CURVE ( 'NONE', #556, #1067, #2942, .T. ) ;
#3555 = CARTESIAN_POINT ( 'NONE',  ( -19.00000000000000000, -24.00000000000000000, 16.69999999999999929 ) ) ;
#3556 = CARTESIAN_POINT ( 'NONE',  ( -48.00000000000000000, -22.36027302703469388, 33.00000000000000000 ) ) ;
#3557 = CARTESIAN_POINT ( 'NONE',  ( -21.00000000000000000, -24.00000000000000000, 13.29999999999999893 ) ) ;
#3558 = ORIENTED_EDGE ( 'NONE', *, *, #758, .F. ) ;
#3559 = EDGE_CURVE ( 'NONE', #1030, #1152, #1435, .T. ) ;
#3560 = EDGE_CURVE ( 'NONE', #1662, #3239, #268, .T. ) ;
#3561 = VERTEX_POINT ( 'NONE', #2642 ) ;
#3562 = DIRECTION ( 'NONE',  ( 1.000000000000000000, 0.000000000000000000, 0.000000000000000000 ) ) ;
#3563 = DIRECTION ( 'NONE',  ( 0.000000000000000000, 0.000000000000000000, -1.000000000000000000 ) ) ;
#3564 = ORIENTED_EDGE ( 'NONE', *, *, #347, .T. ) ;
#3565 = CARTESIAN_POINT ( 'NONE',  ( 35.48945008333713247, -21.00000000000000000, 0.000000000000000000 ) ) ;
#3566 = ORIENTED_EDGE ( 'NONE', *, *, #3786, .T. ) ;
#3567 = CYLINDRICAL_SURFACE ( 'NONE', #2750, 1.459471041383532341 ) ;
#3568 = ORIENTED_EDGE ( 'NONE', *, *, #1505, .T. ) ;
#3569 = LINE ( 'NONE', #2924, #1960 ) ;
#3570 = CARTESIAN_POINT ( 'NONE',  ( -50.50000000000000000, -23.99999999999999645, 33.00000000000000000 ) ) ;
#3571 = VECTOR ( 'NONE', #1980, 1000.000000000000000 ) ;
#3572 = CARTESIAN_POINT ( 'NONE',  ( -48.00000000000000000, -22.36027302703469388, 2.000000000000000000 ) ) ;
#3573 = LINE ( 'NONE', #804, #2732 ) ;
#3574 = VERTEX_POINT ( 'NONE', #3001 ) ;
#3575 = EDGE_CURVE ( 'NONE', #1624, #1728, #248, .T. ) ;
#3576 = AXIS2_PLACEMENT_3D ( 'NONE', #2857, #702, #3448 ) ;
#3577 = EDGE_LOOP ( 'NONE', ( #3845, #2392, #3255, #2610 ) ) ;
#3578 = FACE_OUTER_BOUND ( 'NONE', #1442, .T. ) ;
#3579 = LINE ( 'NONE', #829, #832 ) ;
#3580 = AXIS2_PLACEMENT_3D ( 'NONE', #3250, #3861, #493 ) ;
#3581 = ORIENTED_EDGE ( 'NONE', *, *, #1750, .F. ) ;
#3582 = EDGE_CURVE ( 'NONE', #2650, #1795, #3284, .T. ) ;
#3583 = ADVANCED_FACE ( 'NONE', ( #1454 ), #3261, .F. ) ;
#3584 = AXIS2_PLACEMENT_3D ( 'NONE', #1355, #3782, #2262 ) ;
#3585 = LINE ( 'NONE', #2711, #177 ) ;
#3586 = ORIENTED_EDGE ( 'NONE', *, *, #1755, .F. ) ;
#3587 = CARTESIAN_POINT ( 'NONE',  ( 42.50000000000000000, -41.00000000000000000, 25.00000000000000000 ) ) ;
#3588 = ORIENTED_EDGE ( 'NONE', *, *, #1028, .F. ) ;
#3589 = LINE ( 'NONE', #2922, #1481 ) ;
#3590 = AXIS2_PLACEMENT_3D ( 'NONE', #3100, #1308, #2556 ) ;
#3591 = ADVANCED_FACE ( 'NONE', ( #1701 ), #1718, .F. ) ;
#3592 = VERTEX_POINT ( 'NONE', #1062 ) ;
#3593 = CIRCLE ( 'NONE', #134, 1.459471041383532341 ) ;
#3594 = COORDINATED_UNIVERSAL_TIME_OFFSET ( 8, 0, .AHEAD. ) ;
#3595 = DIRECTION ( 'NONE',  ( 0.000000000000000000, 0.000000000000000000, 1.000000000000000000 ) ) ;
#3596 = CIRCLE ( 'NONE', #3912, 1.558669055732368802 ) ;
#3597 = CARTESIAN_POINT ( 'NONE',  ( 50.50000000000000000, -23.99999999999999645, 2.000000000000000000 ) ) ;
#3598 = VECTOR ( 'NONE', #444, 1000.000000000000000 ) ;
#3599 = PLANE ( 'NONE',  #2448 ) ;
#3600 = CARTESIAN_POINT ( 'NONE',  ( -3.723505790279009631, -20.81363375606980171, 33.00000000000000000 ) ) ;
#3601 = ORIENTED_EDGE ( 'NONE', *, *, #1198, .T. ) ;
#3602 = ORIENTED_EDGE ( 'NONE', *, *, #2094, .T. ) ;
#3603 = FACE_BOUND ( 'NONE', #831, .T. ) ;
#3604 = EDGE_CURVE ( 'NONE', #1994, #1815, #3855, .T. ) ;
#3605 = DIRECTION ( 'NONE',  ( 1.000000000000000000, 0.000000000000000000, 0.000000000000000000 ) ) ;
#3606 = EDGE_LOOP ( 'NONE', ( #2129, #1785, #2553, #1687 ) ) ;
#3607 = LINE ( 'NONE', #2331, #3515 ) ;
#3608 = VERTEX_POINT ( 'NONE', #803 ) ;
#3609 = CARTESIAN_POINT ( 'NONE',  ( 2.372732487860489847, -19.26699448510487045, 33.00000000000000000 ) ) ;
#3610 = EDGE_CURVE ( 'NONE', #1578, #3661, #3834, .T. ) ;
#3611 = ORIENTED_EDGE ( 'NONE', *, *, #1051, .F. ) ;
#3612 = CARTESIAN_POINT ( 'NONE',  ( -42.50000000000000000, -56.00000000000000000, 25.00000000000000000 ) ) ;
#3613 = ORIENTED_EDGE ( 'NONE', *, *, #227, .T. ) ;
#3614 = EDGE_CURVE ( 'NONE', #1784, #3361, #1938, .T. ) ;
#3615 = LINE ( 'NONE', #1, #771 ) ;
#3616 = CARTESIAN_POINT ( 'NONE',  ( 21.02997904195361301, -19.54052895861646633, 35.00000000000000000 ) ) ;
#3617 = DIRECTION ( 'NONE',  ( 0.000000000000000000, 0.000000000000000000, 1.000000000000000000 ) ) ;
#3618 = ORIENTED_EDGE ( 'NONE', *, *, #950, .T. ) ;
#3619 = ORIENTED_EDGE ( 'NONE', *, *, #903, .T. ) ;
#3620 = FACE_OUTER_BOUND ( 'NONE', #2043, .T. ) ;
#3621 = ORIENTED_EDGE ( 'NONE', *, *, #3098, .F. ) ;
#3622 = LINE ( 'NONE', #2466, #3832 ) ;
#3623 = AXIS2_PLACEMENT_3D ( 'NONE', #3931, #607, #1262 ) ;
#3624 = LINE ( 'NONE', #865, #2128 ) ;
#3625 = VERTEX_POINT ( 'NONE', #2983 ) ;
#3626 = CARTESIAN_POINT ( 'NONE',  ( 52.50000000000000711, -26.00000000000000000, 0.000000000000000000 ) ) ;
#3627 = VERTEX_POINT ( 'NONE', #1084 ) ;
#3628 = CARTESIAN_POINT ( 'NONE',  ( 45.79999999999999716, -15.00000000000000000, 33.00000000000000000 ) ) ;
#3629 = CARTESIAN_POINT ( 'NONE',  ( -49.20000000000000284, -50.00000000000000000, 35.00000000000000000 ) ) ;
#3630 = EDGE_CURVE ( 'NONE', #1705, #1190, #2357, .T. ) ;
#3631 = VERTEX_POINT ( 'NONE', #230 ) ;
#3632 = APPROVAL_DATE_TIME ( #2111, #3891 ) ;
#3633 = EDGE_CURVE ( 'NONE', #3730, #1515, #2320, .T. ) ;
#3634 = DIRECTION ( 'NONE',  ( 0.000000000000000000, 0.000000000000000000, 1.000000000000000000 ) ) ;
#3635 = CARTESIAN_POINT ( 'NONE',  ( 19.00000000000000000, -24.00000000000000000, 13.29999999999999893 ) ) ;
#3636 = LINE ( 'NONE', #3102, #1903 ) ;
#3637 = ORIENTED_EDGE ( 'NONE', *, *, #1272, .T. ) ;
#3638 = AXIS2_PLACEMENT_3D ( 'NONE', #1789, #2047, #1751 ) ;
#3639 = ORIENTED_EDGE ( 'NONE', *, *, #562, .T. ) ;
#3640 = DIRECTION ( 'NONE',  ( 1.000000000000000000, 1.577021341797098053E-16, 0.000000000000000000 ) ) ;
#3641 = CARTESIAN_POINT ( 'NONE',  ( -48.50000000000000000, -28.50000000000000000, 13.29999999999999893 ) ) ;
#3642 = ORIENTED_EDGE ( 'NONE', *, *, #3820, .T. ) ;
#3643 = CIRCLE ( 'NONE', #252, 1.546639270964928370 ) ;
#3644 = ORIENTED_EDGE ( 'NONE', *, *, #910, .F. ) ;
#3645 = CARTESIAN_POINT ( 'NONE',  ( 19.57050800057007933, -20.99999999999999645, 0.000000000000000000 ) ) ;
#3646 = VECTOR ( 'NONE', #907, 1000.000000000000000 ) ;
#3647 = DIRECTION ( 'NONE',  ( -0.000000000000000000, -1.000000000000000000, -0.000000000000000000 ) ) ;
#3648 = CIRCLE ( 'NONE', #322, 1.700000000000000178 ) ;
#3649 = CARTESIAN_POINT ( 'NONE',  ( -50.00000000000000000, -24.00000000000000000, 14.20000000000000107 ) ) ;
#3650 = VERTEX_POINT ( 'NONE', #3244 ) ;
#3651 = AXIS2_PLACEMENT_3D ( 'NONE', #705, #1655, #3139 ) ;
#3652 = CC_DESIGN_PERSON_AND_ORGANIZATION_ASSIGNMENT ( #466, #1676, ( #2181 ) ) ;
#3653 = CARTESIAN_POINT ( 'NONE',  ( 2.372732487860489847, -22.36027302703473296, 35.00000000000000000 ) ) ;
#3654 = LINE ( 'NONE', #2697, #2044 ) ;
#3655 = CARTESIAN_POINT ( 'NONE',  ( -47.50000000000000000, -50.00000000000000000, 25.00000000000000000 ) ) ;
#3656 = ADVANCED_FACE ( 'NONE', ( #184 ), #3599, .F. ) ;
#3657 = DIRECTION ( 'NONE',  ( 0.000000000000000000, -1.000000000000000000, 0.000000000000000000 ) ) ;
#3658 = CARTESIAN_POINT ( 'NONE',  ( -49.20000000000000284, -15.00000000000000000, 25.00000000000000000 ) ) ;
#3659 = VERTEX_POINT ( 'NONE', #3339 ) ;
#3660 = AXIS2_PLACEMENT_3D ( 'NONE', #2309, #3528, #3491 ) ;
#3661 = VERTEX_POINT ( 'NONE', #1227 ) ;
#3662 = DIRECTION ( 'NONE',  ( 0.000000000000000000, 0.000000000000000000, 1.000000000000000000 ) ) ;
#3663 = VERTEX_POINT ( 'NONE', #649 ) ;
#3664 = PLANE ( 'NONE',  #3452 ) ;
#3665 = EDGE_CURVE ( 'NONE', #782, #1829, #3398, .T. ) ;
#3666 = CARTESIAN_POINT ( 'NONE',  ( -42.50000000000000000, 14.00000000000000178, 33.00000000000000000 ) ) ;
#3667 = VERTEX_POINT ( 'NONE', #939 ) ;
#3668 = ORIENTED_EDGE ( 'NONE', *, *, #1928, .F. ) ;
#3669 = DIRECTION ( 'NONE',  ( -0.000000000000000000, 1.000000000000000000, -0.000000000000000000 ) ) ;
#3670 = FACE_BOUND ( 'NONE', #2470, .T. ) ;
#3671 = ORIENTED_EDGE ( 'NONE', *, *, #2339, .F. ) ;
#3672 = CARTESIAN_POINT ( 'NONE',  ( -16.27649420972100103, -19.31363375606980171, 2.000000000000000000 ) ) ;
#3673 = DIRECTION ( 'NONE',  ( 0.000000000000000000, 0.000000000000000000, 1.000000000000000000 ) ) ;
#3674 = CARTESIAN_POINT ( 'NONE',  ( -55.00000000000000000, -28.50000000000000000, 10.00000000000000178 ) ) ;
#3675 = DIRECTION ( 'NONE',  ( -1.000000000000000000, -0.000000000000000000, -0.000000000000000000 ) ) ;
#3676 = ORIENTED_EDGE ( 'NONE', *, *, #934, .F. ) ;
#3677 = EDGE_CURVE ( 'NONE', #718, #3084, #2759, .T. ) ;
#3678 = ORIENTED_EDGE ( 'NONE', *, *, #1459, .T. ) ;
#3679 = ORIENTED_EDGE ( 'NONE', *, *, #1626, .F. ) ;
#3680 = FACE_OUTER_BOUND ( 'NONE', #3842, .T. ) ;
#3681 = CARTESIAN_POINT ( 'NONE',  ( -16.27649420972100103, -22.31363375606980171, 35.00000000000000000 ) ) ;
#3682 = AXIS2_PLACEMENT_3D ( 'NONE', #688, #2280, #3204 ) ;
#3683 = ORIENTED_EDGE ( 'NONE', *, *, #2614, .T. ) ;
#3684 = EDGE_CURVE ( 'NONE', #1834, #3608, #3154, .T. ) ;
#3685 = ORIENTED_EDGE ( 'NONE', *, *, #2039, .T. ) ;
#3686 = DIRECTION ( 'NONE',  ( -1.000000000000000000, 0.000000000000000000, 0.000000000000000000 ) ) ;
#3687 = CARTESIAN_POINT ( 'NONE',  ( 48.50000000000000000, -26.00000000000000355, 16.69999999999999929 ) ) ;
#3688 = CARTESIAN_POINT ( 'NONE',  ( 34.02997904195360945, -22.45947104138353012, 33.00000000000000000 ) ) ;
#3689 = EDGE_LOOP ( 'NONE', ( #2374, #1370, #943, #834 ) ) ;
#3690 = CARTESIAN_POINT ( 'NONE',  ( -50.50000000000000000, -23.99999999999999645, 2.000000000000000000 ) ) ;
#3691 = DIRECTION ( 'NONE',  ( 1.000000000000000000, 0.000000000000000000, 0.000000000000000000 ) ) ;
#3692 = DIRECTION ( 'NONE',  ( -0.000000000000000000, -0.000000000000000000, -1.000000000000000000 ) ) ;
#3693 = DIRECTION ( 'NONE',  ( -0.000000000000000000, -0.000000000000000000, 1.000000000000000000 ) ) ;
#3694 = ORIENTED_EDGE ( 'NONE', *, *, #2587, .F. ) ;
#3695 = ORIENTED_EDGE ( 'NONE', *, *, #1887, .T. ) ;
#3696 = CARTESIAN_POINT ( 'NONE',  ( -21.00000000000000000, -24.00000000000000000, 15.00000000000000000 ) ) ;
#3697 = DIRECTION ( 'NONE',  ( 0.000000000000000000, 0.000000000000000000, -1.000000000000000000 ) ) ;
#3698 = CC_DESIGN_PERSON_AND_ORGANIZATION_ASSIGNMENT ( #503, #1735, ( #2516 ) ) ;
#3699 = ORIENTED_EDGE ( 'NONE', *, *, #2980, .T. ) ;
#3700 = ORIENTED_EDGE ( 'NONE', *, *, #2676, .F. ) ;
#3701 = CARTESIAN_POINT ( 'NONE',  ( -3.723505790279009631, -20.81363375606980171, 0.000000000000000000 ) ) ;
#3702 = CARTESIAN_POINT ( 'NONE',  ( -23.62010700774437666, -19.44133094426762653, 0.000000000000000000 ) ) ;
#3703 = AXIS2_PLACEMENT_3D ( 'NONE', #3367, #2735, #1092 ) ;
#3704 = EDGE_CURVE ( 'NONE', #1629, #2798, #1245, .T. ) ;
#3705 = EDGE_CURVE ( 'NONE', #2876, #2800, #3596, .T. ) ;
#3706 = VECTOR ( 'NONE', #1322, 1000.000000000000000 ) ;
#3707 = EDGE_LOOP ( 'NONE', ( #3717, #851, #754, #3362 ) ) ;
#3708 = EDGE_CURVE ( 'NONE', #863, #537, #2438, .T. ) ;
#3709 = VECTOR ( 'NONE', #965, 1000.000000000000000 ) ;
#3710 = CARTESIAN_POINT ( 'NONE',  ( 2.372732487860489847, -22.36027302703473296, 2.000000000000000000 ) ) ;
#3711 = CIRCLE ( 'NONE', #3584, 1.700000000000000178 ) ;
#3712 = CARTESIAN_POINT ( 'NONE',  ( -42.50000000000000000, -65.00000000000000000, 35.00000000000000000 ) ) ;
#3713 = FACE_OUTER_BOUND ( 'NONE', #1876, .T. ) ;
#3714 = LINE ( 'NONE', #1885, #1511 ) ;
#3715 = EDGE_LOOP ( 'NONE', ( #2527, #2523 ) ) ;
#3716 = CIRCLE ( 'NONE', #2187, 1.700000000000000178 ) ;
#3717 = ORIENTED_EDGE ( 'NONE', *, *, #2093, .F. ) ;
#3718 = CARTESIAN_POINT ( 'NONE',  ( 40.80000000000000426, 14.00000000000000178, 35.00000000000000000 ) ) ;
#3719 = DIRECTION ( 'NONE',  ( 1.000000000000000000, 0.000000000000000000, 0.000000000000000000 ) ) ;
#3720 = AXIS2_PLACEMENT_3D ( 'NONE', #1890, #340, #3108 ) ;
#3721 = LINE ( 'NONE', #3348, #2124 ) ;
#3722 = EDGE_LOOP ( 'NONE', ( #2461, #3328, #1461, #2547, #1909, #3817 ) ) ;
#3723 = AXIS2_PLACEMENT_3D ( 'NONE', #3519, #1414, #2059 ) ;
#3724 = ORIENTED_EDGE ( 'NONE', *, *, #2139, .T. ) ;
#3725 = DIRECTION ( 'NONE',  ( 1.000000000000000000, 0.000000000000000000, 0.000000000000000000 ) ) ;
#3726 = FACE_OUTER_BOUND ( 'NONE', #2512, .T. ) ;
#3727 = ORGANIZATION ( '未', '未', '' ) ;
#3728 = EDGE_CURVE ( 'NONE', #203, #3960, #628, .T. ) ;
#3729 = DIRECTION ( 'NONE',  ( 1.000000000000000000, 0.000000000000000000, 0.000000000000000000 ) ) ;
#3730 = VERTEX_POINT ( 'NONE', #2476 ) ;
#3731 = CARTESIAN_POINT ( 'NONE',  ( 42.50000000000000000, 14.00000000000000178, 33.00000000000000000 ) ) ;
#3732 = EDGE_CURVE ( 'NONE', #513, #1728, #3849, .T. ) ;
#3733 = ADVANCED_FACE ( 'NONE', ( #271 ), #1494, .F. ) ;
#3734 = LINE ( 'NONE', #61, #1086 ) ;
#3735 = LINE ( 'NONE', #425, #3476 ) ;
#3736 = ORIENTED_EDGE ( 'NONE', *, *, #2681, .T. ) ;
#3737 = FACE_BOUND ( 'NONE', #3321, .T. ) ;
#3738 = ORIENTED_EDGE ( 'NONE', *, *, #3197, .T. ) ;
#3739 = CARTESIAN_POINT ( 'NONE',  ( 47.50000000000000000, -50.00000000000000000, 25.00000000000000000 ) ) ;
#3740 = CARTESIAN_POINT ( 'NONE',  ( 37.50000000000000711, -41.00000000000000000, 35.00000000000000000 ) ) ;
#3741 = LINE ( 'NONE', #984, #399 ) ;
#3742 = EDGE_LOOP ( 'NONE', ( #608, #2244, #1538, #3748 ) ) ;
#3743 = ORIENTED_EDGE ( 'NONE', *, *, #1755, .T. ) ;
#3744 = CARTESIAN_POINT ( 'NONE',  ( 42.50000000000000000, -51.00000000000000000, 25.00000000000000000 ) ) ;
#3745 = DIRECTION ( 'NONE',  ( -0.000000000000000000, 0.000000000000000000, 1.000000000000000000 ) ) ;
#3746 = CIRCLE ( 'NONE', #1383, 1.700000000000000178 ) ;
#3747 = CARTESIAN_POINT ( 'NONE',  ( -47.50000000000000000, -15.00000000000000000, 25.00000000000000000 ) ) ;
#3748 = ORIENTED_EDGE ( 'NONE', *, *, #2656, .T. ) ;
#3749 = DIRECTION ( 'NONE',  ( 1.000000000000000000, 0.000000000000000000, 0.000000000000000000 ) ) ;
#3750 = VECTOR ( 'NONE', #1514, 1000.000000000000000 ) ;
#3751 = EDGE_CURVE ( 'NONE', #1515, #1465, #1513, .T. ) ;
#3752 = DIRECTION ( 'NONE',  ( 1.000000000000000000, 0.000000000000000000, 0.000000000000000000 ) ) ;
#3753 = LINE ( 'NONE', #977, #839 ) ;
#3754 = EDGE_CURVE ( 'NONE', #70, #1216, #2398, .T. ) ;
#3755 = ADVANCED_FACE ( 'NONE', ( #590 ), #3101, .F. ) ;
#3756 = EDGE_LOOP ( 'NONE', ( #3566, #1849, #2574, #2646, #334, #2817 ) ) ;
#3757 = PLANE ( 'NONE',  #376 ) ;
#3758 = ORIENTED_EDGE ( 'NONE', *, *, #245, .F. ) ;
#3759 = FACE_OUTER_BOUND ( 'NONE', #2914, .T. ) ;
#3760 = CARTESIAN_POINT ( 'NONE',  ( -35.62010700774440153, -21.00000000000000000, 35.00000000000000000 ) ) ;
#3761 = DIRECTION ( 'NONE',  ( -1.000000000000000000, 0.000000000000000000, 0.000000000000000000 ) ) ;
#3762 = ORIENTED_EDGE ( 'NONE', *, *, #642, .T. ) ;
#3763 = PLANE ( 'NONE',  #247 ) ;
#3764 = VERTEX_POINT ( 'NONE', #2177 ) ;
#3765 = CARTESIAN_POINT ( 'NONE',  ( -42.50000000000000000, -51.00000000000000000, 25.00000000000000000 ) ) ;
#3766 = CARTESIAN_POINT ( 'NONE',  ( -3.723505790279010075, -22.31363375606980171, 2.000000000000000000 ) ) ;
#3767 = FACE_OUTER_BOUND ( 'NONE', #1985, .T. ) ;
#3768 = VERTEX_POINT ( 'NONE', #3358 ) ;
#3769 = DIRECTION ( 'NONE',  ( 1.000000000000000000, 0.000000000000000000, 0.000000000000000000 ) ) ;
#3770 = CIRCLE ( 'NONE', #2429, 1.700000000000000178 ) ;
#3771 = VECTOR ( 'NONE', #2353, 1000.000000000000000 ) ;
#3772 = EDGE_CURVE ( 'NONE', #3385, #2764, #1823, .T. ) ;
#3773 = EDGE_LOOP ( 'NONE', ( #3637, #3064, #492, #3458 ) ) ;
#3774 = CARTESIAN_POINT ( 'NONE',  ( 37.50000000000000711, -41.00000000000000000, 35.00000000000000000 ) ) ;
#3775 = CIRCLE ( 'NONE', #820, 1.700000000000000178 ) ;
#3776 = CARTESIAN_POINT ( 'NONE',  ( -16.27649420972100103, -20.81363375606980171, 0.000000000000000000 ) ) ;
#3777 = ORIENTED_EDGE ( 'NONE', *, *, #1075, .F. ) ;
#3778 = CARTESIAN_POINT ( 'NONE',  ( -35.62010700774440153, -19.44133094426763364, 33.00000000000000000 ) ) ;
#3779 = AXIS2_PLACEMENT_3D ( 'NONE', #3854, #2982, #163 ) ;
#3780 = EDGE_CURVE ( 'NONE', #2612, #1624, #1743, .T. ) ;
#3781 = FACE_OUTER_BOUND ( 'NONE', #2278, .T. ) ;
#3782 = DIRECTION ( 'NONE',  ( 0.000000000000000000, 0.000000000000000000, 1.000000000000000000 ) ) ;
#3783 = LINE ( 'NONE', #1372, #2063 ) ;
#3784 = EDGE_LOOP ( 'NONE', ( #2015, #1968, #1623, #2728 ) ) ;
#3785 = VECTOR ( 'NONE', #1867, 1000.000000000000000 ) ;
#3786 = EDGE_CURVE ( 'NONE', #525, #3917, #2458, .T. ) ;
#3787 = ORIENTED_EDGE ( 'NONE', *, *, #2464, .F. ) ;
#3788 = LINE ( 'NONE', #379, #320 ) ;
#3789 = DIRECTION ( 'NONE',  ( -0.000000000000000000, -0.000000000000000000, 1.000000000000000000 ) ) ;
#3790 = DIRECTION ( 'NONE',  ( -1.000000000000000000, 0.000000000000000000, 0.000000000000000000 ) ) ;
#3791 = VERTEX_POINT ( 'NONE', #2157 ) ;
#3792 = CARTESIAN_POINT ( 'NONE',  ( 50.00000000000000000, -26.00000000000000000, 0.000000000000000000 ) ) ;
#3793 = CC_DESIGN_APPROVAL ( #97, ( #2516 ) ) ;
#3794 = CARTESIAN_POINT ( 'NONE',  ( 52.50000000000000000, -56.00000000000000000, 35.00000000000000000 ) ) ;
#3795 = DIRECTION ( 'NONE',  ( -0.000000000000000000, -0.000000000000000000, 1.000000000000000000 ) ) ;
#3796 = EDGE_LOOP ( 'NONE', ( #3028, #171, #22, #1925, #2585 ) ) ;
#3797 = FACE_OUTER_BOUND ( 'NONE', #471, .T. ) ;
#3798 = CARTESIAN_POINT ( 'NONE',  ( 42.50000000000000000, -27.49999999999999645, 25.00000000000000000 ) ) ;
#3799 = CARTESIAN_POINT ( 'NONE',  ( -42.50000000000000000, -41.00000000000000000, 25.00000000000000000 ) ) ;
#3800 = CARTESIAN_POINT ( 'NONE',  ( 42.50000000000000000, -56.00000000000000000, 35.00000000000000000 ) ) ;
#3801 = PLANE ( 'NONE',  #3495 ) ;
#3802 = ORIENTED_EDGE ( 'NONE', *, *, #3560, .F. ) ;
#3803 = ADVANCED_FACE ( 'NONE', ( #1860 ), #3318, .F. ) ;
#3804 = ORIENTED_EDGE ( 'NONE', *, *, #3513, .F. ) ;
#3805 = CARTESIAN_POINT ( 'NONE',  ( -16.27649420972100103, -20.81363375606980171, 2.000000000000000000 ) ) ;
#3806 = DIRECTION ( 'NONE',  ( 1.000000000000000000, 0.000000000000000000, 0.000000000000000000 ) ) ;
#3807 = ORIENTED_EDGE ( 'NONE', *, *, #130, .T. ) ;
#3808 = EDGE_CURVE ( 'NONE', #3434, #1639, #20, .T. ) ;
#3809 = DIRECTION ( 'NONE',  ( 0.000000000000000000, 0.000000000000000000, 1.000000000000000000 ) ) ;
#3810 = ORIENTED_EDGE ( 'NONE', *, *, #2609, .F. ) ;
#3811 = DIRECTION ( 'NONE',  ( -0.000000000000000000, 1.000000000000000000, -0.000000000000000000 ) ) ;
#3812 = CARTESIAN_POINT ( 'NONE',  ( -40.80000000000000426, -46.00000000000000000, 35.00000000000000000 ) ) ;
#3813 = CARTESIAN_POINT ( 'NONE',  ( 19.57050800057007933, -20.99999999999999645, 33.00000000000000000 ) ) ;
#3814 = DIRECTION ( 'NONE',  ( -0.000000000000000000, -0.000000000000000000, -1.000000000000000000 ) ) ;
#3815 = DIRECTION ( 'NONE',  ( 0.000000000000000000, 0.000000000000000000, -1.000000000000000000 ) ) ;
#3816 = DIRECTION ( 'NONE',  ( -1.000000000000000000, 0.000000000000000000, 0.000000000000000000 ) ) ;
#3817 = ORIENTED_EDGE ( 'NONE', *, *, #1808, .T. ) ;
#3818 = ORIENTED_EDGE ( 'NONE', *, *, #2532, .F. ) ;
#3819 = FACE_BOUND ( 'NONE', #215, .T. ) ;
#3820 = EDGE_CURVE ( 'NONE', #405, #360, #104, .T. ) ;
#3821 = PLANE ( 'NONE',  #3843 ) ;
#3822 = CARTESIAN_POINT ( 'NONE',  ( 42.50000000000000000, -41.00000000000000000, 25.00000000000000000 ) ) ;
#3823 = ORIENTED_EDGE ( 'NONE', *, *, #2515, .F. ) ;
#3824 = CARTESIAN_POINT ( 'NONE',  ( -4.723505790279007854, -19.31363375606975907, 35.00000000000000000 ) ) ;
#3825 = EDGE_CURVE ( 'NONE', #2383, #2793, #3121, .T. ) ;
#3826 = CIRCLE ( 'NONE', #2107, 1.700000000000000178 ) ;
#3827 = EDGE_CURVE ( 'NONE', #3355, #2752, #1917, .T. ) ;
#3828 = LINE ( 'NONE', #1977, #388 ) ;
#3829 = FACE_OUTER_BOUND ( 'NONE', #795, .T. ) ;
#3830 = AXIS2_PLACEMENT_3D ( 'NONE', #2575, #1630, #993 ) ;
#3831 = FACE_OUTER_BOUND ( 'NONE', #325, .T. ) ;
#3832 = VECTOR ( 'NONE', #3363, 1000.000000000000000 ) ;
#3833 = CARTESIAN_POINT ( 'NONE',  ( -37.50000000000000711, -41.00000000000000000, 25.00000000000000000 ) ) ;
#3834 = LINE ( 'NONE', #2036, #2641 ) ;
#3835 = DIRECTION ( 'NONE',  ( 1.000000000000000000, 0.000000000000000000, -0.000000000000000000 ) ) ;
#3836 = ORIENTED_EDGE ( 'NONE', *, *, #1946, .T. ) ;
#3837 = CIRCLE ( 'NONE', #1215, 1.700000000000000178 ) ;
#3838 = VERTEX_POINT ( 'NONE', #1656 ) ;
#3839 = LINE ( 'NONE', #2647, #2053 ) ;
#3840 = VECTOR ( 'NONE', #1817, 1000.000000000000000 ) ;
#3841 = DIRECTION ( 'NONE',  ( -0.000000000000000000, 0.000000000000000000, 1.000000000000000000 ) ) ;
#3842 = EDGE_LOOP ( 'NONE', ( #2234, #669, #551, #2099 ) ) ;
#3843 = AXIS2_PLACEMENT_3D ( 'NONE', #1605, #1066, #2829 ) ;
#3844 = CARTESIAN_POINT ( 'NONE',  ( -52.50000000000000711, -26.00000000000000000, 0.000000000000000000 ) ) ;
#3845 = ORIENTED_EDGE ( 'NONE', *, *, #1382, .F. ) ;
#3846 = DIRECTION ( 'NONE',  ( -1.000000000000000000, -0.000000000000000000, -0.000000000000000000 ) ) ;
#3847 = VECTOR ( 'NONE', #2990, 1000.000000000000000 ) ;
#3848 = EDGE_CURVE ( 'NONE', #1829, #138, #1616, .T. ) ;
#3849 = CIRCLE ( 'NONE', #460, 1.459471041383532341 ) ;
#3850 = EDGE_LOOP ( 'NONE', ( #3621, #2447, #3122, #2987 ) ) ;
#3851 = DIRECTION ( 'NONE',  ( -0.000000000000000000, -1.000000000000000000, -0.000000000000000000 ) ) ;
#3852 = ADVANCED_FACE ( 'NONE', ( #3163 ), #3140, .F. ) ;
#3853 = EDGE_CURVE ( 'NONE', #2594, #805, #3092, .T. ) ;
#3854 = CARTESIAN_POINT ( 'NONE',  ( -47.50000000000000000, -50.00000000000000000, 25.00000000000000000 ) ) ;
#3855 = LINE ( 'NONE', #3556, #333 ) ;
#3856 = DIRECTION ( 'NONE',  ( 1.000000000000000000, 0.000000000000000000, 0.000000000000000000 ) ) ;
#3857 = ORIENTED_EDGE ( 'NONE', *, *, #1506, .F. ) ;
#3858 = CIRCLE ( 'NONE', #2839, 1.558669055732368802 ) ;
#3859 = CIRCLE ( 'NONE', #1637, 1.700000000000000178 ) ;
#3860 = ORIENTED_EDGE ( 'NONE', *, *, #3751, .F. ) ;
#3861 = DIRECTION ( 'NONE',  ( -0.000000000000000000, -0.000000000000000000, 1.000000000000000000 ) ) ;
#3862 = DIRECTION ( 'NONE',  ( -0.000000000000000000, 0.000000000000000000, 1.000000000000000000 ) ) ;
#3863 = EDGE_LOOP ( 'NONE', ( #112, #2631, #3857, #3542 ) ) ;
#3864 = VECTOR ( 'NONE', #563, 1000.000000000000000 ) ;
#3865 = DIRECTION ( 'NONE',  ( -0.000000000000000000, -1.000000000000000000, -0.000000000000000000 ) ) ;
#3866 = VERTEX_POINT ( 'NONE', #39 ) ;
#3867 = CARTESIAN_POINT ( 'NONE',  ( -35.62010700774440153, -21.00000000000000000, 33.00000000000000000 ) ) ;
#3868 = ORIENTED_EDGE ( 'NONE', *, *, #746, .T. ) ;
#3869 = EDGE_CURVE ( 'NONE', #3507, #1862, #961, .T. ) ;
#3870 = PERSON_AND_ORGANIZATION ( #3943, #3727 ) ;
#3871 = CARTESIAN_POINT ( 'NONE',  ( 49.20000000000000284, -50.00000000000000000, 35.00000000000000000 ) ) ;
#3872 = AXIS2_PLACEMENT_3D ( 'NONE', #2081, #2965, #1436 ) ;
#3873 = CARTESIAN_POINT ( 'NONE',  ( -50.00000000000000000, -24.00000000000000000, 15.79999999999999893 ) ) ;
#3874 = EDGE_CURVE ( 'NONE', #1293, #1862, #2276, .T. ) ;
#3875 = ADVANCED_FACE ( 'NONE', ( #3713 ), #2519, .F. ) ;
#3876 = CYLINDRICAL_SURFACE ( 'NONE', #3723, 1.700000000000000178 ) ;
#3877 = CARTESIAN_POINT ( 'NONE',  ( -44.20000000000000284, -46.00000000000000000, 35.00000000000000000 ) ) ;
#3878 = ORIENTED_EDGE ( 'NONE', *, *, #3708, .T. ) ;
#3879 = ORIENTED_EDGE ( 'NONE', *, *, #245, .T. ) ;
#3880 = FACE_BOUND ( 'NONE', #532, .T. ) ;
#3881 = EDGE_CURVE ( 'NONE', #3932, #3907, #1961, .T. ) ;
#3882 = DIRECTION ( 'NONE',  ( -0.000000000000000000, -0.000000000000000000, 1.000000000000000000 ) ) ;
#3883 = ORIENTED_EDGE ( 'NONE', *, *, #1775, .F. ) ;
#3884 = FACE_BOUND ( 'NONE', #3796, .T. ) ;
#3885 = VERTEX_POINT ( 'NONE', #2256 ) ;
#3886 = DIRECTION ( 'NONE',  ( -0.000000000000000000, -0.000000000000000000, -1.000000000000000000 ) ) ;
#3887 = EDGE_LOOP ( 'NONE', ( #1312, #3642, #947, #2896 ) ) ;
#3888 = ORIENTED_EDGE ( 'NONE', *, *, #2542, .T. ) ;
#3889 = DIRECTION ( 'NONE',  ( 0.000000000000000000, 0.000000000000000000, 1.000000000000000000 ) ) ;
#3890 = CARTESIAN_POINT ( 'NONE',  ( -55.00000000000000000, -26.00000000000000000, 10.00000000000000178 ) ) ;
#3891 = APPROVAL ( #3335, '未' ) ;
#3892 = DIRECTION ( 'NONE',  ( 0.000000000000000000, 0.000000000000000000, 1.000000000000000000 ) ) ;
#3893 = AXIS2_PLACEMENT_3D ( 'NONE', #2367, #172, #3547 ) ;
#3894 = CARTESIAN_POINT ( 'NONE',  ( -4.723505790279007854, -22.31363375606976263, 35.00000000000000000 ) ) ;
#3895 = PLANE ( 'NONE',  #484 ) ;
#3896 = ORIENTED_EDGE ( 'NONE', *, *, #2271, .F. ) ;
#3897 = CIRCLE ( 'NONE', #442, 1.700000000000000178 ) ;
#3898 = EDGE_CURVE ( 'NONE', #2784, #3447, #1591, .T. ) ;
#3899 = ORIENTED_EDGE ( 'NONE', *, *, #615, .T. ) ;
#3900 = DIRECTION ( 'NONE',  ( -1.000000000000000000, 0.000000000000000000, -0.000000000000000000 ) ) ;
#3901 = DIRECTION ( 'NONE',  ( -1.000000000000000000, -0.000000000000000000, -0.000000000000000000 ) ) ;
#3902 = AXIS2_PLACEMENT_3D ( 'NONE', #1498, #1233, #2742 ) ;
#3903 = ORIENTED_EDGE ( 'NONE', *, *, #3582, .F. ) ;
#3904 = EDGE_CURVE ( 'NONE', #3917, #1077, #3735, .T. ) ;
#3905 = AXIS2_PLACEMENT_3D ( 'NONE', #732, #2583, #751 ) ;
#3906 = CARTESIAN_POINT ( 'NONE',  ( 49.20000000000000284, -50.00000000000000000, 25.00000000000000000 ) ) ;
#3907 = VERTEX_POINT ( 'NONE', #3433 ) ;
#3908 = LINE ( 'NONE', #174, #317 ) ;
#3909 = ORIENTED_EDGE ( 'NONE', *, *, #879, .F. ) ;
#3910 = CARTESIAN_POINT ( 'NONE',  ( -22.62010700774440153, -22.55866905573236991, 2.000000000000000000 ) ) ;
#3911 = AXIS2_PLACEMENT_3D ( 'NONE', #2596, #2074, #3220 ) ;
#3912 = AXIS2_PLACEMENT_3D ( 'NONE', #568, #3950, #288 ) ;
#3913 = FACE_OUTER_BOUND ( 'NONE', #941, .T. ) ;
#3914 = VECTOR ( 'NONE', #2539, 1000.000000000000000 ) ;
#3915 = CARTESIAN_POINT ( 'NONE',  ( -37.50000000000000711, -51.00000000000000000, 35.00000000000000000 ) ) ;
#3916 = CARTESIAN_POINT ( 'NONE',  ( -35.62010700774440153, -19.44133094426763364, 2.000000000000000000 ) ) ;
#3917 = VERTEX_POINT ( 'NONE', #3453 ) ;
#3918 = VERTEX_POINT ( 'NONE', #3416 ) ;
#3919 = DIRECTION ( 'NONE',  ( -1.000000000000000000, -0.000000000000000000, -0.000000000000000000 ) ) ;
#3920 = DIRECTION ( 'NONE',  ( 1.000000000000000000, 0.000000000000000000, 0.000000000000000000 ) ) ;
#3921 = EDGE_CURVE ( 'NONE', #2182, #3866, #1978, .T. ) ;
#3922 = PLANE ( 'NONE',  #1201 ) ;
#3923 = ORIENTED_EDGE ( 'NONE', *, *, #1057, .F. ) ;
#3924 = LINE ( 'NONE', #2014, #818 ) ;
#3925 = DIRECTION ( 'NONE',  ( 0.000000000000000000, -1.000000000000000000, 0.000000000000000000 ) ) ;
#3926 = EDGE_CURVE ( 'NONE', #2793, #3068, #3753, .T. ) ;
#3927 = EDGE_CURVE ( 'NONE', #1156, #3768, #1261, .T. ) ;
#3928 = ORIENTED_EDGE ( 'NONE', *, *, #31, .F. ) ;
#3929 = CARTESIAN_POINT ( 'NONE',  ( -23.62010700774437666, -19.44133094426762653, 35.00000000000000000 ) ) ;
#3930 = DIRECTION ( 'NONE',  ( -0.000000000000000000, -1.000000000000000000, -0.000000000000000000 ) ) ;
#3931 = CARTESIAN_POINT ( 'NONE',  ( 42.50000000000000000, 14.00000000000000178, 33.00000000000000000 ) ) ;
#3932 = VERTEX_POINT ( 'NONE', #2494 ) ;
#3933 = VECTOR ( 'NONE', #1904, 1000.000000000000000 ) ;
#3934 = ORIENTED_EDGE ( 'NONE', *, *, #1855, .T. ) ;
#3935 = DIRECTION ( 'NONE',  ( 1.577021341797098053E-16, -1.000000000000000000, 0.000000000000000000 ) ) ;
#3936 = VECTOR ( 'NONE', #21, 1000.000000000000000 ) ;
#3937 = CARTESIAN_POINT ( 'NONE',  ( 15.37273248786049962, -22.36027302703473296, 0.000000000000000000 ) ) ;
#3938 = ORIENTED_EDGE ( 'NONE', *, *, #3754, .T. ) ;
#3939 = EDGE_CURVE ( 'NONE', #1362, #862, #76, .T. ) ;
#3940 = ORIENTED_EDGE ( 'NONE', *, *, #3754, .F. ) ;
#3941 = DIRECTION ( 'NONE',  ( 1.000000000000000000, 0.000000000000000000, 0.000000000000000000 ) ) ;
#3942 = DIRECTION ( 'NONE',  ( 1.000000000000000000, 1.577021341797098053E-16, -0.000000000000000000 ) ) ;
#3943 = PERSON ( '未', '未', '未', ('未'), ('未'), ('未') ) ;
#3944 = EDGE_CURVE ( 'NONE', #149, #3661, #1749, .T. ) ;
#3945 = CARTESIAN_POINT ( 'NONE',  ( 15.37273248786049962, -20.81363375606980171, 35.00000000000000000 ) ) ;
#3946 = VERTEX_POINT ( 'NONE', #161 ) ;
#3947 = APPROVAL_ROLE ( '' ) ;
#3948 = ADVANCED_FACE ( 'NONE', ( #3829 ), #3223, .F. ) ;
#3949 = LINE ( 'NONE', #305, #1280 ) ;
#3950 = DIRECTION ( 'NONE',  ( 0.000000000000000000, 0.000000000000000000, -1.000000000000000000 ) ) ;
#3951 = FACE_OUTER_BOUND ( 'NONE', #1935, .T. ) ;
#3952 = VERTEX_POINT ( 'NONE', #485 ) ;
#3953 = AXIS2_PLACEMENT_3D ( 'NONE', #3747, #741, #98 ) ;
#3954 = ORIENTED_EDGE ( 'NONE', *, *, #1951, .T. ) ;
#3955 = EDGE_LOOP ( 'NONE', ( #3611, #2933, #1522, #3263, #1088, #2265 ) ) ;
#3956 = DIRECTION ( 'NONE',  ( -1.000000000000000000, 0.000000000000000000, 0.000000000000000000 ) ) ;
#3957 = DIRECTION ( 'NONE',  ( 0.000000000000000000, -1.000000000000000000, 0.000000000000000000 ) ) ;
#3958 = ORIENTED_EDGE ( 'NONE', *, *, #3772, .F. ) ;
#3959 = VECTOR ( 'NONE', #3176, 1000.000000000000000 ) ;
#3960 = VERTEX_POINT ( 'NONE', #3813 ) ;
#3961 = LINE ( 'NONE', #282, #1921 ) ;
#3962 = VECTOR ( 'NONE', #2725, 1000.000000000000000 ) ;
#3963 = LINE ( 'NONE', #3054, #2504 ) ;
#3964 = AXIS2_PLACEMENT_3D ( 'NONE', #1295, #1660, #2545 ) ;
#3965 = CARTESIAN_POINT ( 'NONE',  ( 2.372732487860489847, -22.36027302703473296, 0.000000000000000000 ) ) ;
#3966 = ORIENTED_EDGE ( 'NONE', *, *, #546, .F. ) ;
#3967 = VECTOR ( 'NONE', #3942, 1000.000000000000000 ) ;
#3968 = EDGE_CURVE ( 'NONE', #3361, #1362, #1997, .T. ) ;
#3969 = AXIS2_PLACEMENT_3D ( 'NONE', #3307, #2028, #1767 ) ;
ENDSEC;
END-ISO-10303-21;
