ISO-10303-21;
HEADER;
FILE_DESCRIPTION (( 'STEP AP203' ),
    '1' );
FILE_NAME ('F_car_battery_box_V3_100x45x35_t2.STEP',
    '2026-09-10T08:22:44',
    ( '' ),
    ( '' ),
    'SwSTEP 2.0',
    'SolidWorks 2026',
    '' );
FILE_SCHEMA (( 'CONFIG_CONTROL_DESIGN' ));
ENDSEC;

DATA;
#1 = CARTESIAN_POINT ( 'NONE',  ( 50.00000000000000000, 45.00000000000000000, 35.00000000000000000 ) ) ;
#2 = CARTESIAN_POINT ( 'NONE',  ( 44.20000000000000284, 40.00000000000000000, 33.00000000000000000 ) ) ;
#3 = DIRECTION ( 'NONE',  ( -1.000000000000000000, -0.000000000000000000, -0.000000000000000000 ) ) ;
#4 = VERTEX_POINT ( 'NONE', #1933 ) ;
#5 = VECTOR ( 'NONE', #1661, 1000.000000000000000 ) ;
#6 = EDGE_CURVE ( 'NONE', #448, #344, #542, .T. ) ;
#7 = CARTESIAN_POINT ( 'NONE',  ( 21.69999999999999929, -26.00000000000000355, 15.69999999999999929 ) ) ;
#8 = ORIENTED_EDGE ( 'NONE', *, *, #420, .T. ) ;
#9 = DIRECTION ( 'NONE',  ( 0.000000000000000000, -1.000000000000000000, 0.000000000000000000 ) ) ;
#10 = CARTESIAN_POINT ( 'NONE',  ( -50.00000000000000000, 45.00000000000000000, 0.000000000000000000 ) ) ;
#11 = DIRECTION ( 'NONE',  ( 1.000000000000000000, 0.000000000000000000, 0.000000000000000000 ) ) ;
#12 = CARTESIAN_POINT ( 'NONE',  ( -50.00000000000000000, 45.00000000000000000, 35.00000000000000000 ) ) ;
#13 = LINE ( 'NONE', #2027, #1729 ) ;
#14 = LINE ( 'NONE', #28, #2146 ) ;
#15 = ORIENTED_EDGE ( 'NONE', *, *, #937, .F. ) ;
#16 = APPROVAL ( #1070, '未' ) ;
#17 = DIRECTION ( 'NONE',  ( 0.000000000000000000, -1.000000000000000000, 0.000000000000000000 ) ) ;
#18 = ORIENTED_EDGE ( 'NONE', *, *, #515, .F. ) ;
#19 = VERTEX_POINT ( 'NONE', #2170 ) ;
#20 = CYLINDRICAL_SURFACE ( 'NONE', #612, 1.700000000000000178 ) ;
#21 = ORIENTED_EDGE ( 'NONE', *, *, #1180, .T. ) ;
#22 = DIRECTION ( 'NONE',  ( 1.000000000000000000, 0.000000000000000000, 0.000000000000000000 ) ) ;
#23 = DIRECTION ( 'NONE',  ( 1.000000000000000000, 0.000000000000000000, -0.000000000000000000 ) ) ;
#24 = VECTOR ( 'NONE', #2134, 1000.000000000000000 ) ;
#25 = CARTESIAN_POINT ( 'NONE',  ( 20.00000000000000000, -26.00000000000000355, 15.69999999999999929 ) ) ;
#26 = APPROVAL_DATE_TIME ( #1797, #1740 ) ;
#27 = LINE ( 'NONE', #660, #124 ) ;
#28 = CARTESIAN_POINT ( 'NONE',  ( 48.00000000000000000, 2.000000000000001776, 2.000000000000000000 ) ) ;
#29 = ORIENTED_EDGE ( 'NONE', *, *, #2443, .F. ) ;
#30 = EDGE_CURVE ( 'NONE', #2457, #1688, #2519, .T. ) ;
#31 = CARTESIAN_POINT ( 'NONE',  ( 44.20000000000000284, -20.00000000000000000, 25.00000000000000000 ) ) ;
#32 = ORIENTED_EDGE ( 'NONE', *, *, #1943, .F. ) ;
#33 = VERTEX_POINT ( 'NONE', #1774 ) ;
#34 = DIRECTION ( 'NONE',  ( 0.000000000000000000, 0.000000000000000000, -1.000000000000000000 ) ) ;
#35 = AXIS2_PLACEMENT_3D ( 'NONE', #239, #269, #2222 ) ;
#36 = EDGE_LOOP ( 'NONE', ( #1709, #1845, #1651, #806, #1833, #369, #1506, #1141, #314 ) ) ;
#37 = FACE_OUTER_BOUND ( 'NONE', #791, .T. ) ;
#38 = EDGE_CURVE ( 'NONE', #668, #2223, #1119, .T. ) ;
#39 = CARTESIAN_POINT ( 'NONE',  ( -55.00000000000000000, -28.50000000000000000, 25.00000000000000000 ) ) ;
#40 = DIRECTION ( 'NONE',  ( -0.000000000000000000, -0.000000000000000000, -1.000000000000000000 ) ) ;
#41 = LINE ( 'NONE', #2369, #1553 ) ;
#42 = EDGE_CURVE ( 'NONE', #1090, #1665, #1381, .T. ) ;
#43 = CYLINDRICAL_SURFACE ( 'NONE', #753, 1.700000000000000178 ) ;
#44 = CIRCLE ( 'NONE', #715, 1.700000000000000178 ) ;
#45 = CARTESIAN_POINT ( 'NONE',  ( -50.00000000000000000, 45.00000000000000000, 35.00000000000000000 ) ) ;
#46 = VERTEX_POINT ( 'NONE', #790 ) ;
#47 = ORIENTED_EDGE ( 'NONE', *, *, #2137, .T. ) ;
#48 = ORIENTED_EDGE ( 'NONE', *, *, #1425, .F. ) ;
#49 = LINE ( 'NONE', #1650, #2224 ) ;
#50 = EDGE_CURVE ( 'NONE', #2327, #1994, #141, .T. ) ;
#51 = ORIENTED_EDGE ( 'NONE', *, *, #937, .T. ) ;
#52 = FACE_BOUND ( 'NONE', #1089, .T. ) ;
#53 = EDGE_CURVE ( 'NONE', #1261, #211, #1854, .T. ) ;
#54 = DIRECTION ( 'NONE',  ( -0.000000000000000000, -0.000000000000000000, 1.000000000000000000 ) ) ;
#55 = EDGE_CURVE ( 'NONE', #2223, #668, #149, .T. ) ;
#56 = APPLICATION_PROTOCOL_DEFINITION ( 'international standard', 'config_control_design', 1994, #1821 ) ;
#57 = CARTESIAN_POINT ( 'NONE',  ( 50.00000000000000000, -26.00000000000000355, 15.69999999999999929 ) ) ;
#58 = CYLINDRICAL_SURFACE ( 'NONE', #1917, 1.700000000000000178 ) ;
#59 = EDGE_LOOP ( 'NONE', ( #2491, #1507, #879, #2105, #2431, #2063 ) ) ;
#60 = ORIENTED_EDGE ( 'NONE', *, *, #746, .T. ) ;
#61 = LINE ( 'NONE', #859, #2537 ) ;
#62 = ORIENTED_EDGE ( 'NONE', *, *, #1996, .F. ) ;
#63 = FACE_OUTER_BOUND ( 'NONE', #2429, .T. ) ;
#64 = PLANE ( 'NONE',  #2276 ) ;
#65 = AXIS2_PLACEMENT_3D ( 'NONE', #1979, #1560, #437 ) ;
#66 = CARTESIAN_POINT ( 'NONE',  ( 47.50000000000000000, -55.00000000000000000, 25.00000000000000000 ) ) ;
#67 = EDGE_LOOP ( 'NONE', ( #525, #1853 ) ) ;
#68 = AXIS2_PLACEMENT_3D ( 'NONE', #2330, #563, #2139 ) ;
#69 = CC_DESIGN_APPROVAL ( #1740, ( #1249 ) ) ;
#70 = ORIENTED_EDGE ( 'NONE', *, *, #2554, .T. ) ;
#71 = CARTESIAN_POINT ( 'NONE',  ( -20.00000000000000000, -26.00000000000000355, 13.99999999999999822 ) ) ;
#72 = ORIENTED_EDGE ( 'NONE', *, *, #2266, .T. ) ;
#73 = CARTESIAN_POINT ( 'NONE',  ( -37.50000000000000711, 0.000000000000000000, 0.000000000000000000 ) ) ;
#74 = ORIENTED_EDGE ( 'NONE', *, *, #688, .T. ) ;
#75 = CALENDAR_DATE ( 2026, 10, 9 ) ;
#76 = EDGE_CURVE ( 'NONE', #511, #1319, #566, .T. ) ;
#77 = CARTESIAN_POINT ( 'NONE',  ( 52.50000000000000000, -26.00000000000000000, 25.00000000000000000 ) ) ;
#78 = ORIENTED_EDGE ( 'NONE', *, *, #171, .T. ) ;
#79 = CIRCLE ( 'NONE', #1692, 1.700000000000000178 ) ;
#80 = EDGE_CURVE ( 'NONE', #2057, #880, #167, .T. ) ;
#81 = AXIS2_PLACEMENT_3D ( 'NONE', #2411, #1058, #852 ) ;
#83 = ORIENTED_EDGE ( 'NONE', *, *, #2185, .T. ) ;
#82 = CARTESIAN_POINT ( 'NONE',  ( 52.50000000000000000, -65.00000000000000000, 25.00000000000000000 ) ) ;
#84 = ORIENTED_EDGE ( 'NONE', *, *, #2326, .T. ) ;
#85 = ORIENTED_EDGE ( 'NONE', *, *, #2303, .T. ) ;
#86 = CARTESIAN_POINT ( 'NONE',  ( 48.30000000000000426, -28.50000000000000000, 22.30000000000000071 ) ) ;
#87 = PLANE ( 'NONE',  #2039 ) ;
#88 = AXIS2_PLACEMENT_3D ( 'NONE', #2532, #2123, #2029 ) ;
#89 = ORIENTED_EDGE ( 'NONE', *, *, #669, .T. ) ;
#90 = PLANE ( 'NONE',  #736 ) ;
#91 = ORIENTED_EDGE ( 'NONE', *, *, #1825, .T. ) ;
#92 = PERSON_AND_ORGANIZATION ( #2439, #1513 ) ;
#93 = ORIENTED_EDGE ( 'NONE', *, *, #468, .F. ) ;
#94 = CARTESIAN_POINT ( 'NONE',  ( -47.50000000000000000, -55.00000000000000000, 35.00000000000000000 ) ) ;
#95 = VERTEX_POINT ( 'NONE', #1365 ) ;
#96 = ORIENTED_EDGE ( 'NONE', *, *, #688, .F. ) ;
#97 = DIRECTION ( 'NONE',  ( 0.000000000000000000, 0.000000000000000000, 1.000000000000000000 ) ) ;
#98 = CYLINDRICAL_SURFACE ( 'NONE', #2120, 1.700000000000000178 ) ;
#99 = DIRECTION ( 'NONE',  ( -0.000000000000000000, -0.000000000000000000, -1.000000000000000000 ) ) ;
#100 = EDGE_LOOP ( 'NONE', ( #741, #1094, #470, #1130 ) ) ;
#101 = AXIS2_PLACEMENT_3D ( 'NONE', #385, #347, #1140 ) ;
#102 = DIRECTION ( 'NONE',  ( 1.000000000000000000, 0.000000000000000000, 0.000000000000000000 ) ) ;
#103 = EDGE_LOOP ( 'NONE', ( #966, #2350, #1475, #2260 ) ) ;
#104 = VECTOR ( 'NONE', #624, 1000.000000000000000 ) ;
#105 = EDGE_CURVE ( 'NONE', #478, #1843, #2399, .T. ) ;
#106 = DIRECTION ( 'NONE',  ( 1.000000000000000000, 0.000000000000000000, 0.000000000000000000 ) ) ;
#107 = CARTESIAN_POINT ( 'NONE',  ( -48.30000000000000426, -26.00000000000000355, 15.69999999999999929 ) ) ;
#109 = ORIENTED_EDGE ( 'NONE', *, *, #229, .T. ) ;
#108 = DIRECTION ( 'NONE',  ( 0.000000000000000000, 0.000000000000000000, -1.000000000000000000 ) ) ;
#110 = ORIENTED_EDGE ( 'NONE', *, *, #2032, .T. ) ;
#111 = AXIS2_PLACEMENT_3D ( 'NONE', #2544, #977, #34 ) ;
#112 = ADVANCED_FACE ( 'NONE', ( #2425 ), #2049, .F. ) ;
#113 = VECTOR ( 'NONE', #2167, 1000.000000000000000 ) ;
#114 = CARTESIAN_POINT ( 'NONE',  ( 37.50000000000000711, -25.00000000000000000, 25.00000000000000000 ) ) ;
#115 = ORIENTED_EDGE ( 'NONE', *, *, #707, .F. ) ;
#116 = EDGE_CURVE ( 'NONE', #1090, #1373, #635, .T. ) ;
#117 = CARTESIAN_POINT ( 'NONE',  ( 49.20000000000000284, -15.00000000000000000, 25.00000000000000000 ) ) ;
#118 = EDGE_CURVE ( 'NONE', #2543, #4, #2269, .T. ) ;
#119 = VERTEX_POINT ( 'NONE', #430 ) ;
#120 = DIRECTION ( 'NONE',  ( 0.000000000000000000, 0.000000000000000000, 1.000000000000000000 ) ) ;
#121 = ORIENTED_EDGE ( 'NONE', *, *, #2226, .F. ) ;
#122 = ORIENTED_EDGE ( 'NONE', *, *, #781, .F. ) ;
#123 = VERTEX_POINT ( 'NONE', #661 ) ;
#124 = VECTOR ( 'NONE', #2423, 1000.000000000000000 ) ;
#125 = PLANE ( 'NONE',  #1067 ) ;
#126 = CIRCLE ( 'NONE', #675, 1.700000000000000178 ) ;
#127 = VERTEX_POINT ( 'NONE', #1446 ) ;
#128 = CARTESIAN_POINT ( 'NONE',  ( 37.50000000000000711, -25.00000000000000000, 25.00000000000000000 ) ) ;
#129 = CIRCLE ( 'NONE', #1700, 1.700000000000000178 ) ;
#130 = EDGE_CURVE ( 'NONE', #1670, #1261, #1029, .T. ) ;
#131 = CARTESIAN_POINT ( 'NONE',  ( -37.50000000000000711, -25.00000000000000000, 35.00000000000000000 ) ) ;
#132 = ORIENTED_EDGE ( 'NONE', *, *, #1432, .T. ) ;
#133 = ORIENTED_EDGE ( 'NONE', *, *, #1871, .F. ) ;
#134 = EDGE_LOOP ( 'NONE', ( #333, #302, #2546, #689, #1834, #2021, #663, #1961 ) ) ;
#135 = DIRECTION ( 'NONE',  ( 0.000000000000000000, -0.000000000000000000, 1.000000000000000000 ) ) ;
#136 = ORIENTED_EDGE ( 'NONE', *, *, #2497, .F. ) ;
#137 = DIRECTION ( 'NONE',  ( -1.000000000000000000, 0.000000000000000000, -0.000000000000000000 ) ) ;
#138 = LINE ( 'NONE', #1715, #2159 ) ;
#139 = DIRECTION ( 'NONE',  ( -1.000000000000000000, -0.000000000000000000, -0.000000000000000000 ) ) ;
#140 = LINE ( 'NONE', #1526, #2017 ) ;
#141 = LINE ( 'NONE', #1721, #2305 ) ;
#142 = ORIENTED_EDGE ( 'NONE', *, *, #549, .T. ) ;
#143 = EDGE_CURVE ( 'NONE', #1181, #1641, #2182, .T. ) ;
#144 = PLANE ( 'NONE',  #1084 ) ;
#145 = VECTOR ( 'NONE', #611, 1000.000000000000000 ) ;
#146 = FACE_BOUND ( 'NONE', #459, .T. ) ;
#147 = AXIS2_PLACEMENT_3D ( 'NONE', #1719, #1958, #555 ) ;
#148 = ORIENTED_EDGE ( 'NONE', *, *, #276, .F. ) ;
#149 = CIRCLE ( 'NONE', #1194, 1.700000000000000178 ) ;
#150 = CARTESIAN_POINT ( 'NONE',  ( 50.00000000000000000, -26.00000000000000355, 22.30000000000000071 ) ) ;
#151 = EDGE_CURVE ( 'NONE', #1665, #1181, #469, .T. ) ;
#152 = DIRECTION ( 'NONE',  ( -1.000000000000000000, 0.000000000000000000, -0.000000000000000000 ) ) ;
#153 = CARTESIAN_POINT ( 'NONE',  ( -20.00000000000000000, -28.50000000000000000, 22.30000000000000071 ) ) ;
#154 = CARTESIAN_POINT ( 'NONE',  ( 37.50000000000000711, -25.00000000000000000, 35.00000000000000000 ) ) ;
#155 = DIRECTION ( 'NONE',  ( -1.000000000000000000, -0.000000000000000000, -0.000000000000000000 ) ) ;
#156 = VERTEX_POINT ( 'NONE', #803 ) ;
#157 = DIRECTION ( 'NONE',  ( 0.000000000000000000, 0.000000000000000000, 1.000000000000000000 ) ) ;
#158 = FACE_BOUND ( 'NONE', #1006, .T. ) ;
#159 = VECTOR ( 'NONE', #2352, 1000.000000000000000 ) ;
#160 = ORIENTED_EDGE ( 'NONE', *, *, #2311, .F. ) ;
#161 = CIRCLE ( 'NONE', #755, 1.700000000000000178 ) ;
#162 = AXIS2_PLACEMENT_3D ( 'NONE', #969, #2354, #1377 ) ;
#163 = CARTESIAN_POINT ( 'NONE',  ( 44.20000000000000284, 40.00000000000000000, 35.00000000000000000 ) ) ;
#164 = CYLINDRICAL_SURFACE ( 'NONE', #2464, 1.700000000000000178 ) ;
#165 = CARTESIAN_POINT ( 'NONE',  ( -48.30000000000000426, -26.00000000000000000, 22.30000000000000071 ) ) ;
#166 = CARTESIAN_POINT ( 'NONE',  ( -20.00000000000000000, -26.00000000000000355, 15.69999999999999929 ) ) ;
#167 = LINE ( 'NONE', #2346, #745 ) ;
#168 = ORIENTED_EDGE ( 'NONE', *, *, #1237, .F. ) ;
#169 = PLANE ( 'NONE',  #1989 ) ;
#170 = DIRECTION ( 'NONE',  ( -0.000000000000000000, -1.000000000000000000, -0.000000000000000000 ) ) ;
#171 = EDGE_CURVE ( 'NONE', #19, #127, #14, .T. ) ;
#172 = ORIENTED_EDGE ( 'NONE', *, *, #2086, .F. ) ;
#173 = DIRECTION ( 'NONE',  ( 0.000000000000000000, -1.000000000000000000, 0.000000000000000000 ) ) ;
#174 = AXIS2_PLACEMENT_3D ( 'NONE', #1228, #1627, #2413 ) ;
#175 = CYLINDRICAL_SURFACE ( 'NONE', #876, 1.700000000000000178 ) ;
#176 = CARTESIAN_POINT ( 'NONE',  ( -42.50000000000000000, -25.00000000000000000, 35.00000000000000000 ) ) ;
#177 = DIRECTION ( 'NONE',  ( 0.000000000000000000, 0.000000000000000000, 1.000000000000000000 ) ) ;
#178 = FACE_OUTER_BOUND ( 'NONE', #848, .T. ) ;
#179 = ORIENTED_EDGE ( 'NONE', *, *, #1598, .T. ) ;
#180 = EDGE_CURVE ( 'NONE', #1846, #1080, #2236, .T. ) ;
#181 = CARTESIAN_POINT ( 'NONE',  ( -18.30000000000000071, -26.00000000000000355, 15.69999999999999929 ) ) ;
#182 = CARTESIAN_POINT ( 'NONE',  ( 47.50000000000000000, -15.00000000000000000, 35.00000000000000000 ) ) ;
#183 = EDGE_CURVE ( 'NONE', #463, #1575, #813, .T. ) ;
#184 = VECTOR ( 'NONE', #805, 1000.000000000000000 ) ;
#185 = ORIENTED_EDGE ( 'NONE', *, *, #389, .F. ) ;
#186 = DIRECTION ( 'NONE',  ( 1.000000000000000000, 0.000000000000000000, -0.000000000000000000 ) ) ;
#187 = AXIS2_PLACEMENT_3D ( 'NONE', #1020, #868, #667 ) ;
#188 = EDGE_CURVE ( 'NONE', #1037, #46, #2372, .T. ) ;
#189 = CARTESIAN_POINT ( 'NONE',  ( -50.00000000000000000, -26.00000000000000355, 15.69999999999999929 ) ) ;
#190 = EDGE_CURVE ( 'NONE', #878, #2040, #210, .T. ) ;
#191 = EDGE_CURVE ( 'NONE', #495, #1689, #2208, .T. ) ;
#192 = FACE_OUTER_BOUND ( 'NONE', #901, .T. ) ;
#193 = CARTESIAN_POINT ( 'NONE',  ( 51.70000000000000284, -26.00000000000000355, 15.69999999999999929 ) ) ;
#194 = DIRECTION ( 'NONE',  ( -0.000000000000000000, -0.000000000000000000, 1.000000000000000000 ) ) ;
#195 = LINE ( 'NONE', #2529, #1491 ) ;
#196 = EDGE_CURVE ( 'NONE', #46, #2473, #79, .T. ) ;
#197 = ORIENTED_EDGE ( 'NONE', *, *, #2545, .F. ) ;
#198 = CARTESIAN_POINT ( 'NONE',  ( 0.000000000000000000, -65.00000000000000000, 0.000000000000000000 ) ) ;
#199 = ORIENTED_EDGE ( 'NONE', *, *, #2480, .T. ) ;
#200 = CARTESIAN_POINT ( 'NONE',  ( 42.50000000000000000, -25.99999999999999645, 25.00000000000000000 ) ) ;
#201 = CARTESIAN_POINT ( 'NONE',  ( -55.00000000000000000, -28.50000000000000000, 25.00000000000000000 ) ) ;
#202 = VECTOR ( 'NONE', #826, 1000.000000000000000 ) ;
#203 = DIRECTION ( 'NONE',  ( 0.000000000000000000, -1.000000000000000000, 0.000000000000000000 ) ) ;
#204 = DIRECTION ( 'NONE',  ( -1.000000000000000000, -0.000000000000000000, -0.000000000000000000 ) ) ;
#205 = ADVANCED_FACE ( 'NONE', ( #1015 ), #58, .F. ) ;
#206 = AXIS2_PLACEMENT_3D ( 'NONE', #816, #226, #1600 ) ;
#207 = CARTESIAN_POINT ( 'NONE',  ( -55.00000000000000000, -28.50000000000000000, 25.00000000000000000 ) ) ;
#208 = DIRECTION ( 'NONE',  ( 0.000000000000000000, 1.000000000000000000, 0.000000000000000000 ) ) ;
#209 = CARTESIAN_POINT ( 'NONE',  ( -37.50000000000000711, -25.00000000000000000, 25.00000000000000000 ) ) ;
#210 = LINE ( 'NONE', #1594, #1362 ) ;
#211 = VERTEX_POINT ( 'NONE', #443 ) ;
#212 = AXIS2_PLACEMENT_3D ( 'NONE', #509, #1885, #108 ) ;
#213 = EDGE_LOOP ( 'NONE', ( #2004, #434, #1805, #121 ) ) ;
#214 = ORIENTED_EDGE ( 'NONE', *, *, #545, .F. ) ;
#215 = CARTESIAN_POINT ( 'NONE',  ( -42.50000000000000000, -65.00000000000000000, 25.00000000000000000 ) ) ;
#216 = ORIENTED_EDGE ( 'NONE', *, *, #1585, .T. ) ;
#217 = FACE_OUTER_BOUND ( 'NONE', #1780, .T. ) ;
#218 = ADVANCED_FACE ( 'NONE', ( #830 ), #1611, .F. ) ;
#219 = CARTESIAN_POINT ( 'NONE',  ( 50.00000000000000000, 45.00000000000000000, 35.00000000000000000 ) ) ;
#220 = CARTESIAN_POINT ( 'NONE',  ( 18.30000000000000071, -26.00000000000000355, 22.30000000000000071 ) ) ;
#221 = LINE ( 'NONE', #2011, #1441 ) ;
#222 = EDGE_CURVE ( 'NONE', #1009, #1632, #1436, .T. ) ;
#223 = LINE ( 'NONE', #1268, #989 ) ;
#224 = CARTESIAN_POINT ( 'NONE',  ( 47.50000000000000000, -55.00000000000000000, 35.00000000000000000 ) ) ;
#225 = EDGE_LOOP ( 'NONE', ( #1233, #2495, #415, #74 ) ) ;
#226 = DIRECTION ( 'NONE',  ( 0.000000000000000000, 0.000000000000000000, 1.000000000000000000 ) ) ;
#227 = ORIENTED_EDGE ( 'NONE', *, *, #1754, .F. ) ;
#228 = ORIENTED_EDGE ( 'NONE', *, *, #2412, .T. ) ;
#229 = EDGE_CURVE ( 'NONE', #1181, #1330, #1638, .T. ) ;
#230 = LINE ( 'NONE', #820, #184 ) ;
#231 = EDGE_LOOP ( 'NONE', ( #2479, #936, #831, #1144 ) ) ;
#232 = DIRECTION ( 'NONE',  ( 1.000000000000000000, 0.000000000000000000, 0.000000000000000000 ) ) ;
#233 = CARTESIAN_POINT ( 'NONE',  ( -52.50000000000000000, -65.00000000000000000, 25.00000000000000000 ) ) ;
#234 = CIRCLE ( 'NONE', #111, 1.700000000000000178 ) ;
#235 = CARTESIAN_POINT ( 'NONE',  ( 50.00000000000000000, 0.000000000000000000, 35.00000000000000000 ) ) ;
#236 = CARTESIAN_POINT ( 'NONE',  ( 37.50000000000000711, -15.00000000000000000, 35.00000000000000000 ) ) ;
#237 = VECTOR ( 'NONE', #1731, 1000.000000000000000 ) ;
#238 = DIRECTION ( 'NONE',  ( -0.000000000000000000, -0.000000000000000000, -1.000000000000000000 ) ) ;
#239 = CARTESIAN_POINT ( 'NONE',  ( 42.50000000000000000, -20.00000000000000000, 35.00000000000000000 ) ) ;
#240 = EDGE_CURVE ( 'NONE', #2228, #2225, #2458, .T. ) ;
#241 = EDGE_LOOP ( 'NONE', ( #1518, #1912, #1920, #893 ) ) ;
#242 = LINE ( 'NONE', #1032, #720 ) ;
#243 = ORIENTED_EDGE ( 'NONE', *, *, #171, .F. ) ;
#244 = LINE ( 'NONE', #1835, #701 ) ;
#245 = CLOSED_SHELL ( 'NONE', ( #845, #1382, #1230, #405, #205, #2475, #2421, #1749, #847, #968, #317, #2206, #1948, #1879, #849, #1962, #787, #817, #2148, #1985, #1234, #1501, #1121, #472, #2016, #656, #2379, #1606, #814, #297, #2483, #1036, #948, #2100, #1723, #2219, #875, #1696, #2044, #1956, #2047, #583, #905, #573, #264, #477, #218, #1680, #2328, #1884, #693, #1336, #2467, #916, #1323, #2373, #926, #1509, #1718, #505, #1154, #1244, #625, #1112, #1338, #2489, #2144, #2140, #1952, #112, #955, #1201, #1916, #2393, #1669 ) ) ;
#246 = ORIENTED_EDGE ( 'NONE', *, *, #76, .T. ) ;
#247 = DIRECTION ( 'NONE',  ( -1.000000000000000000, 0.000000000000000000, 0.000000000000000000 ) ) ;
#248 = CARTESIAN_POINT ( 'NONE',  ( -21.69999999999999929, -26.00000000000000355, 22.30000000000000071 ) ) ;
#249 = FACE_OUTER_BOUND ( 'NONE', #2442, .T. ) ;
#250 = ORIENTED_EDGE ( 'NONE', *, *, #1117, .F. ) ;
#251 = COORDINATED_UNIVERSAL_TIME_OFFSET ( 8, 0, .AHEAD. ) ;
#252 = DIRECTION ( 'NONE',  ( -0.000000000000000000, -0.000000000000000000, 1.000000000000000000 ) ) ;
#253 = DIRECTION ( 'NONE',  ( -0.000000000000000000, -1.000000000000000000, -0.000000000000000000 ) ) ;
#254 = AXIS2_PLACEMENT_3D ( 'NONE', #366, #1538, #1931 ) ;
#255 = CARTESIAN_POINT ( 'NONE',  ( 42.50000000000000000, -65.00000000000000000, 25.00000000000000000 ) ) ;
#256 = ORIENTED_EDGE ( 'NONE', *, *, #1561, .F. ) ;
#257 = VECTOR ( 'NONE', #2178, 1000.000000000000000 ) ;
#258 = EDGE_LOOP ( 'NONE', ( #696, #1250, #358, #2186 ) ) ;
#259 = CIRCLE ( 'NONE', #206, 1.700000000000000178 ) ;
#260 = ORIENTED_EDGE ( 'NONE', *, *, #1844, .F. ) ;
#261 = CARTESIAN_POINT ( 'NONE',  ( -37.50000000000000711, -15.00000000000000000, 25.00000000000000000 ) ) ;
#262 = ORIENTED_EDGE ( 'NONE', *, *, #1532, .T. ) ;
#263 = DIRECTION ( 'NONE',  ( 0.000000000000000000, 0.000000000000000000, 1.000000000000000000 ) ) ;
#264 = ADVANCED_FACE ( 'NONE', ( #750 ), #1528, .F. ) ;
#265 = ORIENTED_EDGE ( 'NONE', *, *, #1954, .T. ) ;
#266 = PERSON_AND_ORGANIZATION ( #2439, #1513 ) ;
#267 = PLANE ( 'NONE',  #81 ) ;
#268 = DIRECTION ( 'NONE',  ( 1.000000000000000000, 0.000000000000000000, 0.000000000000000000 ) ) ;
#269 = DIRECTION ( 'NONE',  ( 0.000000000000000000, 0.000000000000000000, 1.000000000000000000 ) ) ;
#270 = ORIENTED_EDGE ( 'NONE', *, *, #1083, .T. ) ;
#271 = CARTESIAN_POINT ( 'NONE',  ( -52.50000000000000000, 0.000000000000000000, 25.00000000000000000 ) ) ;
#272 = ORIENTED_EDGE ( 'NONE', *, *, #1791, .F. ) ;
#273 = VERTEX_POINT ( 'NONE', #934 ) ;
#274 = CARTESIAN_POINT ( 'NONE',  ( -42.50000000000000000, 40.00000000000000000, 35.00000000000000000 ) ) ;
#275 = ORIENTED_EDGE ( 'NONE', *, *, #352, .F. ) ;
#276 = EDGE_CURVE ( 'NONE', #287, #1153, #2107, .T. ) ;
#277 = PLANE ( 'NONE',  #1971 ) ;
#278 = ORIENTED_EDGE ( 'NONE', *, *, #196, .F. ) ;
#279 = EDGE_CURVE ( 'NONE', #2085, #519, #1849, .T. ) ;
#280 = DIRECTION ( 'NONE',  ( -0.000000000000000000, -0.000000000000000000, 1.000000000000000000 ) ) ;
#281 = VECTOR ( 'NONE', #99, 1000.000000000000000 ) ;
#282 = ORIENTED_EDGE ( 'NONE', *, *, #1837, .F. ) ;
#283 = EDGE_CURVE ( 'NONE', #433, #815, #716, .T. ) ;
#284 = CC_DESIGN_APPROVAL ( #16, ( #614 ) ) ;
#286 = EDGE_LOOP ( 'NONE', ( #2273, #902, #1867, #1302 ) ) ;
#285 = LINE ( 'NONE', #1075, #2042 ) ;
#287 = VERTEX_POINT ( 'NONE', #1882 ) ;
#288 = ORIENTED_EDGE ( 'NONE', *, *, #392, .F. ) ;
#289 = LINE ( 'NONE', #692, #938 ) ;
#290 = VECTOR ( 'NONE', #414, 1000.000000000000000 ) ;
#291 = EDGE_LOOP ( 'NONE', ( #1287, #1051, #1320, #1667 ) ) ;
#292 = DIRECTION ( 'NONE',  ( 1.000000000000000000, 0.000000000000000000, 0.000000000000000000 ) ) ;
#293 = LINE ( 'NONE', #1092, #1658 ) ;
#294 = ORIENTED_EDGE ( 'NONE', *, *, #1760, .T. ) ;
#295 = FACE_OUTER_BOUND ( 'NONE', #1427, .T. ) ;
#296 = PERSON_AND_ORGANIZATION_ROLE ( 'classification_officer' ) ;
#297 = ADVANCED_FACE ( 'NONE', ( #1701, #1493, #299 ), #1282, .F. ) ;
#298 = VECTOR ( 'NONE', #1782, 1000.000000000000000 ) ;
#299 = FACE_OUTER_BOUND ( 'NONE', #832, .T. ) ;
#301 = ORIENTED_EDGE ( 'NONE', *, *, #1053, .F. ) ;
#300 = DIRECTION ( 'NONE',  ( -0.000000000000000000, 1.000000000000000000, -0.000000000000000000 ) ) ;
#302 = ORIENTED_EDGE ( 'NONE', *, *, #438, .T. ) ;
#303 = EDGE_LOOP ( 'NONE', ( #2446, #1273, #1468, #2171, #1088, #2183 ) ) ;
#304 = VECTOR ( 'NONE', #1223, 1000.000000000000000 ) ;
#305 = CARTESIAN_POINT ( 'NONE',  ( 21.69999999999999929, -28.50000000000000000, 22.30000000000000071 ) ) ;
#306 = AXIS2_PLACEMENT_3D ( 'NONE', #25, #827, #2395 ) ;
#307 = DIRECTION ( 'NONE',  ( -0.000000000000000000, -0.000000000000000000, 1.000000000000000000 ) ) ;
#308 = ORIENTED_EDGE ( 'NONE', *, *, #1275, .T. ) ;
#309 = LINE ( 'NONE', #128, #589 ) ;
#310 = ORIENTED_EDGE ( 'NONE', *, *, #315, .T. ) ;
#311 = EDGE_CURVE ( 'NONE', #2081, #1741, #652, .T. ) ;
#312 = CARTESIAN_POINT ( 'NONE',  ( 42.50000000000000000, -28.49999999999999645, 25.00000000000000000 ) ) ;
#313 = ORIENTED_EDGE ( 'NONE', *, *, #2188, .T. ) ;
#314 = ORIENTED_EDGE ( 'NONE', *, *, #1559, .F. ) ;
#315 = EDGE_CURVE ( 'NONE', #2286, #1442, #727, .T. ) ;
#316 = DIRECTION ( 'NONE',  ( -0.000000000000000000, -0.000000000000000000, -1.000000000000000000 ) ) ;
#317 = ADVANCED_FACE ( 'NONE', ( #888 ), #1668, .F. ) ;
#318 = LINE ( 'NONE', #528, #975 ) ;
#319 = EDGE_CURVE ( 'NONE', #896, #1703, #1368, .T. ) ;
#320 = VERTEX_POINT ( 'NONE', #898 ) ;
#321 = DATE_AND_TIME ( #1057, #825 ) ;
#322 = VECTOR ( 'NONE', #1195, 1000.000000000000000 ) ;
#323 = DIRECTION ( 'NONE',  ( 1.000000000000000000, 0.000000000000000000, 0.000000000000000000 ) ) ;
#324 = EDGE_CURVE ( 'NONE', #1523, #511, #2296, .T. ) ;
#325 = DIRECTION ( 'NONE',  ( -0.000000000000000000, -1.000000000000000000, -0.000000000000000000 ) ) ;
#326 = VERTEX_POINT ( 'NONE', #1897 ) ;
#327 = EDGE_LOOP ( 'NONE', ( #18, #2347, #1861, #776 ) ) ;
#328 = AXIS2_PLACEMENT_3D ( 'NONE', #749, #706, #1185 ) ;
#329 = CARTESIAN_POINT ( 'NONE',  ( 37.50000000000000711, -25.00000000000000000, 35.00000000000000000 ) ) ;
#330 = CC_DESIGN_PERSON_AND_ORGANIZATION_ASSIGNMENT ( #1609, #441, ( #1249 ) ) ;
#331 = CARTESIAN_POINT ( 'NONE',  ( -45.79999999999999716, -55.00000000000000000, 25.00000000000000000 ) ) ;
#332 = DIRECTION ( 'NONE',  ( 0.000000000000000000, 0.000000000000000000, -1.000000000000000000 ) ) ;
#333 = ORIENTED_EDGE ( 'NONE', *, *, #183, .T. ) ;
#334 = CARTESIAN_POINT ( 'NONE',  ( -47.50000000000000000, -55.00000000000000000, 25.00000000000000000 ) ) ;
#335 = ORIENTED_EDGE ( 'NONE', *, *, #1561, .T. ) ;
#336 = DIRECTION ( 'NONE',  ( -0.000000000000000000, -0.000000000000000000, -1.000000000000000000 ) ) ;
#337 = VERTEX_POINT ( 'NONE', #909 ) ;
#338 = VERTEX_POINT ( 'NONE', #1910 ) ;
#339 = EDGE_LOOP ( 'NONE', ( #2494, #1019, #1988, #892 ) ) ;
#340 = VECTOR ( 'NONE', #1744, 1000.000000000000000 ) ;
#341 = AXIS2_PLACEMENT_3D ( 'NONE', #349, #1922, #951 ) ;
#342 = LINE ( 'NONE', #940, #2424 ) ;
#343 = VECTOR ( 'NONE', #1175, 1000.000000000000000 ) ;
#344 = VERTEX_POINT ( 'NONE', #532 ) ;
#345 = AXIS2_PLACEMENT_3D ( 'NONE', #695, #2256, #491 ) ;
#346 = CARTESIAN_POINT ( 'NONE',  ( 0.000000000000000000, 0.000000000000000000, 0.000000000000000000 ) ) ;
#347 = DIRECTION ( 'NONE',  ( 0.000000000000000000, 0.000000000000000000, 1.000000000000000000 ) ) ;
#348 = ORIENTED_EDGE ( 'NONE', *, *, #995, .T. ) ;
#349 = CARTESIAN_POINT ( 'NONE',  ( 20.00000000000000000, -28.50000000000000000, 22.30000000000000071 ) ) ;
#350 = CARTESIAN_POINT ( 'NONE',  ( -48.30000000000000426, -28.50000000000000000, 22.30000000000000071 ) ) ;
#351 = ORIENTED_EDGE ( 'NONE', *, *, #1690, .F. ) ;
#352 = EDGE_CURVE ( 'NONE', #419, #2337, #923, .T. ) ;
#353 = DIRECTION ( 'NONE',  ( 0.000000000000000000, -0.000000000000000000, 1.000000000000000000 ) ) ;
#354 = CARTESIAN_POINT ( 'NONE',  ( -47.50000000000000000, -15.00000000000000000, 25.00000000000000000 ) ) ;
#355 = LINE ( 'NONE', #1648, #1165 ) ;
#356 = CARTESIAN_POINT ( 'NONE',  ( -18.30000000000000071, -26.00000000000000355, 15.69999999999999929 ) ) ;
#357 = CARTESIAN_POINT ( 'NONE',  ( -47.50000000000000000, -55.00000000000000000, 25.00000000000000000 ) ) ;
#358 = ORIENTED_EDGE ( 'NONE', *, *, #2295, .F. ) ;
#359 = DIRECTION ( 'NONE',  ( -0.000000000000000000, 1.000000000000000000, 0.000000000000000000 ) ) ;
#360 = CIRCLE ( 'NONE', #65, 1.700000000000000178 ) ;
#361 = CARTESIAN_POINT ( 'NONE',  ( 0.000000000000000000, 0.000000000000000000, 35.00000000000000000 ) ) ;
#362 = AXIS2_PLACEMENT_3D ( 'NONE', #2516, #1673, #1160 ) ;
#363 = EDGE_LOOP ( 'NONE', ( #1900, #978 ) ) ;
#364 = DIRECTION ( 'NONE',  ( -0.000000000000000000, -0.000000000000000000, 1.000000000000000000 ) ) ;
#365 = FACE_OUTER_BOUND ( 'NONE', #2280, .T. ) ;
#366 = CARTESIAN_POINT ( 'NONE',  ( -47.50000000000000000, -15.00000000000000000, 35.00000000000000000 ) ) ;
#367 = CARTESIAN_POINT ( 'NONE',  ( -18.30000000000000426, -28.50000000000000000, 15.69999999999999929 ) ) ;
#368 = CARTESIAN_POINT ( 'NONE',  ( -18.30000000000000071, -26.00000000000000355, 22.30000000000000071 ) ) ;
#369 = ORIENTED_EDGE ( 'NONE', *, *, #1647, .T. ) ;
#370 = CARTESIAN_POINT ( 'NONE',  ( -51.70000000000000284, -28.50000000000000000, 22.30000000000000071 ) ) ;
#371 = CARTESIAN_POINT ( 'NONE',  ( -42.50000000000000000, 0.000000000000000000, 35.00000000000000000 ) ) ;
#372 = VECTOR ( 'NONE', #1727, 1000.000000000000000 ) ;
#373 = DIRECTION ( 'NONE',  ( 0.000000000000000000, -1.000000000000000000, 0.000000000000000000 ) ) ;
#374 = EDGE_LOOP ( 'NONE', ( #60, #891, #2201, #1886 ) ) ;
#375 = CIRCLE ( 'NONE', #1822, 1.700000000000000178 ) ;
#376 = VECTOR ( 'NONE', #607, 1000.000000000000000 ) ;
#377 = DIRECTION ( 'NONE',  ( 0.000000000000000000, 0.000000000000000000, -1.000000000000000000 ) ) ;
#378 = LINE ( 'NONE', #2355, #113 ) ;
#379 = EDGE_CURVE ( 'NONE', #704, #878, #628, .T. ) ;
#380 = PLANE ( 'NONE',  #1412 ) ;
#381 = CARTESIAN_POINT ( 'NONE',  ( 42.50000000000000000, -65.00000000000000000, 25.00000000000000000 ) ) ;
#382 = EDGE_CURVE ( 'NONE', #487, #705, #2078, .T. ) ;
#383 = VERTEX_POINT ( 'NONE', #564 ) ;
#384 = LINE ( 'NONE', #2119, #1776 ) ;
#385 = CARTESIAN_POINT ( 'NONE',  ( -42.50000000000000000, 40.00000000000000000, 33.00000000000000000 ) ) ;
#386 = DIRECTION ( 'NONE',  ( 0.000000000000000000, -0.000000000000000000, 1.000000000000000000 ) ) ;
#387 = EDGE_CURVE ( 'NONE', #551, #2272, #2331, .T. ) ;
#388 = CARTESIAN_POINT ( 'NONE',  ( 51.70000000000000284, -26.00000000000000355, 22.30000000000000071 ) ) ;
#389 = EDGE_CURVE ( 'NONE', #1236, #1330, #1352, .T. ) ;
#390 = ORIENTED_EDGE ( 'NONE', *, *, #1196, .F. ) ;
#391 = PLANE ( 'NONE',  #1277 ) ;
#392 = EDGE_CURVE ( 'NONE', #1319, #287, #871, .T. ) ;
#393 = CYLINDRICAL_SURFACE ( 'NONE', #1905, 1.700000000000000178 ) ;
#394 = CARTESIAN_POINT ( 'NONE',  ( -40.80000000000000426, -20.00000000000000000, 25.00000000000000000 ) ) ;
#395 = LINE ( 'NONE', #1149, #1190 ) ;
#396 = DIRECTION ( 'NONE',  ( -1.000000000000000000, -0.000000000000000000, -0.000000000000000000 ) ) ;
#397 = DIRECTION ( 'NONE',  ( 1.000000000000000000, -0.000000000000000000, -0.000000000000000000 ) ) ;
#398 = ORIENTED_EDGE ( 'NONE', *, *, #521, .F. ) ;
#399 = DIRECTION ( 'NONE',  ( 1.000000000000000000, 0.000000000000000000, 0.000000000000000000 ) ) ;
#400 = DIRECTION ( 'NONE',  ( 1.000000000000000000, 0.000000000000000000, 0.000000000000000000 ) ) ;
#401 = CIRCLE ( 'NONE', #2299, 1.700000000000000178 ) ;
#402 = VERTEX_POINT ( 'NONE', #1161 ) ;
#403 = VECTOR ( 'NONE', #336, 1000.000000000000000 ) ;
#404 = CARTESIAN_POINT ( 'NONE',  ( 47.50000000000000000, -15.00000000000000000, 25.00000000000000000 ) ) ;
#405 = ADVANCED_FACE ( 'NONE', ( #2141 ), #1758, .F. ) ;
#406 = CIRCLE ( 'NONE', #742, 1.700000000000000178 ) ;
#407 = APPROVAL_PERSON_ORGANIZATION ( #1828, #1403, #1869 ) ;
#408 = LINE ( 'NONE', #39, #159 ) ;
#409 = CARTESIAN_POINT ( 'NONE',  ( 48.30000000000000426, -26.00000000000000355, 15.69999999999999929 ) ) ;
#410 = LINE ( 'NONE', #1213, #1679 ) ;
#411 = VECTOR ( 'NONE', #1947, 1000.000000000000000 ) ;
#412 = CARTESIAN_POINT ( 'NONE',  ( 48.30000000000000426, -26.00000000000000355, 22.30000000000000071 ) ) ;
#413 = CARTESIAN_POINT ( 'NONE',  ( -52.50000000000000000, -65.00000000000000000, 25.00000000000000000 ) ) ;
#414 = DIRECTION ( 'NONE',  ( -1.000000000000000000, -0.000000000000000000, -0.000000000000000000 ) ) ;
#415 = ORIENTED_EDGE ( 'NONE', *, *, #1017, .F. ) ;
#416 = CARTESIAN_POINT ( 'NONE',  ( 50.00000000000000000, -26.00000000000000355, 15.69999999999999929 ) ) ;
#417 = ORIENTED_EDGE ( 'NONE', *, *, #545, .T. ) ;
#418 = CARTESIAN_POINT ( 'NONE',  ( -20.00000000000000000, -26.00000000000000355, 15.69999999999999929 ) ) ;
#419 = VERTEX_POINT ( 'NONE', #412 ) ;
#420 = EDGE_CURVE ( 'NONE', #2085, #2543, #2344, .T. ) ;
#421 = PLANE ( 'NONE',  #2445 ) ;
#422 = VECTOR ( 'NONE', #1637, 1000.000000000000000 ) ;
#423 = FACE_OUTER_BOUND ( 'NONE', #1203, .T. ) ;
#424 = VECTOR ( 'NONE', #2324, 1000.000000000000000 ) ;
#425 = DIRECTION ( 'NONE',  ( 0.000000000000000000, 0.000000000000000000, 1.000000000000000000 ) ) ;
#426 = CARTESIAN_POINT ( 'NONE',  ( 0.000000000000000000, 0.000000000000000000, 0.000000000000000000 ) ) ;
#427 = AXIS2_PLACEMENT_3D ( 'NONE', #166, #2142, #1975 ) ;
#428 = DIRECTION ( 'NONE',  ( -0.000000000000000000, -1.000000000000000000, -0.000000000000000000 ) ) ;
#429 = EDGE_CURVE ( 'NONE', #664, #2074, #1733, .T. ) ;
#430 = CARTESIAN_POINT ( 'NONE',  ( 50.00000000000000000, 45.00000000000000000, 0.000000000000000000 ) ) ;
#431 = VERTEX_POINT ( 'NONE', #165 ) ;
#432 = DIRECTION ( 'NONE',  ( -0.000000000000000000, 1.000000000000000000, -0.000000000000000000 ) ) ;
#433 = VERTEX_POINT ( 'NONE', #2541 ) ;
#434 = ORIENTED_EDGE ( 'NONE', *, *, #2258, .T. ) ;
#435 = FACE_OUTER_BOUND ( 'NONE', #1702, .T. ) ;
#436 = EDGE_LOOP ( 'NONE', ( #2005, #764, #2215, #72 ) ) ;
#437 = DIRECTION ( 'NONE',  ( 1.000000000000000000, 0.000000000000000000, 0.000000000000000000 ) ) ;
#438 = EDGE_CURVE ( 'NONE', #1575, #273, #960, .T. ) ;
#439 = LINE ( 'NONE', #10, #304 ) ;
#440 = DIRECTION ( 'NONE',  ( -0.000000000000000000, -1.000000000000000000, -0.000000000000000000 ) ) ;
#441 = PERSON_AND_ORGANIZATION_ROLE ( 'creator' ) ;
#442 = CARTESIAN_POINT ( 'NONE',  ( -42.50000000000000000, -15.00000000000000000, 25.00000000000000000 ) ) ;
#443 = CARTESIAN_POINT ( 'NONE',  ( -20.00000000000000000, -26.00000000000000355, 13.99999999999999822 ) ) ;
#444 = EDGE_LOOP ( 'NONE', ( #1807, #1386, #15, #1193 ) ) ;
#445 = DIRECTION ( 'NONE',  ( 0.000000000000000000, 0.000000000000000000, 1.000000000000000000 ) ) ;
#446 = VERTEX_POINT ( 'NONE', #971 ) ;
#447 = LINE ( 'NONE', #71, #1356 ) ;
#448 = VERTEX_POINT ( 'NONE', #945 ) ;
#449 = DIRECTION ( 'NONE',  ( -0.000000000000000000, -1.000000000000000000, -0.000000000000000000 ) ) ;
#450 = VECTOR ( 'NONE', #2079, 1000.000000000000000 ) ;
#451 = FACE_OUTER_BOUND ( 'NONE', #2103, .T. ) ;
#452 = CIRCLE ( 'NONE', #2340, 1.700000000000000178 ) ;
#453 = LINE ( 'NONE', #1982, #2179 ) ;
#454 = CIRCLE ( 'NONE', #1104, 1.700000000000000178 ) ;
#455 = DIRECTION ( 'NONE',  ( 0.000000000000000000, 0.000000000000000000, -1.000000000000000000 ) ) ;
#456 = CARTESIAN_POINT ( 'NONE',  ( -55.00000000000000000, -28.50000000000000000, 10.00000000000000178 ) ) ;
#457 = ORIENTED_EDGE ( 'NONE', *, *, #1460, .F. ) ;
#458 = EDGE_CURVE ( 'NONE', #1009, #1994, #1974, .T. ) ;
#459 = EDGE_LOOP ( 'NONE', ( #2496, #278 ) ) ;
#460 = DIRECTION ( 'NONE',  ( 1.000000000000000000, 0.000000000000000000, 0.000000000000000000 ) ) ;
#461 = VERTEX_POINT ( 'NONE', #1983 ) ;
#462 = DIRECTION ( 'NONE',  ( 0.000000000000000000, 0.000000000000000000, -1.000000000000000000 ) ) ;
#463 = VERTEX_POINT ( 'NONE', #1785 ) ;
#464 = VECTOR ( 'NONE', #1856, 1000.000000000000000 ) ;
#465 = PERSON_AND_ORGANIZATION ( #2439, #1513 ) ;
#466 = DIRECTION ( 'NONE',  ( 0.000000000000000000, 0.000000000000000000, -1.000000000000000000 ) ) ;
#467 = CIRCLE ( 'NONE', #1487, 1.700000000000000178 ) ;
#468 = EDGE_CURVE ( 'NONE', #1689, #1245, #1392, .T. ) ;
#469 = LINE ( 'NONE', #1047, #709 ) ;
#470 = ORIENTED_EDGE ( 'NONE', *, *, #1858, .F. ) ;
#471 = VECTOR ( 'NONE', #1769, 1000.000000000000000 ) ;
#472 = ADVANCED_FACE ( 'NONE', ( #2156, #2357 ), #380, .F. ) ;
#473 = VERTEX_POINT ( 'NONE', #2320 ) ;
#474 = AXIS2_PLACEMENT_3D ( 'NONE', #921, #1514, #713 ) ;
#475 = ORIENTED_EDGE ( 'NONE', *, *, #735, .F. ) ;
#476 = DIRECTION ( 'NONE',  ( 0.000000000000000000, 0.000000000000000000, 1.000000000000000000 ) ) ;
#477 = ADVANCED_FACE ( 'NONE', ( #1199 ), #1379, .F. ) ;
#478 = VERTEX_POINT ( 'NONE', #1 ) ;
#479 = DIRECTION ( 'NONE',  ( -0.000000000000000000, 0.000000000000000000, 1.000000000000000000 ) ) ;
#480 = EDGE_LOOP ( 'NONE', ( #1789, #1266 ) ) ;
#481 = EDGE_CURVE ( 'NONE', #1672, #1262, #603, .T. ) ;
#482 = CARTESIAN_POINT ( 'NONE',  ( -18.30000000000000426, -26.00000000000000000, 22.30000000000000071 ) ) ;
#483 = AXIS2_PLACEMENT_3D ( 'NONE', #94, #2096, #323 ) ;
#484 = ORIENTED_EDGE ( 'NONE', *, *, #2043, .F. ) ;
#485 = EDGE_LOOP ( 'NONE', ( #250, #684, #2419, #2531 ) ) ;
#486 = ORIENTED_EDGE ( 'NONE', *, *, #665, .T. ) ;
#487 = VERTEX_POINT ( 'NONE', #2129 ) ;
#488 = DIRECTION ( 'NONE',  ( 1.000000000000000000, 0.000000000000000000, 0.000000000000000000 ) ) ;
#489 = ORIENTED_EDGE ( 'NONE', *, *, #2449, .F. ) ;
#490 = DIRECTION ( 'NONE',  ( -0.000000000000000000, 0.000000000000000000, 1.000000000000000000 ) ) ;
#491 = DIRECTION ( 'NONE',  ( 1.000000000000000000, 0.000000000000000000, 0.000000000000000000 ) ) ;
#492 = ORIENTED_EDGE ( 'NONE', *, *, #2480, .F. ) ;
#493 = EDGE_CURVE ( 'NONE', #1632, #1366, #355, .T. ) ;
#494 = AXIS2_PLACEMENT_3D ( 'NONE', #114, #2523, #928 ) ;
#495 = VERTEX_POINT ( 'NONE', #2250 ) ;
#496 = VECTOR ( 'NONE', #316, 1000.000000000000000 ) ;
#497 = CARTESIAN_POINT ( 'NONE',  ( 42.50000000000000000, -20.00000000000000000, 25.00000000000000000 ) ) ;
#498 = ORIENTED_EDGE ( 'NONE', *, *, #1180, .F. ) ;
#499 = ORIENTED_EDGE ( 'NONE', *, *, #53, .F. ) ;
#500 = DIRECTION ( 'NONE',  ( -1.000000000000000000, 0.000000000000000000, 0.000000000000000000 ) ) ;
#501 = CARTESIAN_POINT ( 'NONE',  ( 42.50000000000000000, -15.00000000000000000, 25.00000000000000000 ) ) ;
#502 = ORIENTED_EDGE ( 'NONE', *, *, #429, .T. ) ;
#503 = EDGE_CURVE ( 'NONE', #601, #1899, #27, .T. ) ;
#504 = DIRECTION ( 'NONE',  ( -0.000000000000000000, -1.000000000000000000, -0.000000000000000000 ) ) ;
#505 = ADVANCED_FACE ( 'NONE', ( #1798 ), #43, .F. ) ;
#506 = VECTOR ( 'NONE', #396, 1000.000000000000000 ) ;
#507 = CARTESIAN_POINT ( 'NONE',  ( -42.50000000000000000, 40.00000000000000000, 33.00000000000000000 ) ) ;
#508 = DIRECTION ( 'NONE',  ( 0.000000000000000000, -1.000000000000000000, 0.000000000000000000 ) ) ;
#510 = ORIENTED_EDGE ( 'NONE', *, *, #2059, .T. ) ;
#509 = CARTESIAN_POINT ( 'NONE',  ( -48.30000000000000426, -26.00000000000000355, 15.69999999999999929 ) ) ;
#511 = VERTEX_POINT ( 'NONE', #482 ) ;
#512 = ORIENTED_EDGE ( 'NONE', *, *, #183, .F. ) ;
#513 = CIRCLE ( 'NONE', #341, 1.700000000000000178 ) ;
#514 = FACE_OUTER_BOUND ( 'NONE', #2111, .T. ) ;
#515 = EDGE_CURVE ( 'NONE', #1037, #1355, #1524, .T. ) ;
#516 = DIRECTION ( 'NONE',  ( -0.000000000000000000, -0.000000000000000000, 1.000000000000000000 ) ) ;
#517 = AXIS2_PLACEMENT_3D ( 'NONE', #1393, #1960, #2181 ) ;
#518 = DIRECTION ( 'NONE',  ( 1.000000000000000000, 0.000000000000000000, 0.000000000000000000 ) ) ;
#519 = VERTEX_POINT ( 'NONE', #829 ) ;
#520 = COORDINATED_UNIVERSAL_TIME_OFFSET ( 8, 0, .AHEAD. ) ;
#521 = EDGE_CURVE ( 'NONE', #1116, #2237, #2048, .T. ) ;
#522 = CARTESIAN_POINT ( 'NONE',  ( 50.00000000000000000, -26.00000000000000355, 13.99999999999999822 ) ) ;
#523 = DIRECTION ( 'NONE',  ( 1.000000000000000000, 0.000000000000000000, 0.000000000000000000 ) ) ;
#524 = ORIENTED_EDGE ( 'NONE', *, *, #2409, .F. ) ;
#525 = ORIENTED_EDGE ( 'NONE', *, *, #1754, .T. ) ;
#526 = ORIENTED_EDGE ( 'NONE', *, *, #767, .T. ) ;
#527 = EDGE_CURVE ( 'NONE', #1262, #601, #1610, .T. ) ;
#528 = CARTESIAN_POINT ( 'NONE',  ( 18.30000000000000071, -26.00000000000000355, 22.30000000000000071 ) ) ;
#529 = EDGE_LOOP ( 'NONE', ( #1415, #48, #598, #1478 ) ) ;
#530 = LINE ( 'NONE', #2307, #2512 ) ;
#531 = VECTOR ( 'NONE', #400, 1000.000000000000000 ) ;
#532 = CARTESIAN_POINT ( 'NONE',  ( 21.70000000000000284, -28.50000000000000000, 15.69999999999999929 ) ) ;
#533 = FACE_OUTER_BOUND ( 'NONE', #887, .T. ) ;
#534 = ORIENTED_EDGE ( 'NONE', *, *, #2217, .T. ) ;
#535 = EDGE_LOOP ( 'NONE', ( #1411, #2500, #91, #1857, #2455 ) ) ;
#536 = ORIENTED_EDGE ( 'NONE', *, *, #1348, .T. ) ;
#537 = AXIS2_PLACEMENT_3D ( 'NONE', #426, #828, #1026 ) ;
#538 = CARTESIAN_POINT ( 'NONE',  ( -21.69999999999999929, -26.00000000000000355, 15.69999999999999929 ) ) ;
#539 = EDGE_LOOP ( 'NONE', ( #2098, #769, #1410, #1456 ) ) ;
#540 = FACE_BOUND ( 'NONE', #2297, .T. ) ;
#541 = DIRECTION ( 'NONE',  ( 1.000000000000000000, 0.000000000000000000, 0.000000000000000000 ) ) ;
#542 = LINE ( 'NONE', #1176, #786 ) ;
#543 = ORIENTED_EDGE ( 'NONE', *, *, #1492, .T. ) ;
#544 = VECTOR ( 'NONE', #1363, 1000.000000000000000 ) ;
#545 = EDGE_CURVE ( 'NONE', #1843, #1337, #1445, .T. ) ;
#546 = CARTESIAN_POINT ( 'NONE',  ( 37.50000000000000711, 0.000000000000000000, 0.000000000000000000 ) ) ;
#547 = AXIS2_PLACEMENT_3D ( 'NONE', #1404, #23, #2380 ) ;
#548 = DIRECTION ( 'NONE',  ( 0.000000000000000000, 1.000000000000000000, 0.000000000000000000 ) ) ;
#549 = EDGE_CURVE ( 'NONE', #1311, #2014, #223, .T. ) ;
#550 = AXIS2_PLACEMENT_3D ( 'NONE', #946, #802, #1932 ) ;
#551 = VERTEX_POINT ( 'NONE', #2397 ) ;
#552 = VECTOR ( 'NONE', #300, 1000.000000000000000 ) ;
#553 = CARTESIAN_POINT ( 'NONE',  ( -55.00000000000000000, -26.00000000000000000, 10.00000000000000178 ) ) ;
#554 = CARTESIAN_POINT ( 'NONE',  ( -44.20000000000000284, -20.00000000000000000, 25.00000000000000000 ) ) ;
#555 = DIRECTION ( 'NONE',  ( 0.000000000000000000, 0.000000000000000000, -1.000000000000000000 ) ) ;
#556 = CARTESIAN_POINT ( 'NONE',  ( -37.50000000000000711, -25.00000000000000000, 25.00000000000000000 ) ) ;
#557 = PLANE ( 'NONE',  #517 ) ;
#558 = ORIENTED_EDGE ( 'NONE', *, *, #311, .F. ) ;
#559 = DIRECTION ( 'NONE',  ( 1.000000000000000000, 0.000000000000000000, 0.000000000000000000 ) ) ;
#560 = CARTESIAN_POINT ( 'NONE',  ( -52.50000000000000000, -65.00000000000000000, 25.00000000000000000 ) ) ;
#561 = VERTEX_POINT ( 'NONE', #77 ) ;
#562 = DIRECTION ( 'NONE',  ( 1.000000000000000000, 0.000000000000000000, 0.000000000000000000 ) ) ;
#563 = DIRECTION ( 'NONE',  ( 0.000000000000000000, 1.000000000000000000, 0.000000000000000000 ) ) ;
#564 = CARTESIAN_POINT ( 'NONE',  ( 20.00000000000000000, -28.50000000000000000, 13.99999999999999822 ) ) ;
#565 = CARTESIAN_POINT ( 'NONE',  ( -49.20000000000000284, -15.00000000000000000, 25.00000000000000000 ) ) ;
#566 = LINE ( 'NONE', #368, #411 ) ;
#567 = ORIENTED_EDGE ( 'NONE', *, *, #283, .T. ) ;
#568 = PLANE ( 'NONE',  #2155 ) ;
#569 = VECTOR ( 'NONE', #597, 1000.000000000000000 ) ;
#570 = LINE ( 'NONE', #779, #1549 ) ;
#571 = VECTOR ( 'NONE', #1235, 1000.000000000000000 ) ;
#572 = ORIENTED_EDGE ( 'NONE', *, *, #770, .F. ) ;
#573 = ADVANCED_FACE ( 'NONE', ( #1592 ), #1014, .F. ) ;
#574 = LINE ( 'NONE', #394, #796 ) ;
#575 = LINE ( 'NONE', #2540, #1850 ) ;
#576 = DIRECTION ( 'NONE',  ( 0.000000000000000000, 0.000000000000000000, -1.000000000000000000 ) ) ;
#577 = DIRECTION ( 'NONE',  ( 1.000000000000000000, 0.000000000000000000, 0.000000000000000000 ) ) ;
#578 = DIRECTION ( 'NONE',  ( -0.000000000000000000, -0.000000000000000000, -1.000000000000000000 ) ) ;
#579 = ORIENTED_EDGE ( 'NONE', *, *, #324, .F. ) ;
#580 = EDGE_CURVE ( 'NONE', #473, #2511, #1813, .T. ) ;
#581 = DIRECTION ( 'NONE',  ( -0.000000000000000000, 1.000000000000000000, -0.000000000000000000 ) ) ;
#582 = DIRECTION ( 'NONE',  ( -1.000000000000000000, -0.000000000000000000, -0.000000000000000000 ) ) ;
#583 = ADVANCED_FACE ( 'NONE', ( #1258 ), #634, .F. ) ;
#584 = DIRECTION ( 'NONE',  ( 0.000000000000000000, 0.000000000000000000, 1.000000000000000000 ) ) ;
#585 = ORIENTED_EDGE ( 'NONE', *, *, #856, .T. ) ;
#586 = CARTESIAN_POINT ( 'NONE',  ( -42.50000000000000000, -25.00000000000000000, 25.00000000000000000 ) ) ;
#587 = AXIS2_PLACEMENT_3D ( 'NONE', #409, #1957, #2204 ) ;
#588 = LINE ( 'NONE', #219, #1040 ) ;
#589 = VECTOR ( 'NONE', #1113, 1000.000000000000000 ) ;
#590 = CARTESIAN_POINT ( 'NONE',  ( -50.00000000000000000, -26.00000000000000355, 15.69999999999999929 ) ) ;
#591 = DIRECTION ( 'NONE',  ( -0.000000000000000000, -0.000000000000000000, 1.000000000000000000 ) ) ;
#592 = DIRECTION ( 'NONE',  ( 0.000000000000000000, -0.000000000000000000, -1.000000000000000000 ) ) ;
#593 = CARTESIAN_POINT ( 'NONE',  ( -48.00000000000000000, 2.000000000000001776, 33.00000000000000000 ) ) ;
#594 = DIRECTION ( 'NONE',  ( 0.000000000000000000, -1.000000000000000000, 0.000000000000000000 ) ) ;
#595 = ORIENTED_EDGE ( 'NONE', *, *, #1825, .F. ) ;
#596 = EDGE_CURVE ( 'NONE', #431, #2040, #1406, .T. ) ;
#597 = DIRECTION ( 'NONE',  ( -1.000000000000000000, -0.000000000000000000, -0.000000000000000000 ) ) ;
#598 = ORIENTED_EDGE ( 'NONE', *, *, #1124, .T. ) ;
#599 = CARTESIAN_POINT ( 'NONE',  ( 37.50000000000000711, -25.00000000000000000, 25.00000000000000000 ) ) ;
#600 = LINE ( 'NONE', #615, #1291 ) ;
#601 = VERTEX_POINT ( 'NONE', #442 ) ;
#602 = DIRECTION ( 'NONE',  ( -0.000000000000000000, -1.000000000000000000, -0.000000000000000000 ) ) ;
#603 = LINE ( 'NONE', #556, #1252 ) ;
#604 = LINE ( 'NONE', #2542, #1045 ) ;
#605 = DIRECTION ( 'NONE',  ( -0.000000000000000000, -0.000000000000000000, -1.000000000000000000 ) ) ;
#606 = ORIENTED_EDGE ( 'NONE', *, *, #2300, .T. ) ;
#607 = DIRECTION ( 'NONE',  ( 1.000000000000000000, 0.000000000000000000, 0.000000000000000000 ) ) ;
#608 = LINE ( 'NONE', #1617, #531 ) ;
#609 = AXIS2_PLACEMENT_3D ( 'NONE', #7, #1371, #1806 ) ;
#610 = ORIENTED_EDGE ( 'NONE', *, *, #118, .F. ) ;
#611 = DIRECTION ( 'NONE',  ( -0.000000000000000000, -0.000000000000000000, -1.000000000000000000 ) ) ;
#612 = AXIS2_PLACEMENT_3D ( 'NONE', #792, #1603, #2363 ) ;
#613 = EDGE_CURVE ( 'NONE', #1992, #1863, #44, .T. ) ;
#614 = SECURITY_CLASSIFICATION ( '', '', #1267 ) ;
#615 = CARTESIAN_POINT ( 'NONE',  ( -42.50000000000000000, -15.00000000000000000, 25.00000000000000000 ) ) ;
#616 = PLANE ( 'NONE',  #2117 ) ;
#617 =( NAMED_UNIT ( * ) SI_UNIT ( $, .STERADIAN. ) SOLID_ANGLE_UNIT ( ) );
#618 = CARTESIAN_POINT ( 'NONE',  ( 37.50000000000000711, -15.00000000000000000, 25.00000000000000000 ) ) ;
#619 = DIRECTION ( 'NONE',  ( -0.000000000000000000, -0.000000000000000000, 1.000000000000000000 ) ) ;
#620 = ORIENTED_EDGE ( 'NONE', *, *, #1044, .T. ) ;
#621 = CARTESIAN_POINT ( 'NONE',  ( -42.50000000000000000, -65.00000000000000000, 35.00000000000000000 ) ) ;
#622 = ORIENTED_EDGE ( 'NONE', *, *, #1031, .F. ) ;
#623 = ORIENTED_EDGE ( 'NONE', *, *, #1677, .F. ) ;
#624 = DIRECTION ( 'NONE',  ( -0.000000000000000000, -1.000000000000000000, -0.000000000000000000 ) ) ;
#625 = ADVANCED_FACE ( 'NONE', ( #1626 ), #267, .F. ) ;
#626 = ORIENTED_EDGE ( 'NONE', *, *, #222, .T. ) ;
#627 = DIRECTION ( 'NONE',  ( -0.000000000000000000, 1.000000000000000000, -0.000000000000000000 ) ) ;
#628 = CIRCLE ( 'NONE', #2435, 1.700000000000000178 ) ;
#629 = DIRECTION ( 'NONE',  ( -0.000000000000000000, 0.000000000000000000, -1.000000000000000000 ) ) ;
#630 = AXIS2_PLACEMENT_3D ( 'NONE', #346, #1304, #353 ) ;
#631 = PLANE ( 'NONE',  #162 ) ;
#632 =( LENGTH_UNIT ( ) NAMED_UNIT ( * ) SI_UNIT ( .MILLI., .METRE. ) );
#633 = AXIS2_PLACEMENT_3D ( 'NONE', #1788, #17, #1409 ) ;
#634 = PLANE ( 'NONE',  #1864 ) ;
#635 = LINE ( 'NONE', #2001, #1724 ) ;
#636 = ORIENTED_EDGE ( 'NONE', *, *, #503, .F. ) ;
#637 = EDGE_LOOP ( 'NONE', ( #348, #623, #1775, #2212 ) ) ;
#638 = CARTESIAN_POINT ( 'NONE',  ( 42.50000000000000000, 40.00000000000000000, 35.00000000000000000 ) ) ;
#639 = ORIENTED_EDGE ( 'NONE', *, *, #1310, .T. ) ;
#640 = DIRECTION ( 'NONE',  ( -0.000000000000000000, 0.000000000000000000, -1.000000000000000000 ) ) ;
#641 = DIRECTION ( 'NONE',  ( 0.000000000000000000, 0.000000000000000000, -1.000000000000000000 ) ) ;
#642 = CARTESIAN_POINT ( 'NONE',  ( 18.30000000000000071, -26.00000000000000355, 15.69999999999999929 ) ) ;
#643 = VECTOR ( 'NONE', #1243, 1000.000000000000000 ) ;
#644 = EDGE_CURVE ( 'NONE', #123, #1851, #646, .T. ) ;
#645 = AXIS2_PLACEMENT_3D ( 'NONE', #1086, #1872, #523 ) ;
#646 = LINE ( 'NONE', #1829, #422 ) ;
#647 = CARTESIAN_POINT ( 'NONE',  ( 48.00000000000000000, 2.000000000000001776, 33.00000000000000000 ) ) ;
#648 = DIRECTION ( 'NONE',  ( 1.000000000000000000, 0.000000000000000000, 0.000000000000000000 ) ) ;
#649 = ORIENTED_EDGE ( 'NONE', *, *, #2303, .F. ) ;
#650 = ORIENTED_EDGE ( 'NONE', *, *, #130, .F. ) ;
#651 = CARTESIAN_POINT ( 'NONE',  ( 40.80000000000000426, 40.00000000000000000, 33.00000000000000000 ) ) ;
#652 = CIRCLE ( 'NONE', #483, 1.700000000000000178 ) ;
#653 = EDGE_LOOP ( 'NONE', ( #2472, #29, #759, #214, #1519 ) ) ;
#654 = FACE_OUTER_BOUND ( 'NONE', #2405, .T. ) ;
#655 = VECTOR ( 'NONE', #2444, 1000.000000000000000 ) ;
#656 = ADVANCED_FACE ( 'NONE', ( #1435 ), #64, .T. ) ;
#657 = VECTOR ( 'NONE', #2234, 1000.000000000000000 ) ;
#658 = LINE ( 'NONE', #851, #1757 ) ;
#659 = EDGE_CURVE ( 'NONE', #2436, #448, #467, .T. ) ;
#660 = CARTESIAN_POINT ( 'NONE',  ( -42.50000000000000000, -65.00000000000000000, 25.00000000000000000 ) ) ;
#661 = CARTESIAN_POINT ( 'NONE',  ( -51.70000000000000284, -26.00000000000000355, 22.30000000000000071 ) ) ;
#662 = ORIENTED_EDGE ( 'NONE', *, *, #379, .T. ) ;
#663 = ORIENTED_EDGE ( 'NONE', *, *, #957, .F. ) ;
#664 = VERTEX_POINT ( 'NONE', #2313 ) ;
#665 = EDGE_CURVE ( 'NONE', #668, #1741, #1924, .T. ) ;
#666 = EDGE_CURVE ( 'NONE', #2237, #822, #2291, .T. ) ;
#667 = DIRECTION ( 'NONE',  ( 0.000000000000000000, -0.000000000000000000, 1.000000000000000000 ) ) ;
#668 = VERTEX_POINT ( 'NONE', #768 ) ;
#669 = EDGE_CURVE ( 'NONE', #2511, #1373, #2279, .T. ) ;
#670 = FACE_BOUND ( 'NONE', #1558, .T. ) ;
#671 = ORIENTED_EDGE ( 'NONE', *, *, #1044, .F. ) ;
#672 = AXIS2_PLACEMENT_3D ( 'NONE', #1771, #2528, #1151 ) ;
#673 = DIRECTION ( 'NONE',  ( -1.000000000000000000, 0.000000000000000000, -0.000000000000000000 ) ) ;
#674 = CARTESIAN_POINT ( 'NONE',  ( -50.00000000000000000, 0.000000000000000000, 35.00000000000000000 ) ) ;
#675 = AXIS2_PLACEMENT_3D ( 'NONE', #150, #2515, #760 ) ;
#676 = VECTOR ( 'NONE', #1212, 1000.000000000000000 ) ;
#678 = VERTEX_POINT ( 'NONE', #647 ) ;
#677 = DIRECTION ( 'NONE',  ( 0.000000000000000000, -1.000000000000000000, 0.000000000000000000 ) ) ;
#679 = AXIS2_PLACEMENT_3D ( 'NONE', #404, #1621, #22 ) ;
#680 = ORIENTED_EDGE ( 'NONE', *, *, #853, .F. ) ;
#681 = DIRECTION ( 'NONE',  ( 0.000000000000000000, 0.000000000000000000, 1.000000000000000000 ) ) ;
#682 = EDGE_CURVE ( 'NONE', #1672, #1688, #985, .T. ) ;
#683 = FACE_OUTER_BOUND ( 'NONE', #2150, .T. ) ;
#684 = ORIENTED_EDGE ( 'NONE', *, *, #726, .T. ) ;
#685 = COORDINATED_UNIVERSAL_TIME_OFFSET ( 8, 0, .AHEAD. ) ;
#686 = LINE ( 'NONE', #674, #1903 ) ;
#687 = DIRECTION ( 'NONE',  ( 0.000000000000000000, 0.000000000000000000, -1.000000000000000000 ) ) ;
#688 = EDGE_CURVE ( 'NONE', #2163, #2374, #13, .T. ) ;
#689 = ORIENTED_EDGE ( 'NONE', *, *, #1147, .T. ) ;
#690 = ORIENTED_EDGE ( 'NONE', *, *, #1275, .F. ) ;
#691 = ORIENTED_EDGE ( 'NONE', *, *, #1570, .F. ) ;
#692 = CARTESIAN_POINT ( 'NONE',  ( -49.20000000000000284, -55.00000000000000000, 25.00000000000000000 ) ) ;
#693 = ADVANCED_FACE ( 'NONE', ( #1593 ), #1830, .F. ) ;
#694 = CARTESIAN_POINT ( 'NONE',  ( 47.50000000000000000, -15.00000000000000000, 25.00000000000000000 ) ) ;
#695 = CARTESIAN_POINT ( 'NONE',  ( 42.50000000000000000, 40.00000000000000000, 35.00000000000000000 ) ) ;
#696 = ORIENTED_EDGE ( 'NONE', *, *, #2415, .T. ) ;
#697 = CARTESIAN_POINT ( 'NONE',  ( -50.00000000000000000, -26.00000000000000355, 13.99999999999999822 ) ) ;
#698 = EDGE_CURVE ( 'NONE', #2143, #1354, #686, .T. ) ;
#699 = AXIS2_PLACEMENT_3D ( 'NONE', #694, #307, #1878 ) ;
#700 = VERTEX_POINT ( 'NONE', #117 ) ;
#701 = VECTOR ( 'NONE', #1091, 1000.000000000000000 ) ;
#702 = DIRECTION ( 'NONE',  ( 1.000000000000000000, 0.000000000000000000, 0.000000000000000000 ) ) ;
#703 = PLANE ( 'NONE',  #212 ) ;
#704 = VERTEX_POINT ( 'NONE', #723 ) ;
#705 = VERTEX_POINT ( 'NONE', #1059 ) ;
#706 = DIRECTION ( 'NONE',  ( -0.000000000000000000, -1.000000000000000000, -0.000000000000000000 ) ) ;
#707 = EDGE_CURVE ( 'NONE', #337, #878, #1841, .T. ) ;
#708 = CARTESIAN_POINT ( 'NONE',  ( -45.79999999999999716, -15.00000000000000000, 25.00000000000000000 ) ) ;
#709 = VECTOR ( 'NONE', #1407, 1000.000000000000000 ) ;
#710 = ORIENTED_EDGE ( 'NONE', *, *, #919, .F. ) ;
#711 = LINE ( 'NONE', #927, #793 ) ;
#712 = DIRECTION ( 'NONE',  ( 1.000000000000000000, 0.000000000000000000, 0.000000000000000000 ) ) ;
#713 = DIRECTION ( 'NONE',  ( 0.000000000000000000, 0.000000000000000000, -1.000000000000000000 ) ) ;
#714 = ORIENTED_EDGE ( 'NONE', *, *, #1425, .T. ) ;
#715 = AXIS2_PLACEMENT_3D ( 'NONE', #842, #2192, #466 ) ;
#716 = LINE ( 'NONE', #1295, #1431 ) ;
#717 = ORIENTED_EDGE ( 'NONE', *, *, #55, .T. ) ;
#718 = VERTEX_POINT ( 'NONE', #2084 ) ;
#719 = ORIENTED_EDGE ( 'NONE', *, *, #995, .F. ) ;
#720 = VECTOR ( 'NONE', #1817, 1000.000000000000000 ) ;
#721 = CARTESIAN_POINT ( 'NONE',  ( 55.00000000000000000, -28.50000000000000000, 25.00000000000000000 ) ) ;
#722 = ORIENTED_EDGE ( 'NONE', *, *, #315, .F. ) ;
#723 = CARTESIAN_POINT ( 'NONE',  ( -50.00000000000000000, -28.50000000000000000, 13.99999999999999822 ) ) ;
#724 = DIRECTION ( 'NONE',  ( 0.000000000000000000, -1.000000000000000000, 0.000000000000000000 ) ) ;
#725 = DIRECTION ( 'NONE',  ( 1.000000000000000000, 0.000000000000000000, 0.000000000000000000 ) ) ;
#726 = EDGE_CURVE ( 'NONE', #2225, #900, #2283, .T. ) ;
#727 = LINE ( 'NONE', #1504, #1967 ) ;
#728 = LINE ( 'NONE', #1380, #2403 ) ;
#729 = ORIENTED_EDGE ( 'NONE', *, *, #80, .T. ) ;
#730 = ORIENTED_EDGE ( 'NONE', *, *, #1871, .T. ) ;
#731 = FACE_BOUND ( 'NONE', #1129, .T. ) ;
#732 = ORIENTED_EDGE ( 'NONE', *, *, #105, .T. ) ;
#733 = CARTESIAN_POINT ( 'NONE',  ( 42.50000000000000000, -15.00000000000000000, 25.00000000000000000 ) ) ;
#734 = LINE ( 'NONE', #1515, #1489 ) ;
#735 = EDGE_CURVE ( 'NONE', #1860, #487, #1459, .T. ) ;
#736 = AXIS2_PLACEMENT_3D ( 'NONE', #1666, #2456, #1937 ) ;
#737 = CARTESIAN_POINT ( 'NONE',  ( -42.50000000000000000, 40.00000000000000000, 33.00000000000000000 ) ) ;
#738 = CARTESIAN_POINT ( 'NONE',  ( -50.00000000000000000, 0.000000000000000000, 35.00000000000000000 ) ) ;
#739 = ORIENTED_EDGE ( 'NONE', *, *, #2326, .F. ) ;
#740 = ORIENTED_EDGE ( 'NONE', *, *, #580, .F. ) ;
#741 = ORIENTED_EDGE ( 'NONE', *, *, #757, .F. ) ;
#742 = AXIS2_PLACEMENT_3D ( 'NONE', #2006, #1413, #2200 ) ;
#743 = EDGE_CURVE ( 'NONE', #2007, #127, #1024, .T. ) ;
#744 = CARTESIAN_POINT ( 'NONE',  ( 55.00000000000000000, -26.00000000000000000, 10.00000000000000178 ) ) ;
#745 = VECTOR ( 'NONE', #578, 1000.000000000000000 ) ;
#746 = EDGE_CURVE ( 'NONE', #601, #2074, #600, .T. ) ;
#747 = ORIENTED_EDGE ( 'NONE', *, *, #80, .F. ) ;
#748 = CYLINDRICAL_SURFACE ( 'NONE', #2315, 1.700000000000000178 ) ;
#749 = CARTESIAN_POINT ( 'NONE',  ( -50.00000000000000000, -26.00000000000000355, 22.30000000000000071 ) ) ;
#750 = FACE_OUTER_BOUND ( 'NONE', #436, .T. ) ;
#751 = PLANE ( 'NONE',  #1331 ) ;
#752 = VERTEX_POINT ( 'NONE', #1041 ) ;
#753 = AXIS2_PLACEMENT_3D ( 'NONE', #57, #428, #1214 ) ;
#754 = DIRECTION ( 'NONE',  ( 0.000000000000000000, 0.000000000000000000, 1.000000000000000000 ) ) ;
#755 = AXIS2_PLACEMENT_3D ( 'NONE', #1183, #1433, #641 ) ;
#756 = DIRECTION ( 'NONE',  ( 1.000000000000000000, -0.000000000000000000, -0.000000000000000000 ) ) ;
#757 = EDGE_CURVE ( 'NONE', #1330, #402, #408, .T. ) ;
#758 = CIRCLE ( 'NONE', #2248, 1.700000000000000178 ) ;
#759 = ORIENTED_EDGE ( 'NONE', *, *, #2412, .F. ) ;
#760 = DIRECTION ( 'NONE',  ( 0.000000000000000000, 0.000000000000000000, -1.000000000000000000 ) ) ;
#761 = FACE_OUTER_BOUND ( 'NONE', #1400, .T. ) ;
#762 = CARTESIAN_POINT ( 'NONE',  ( -50.00000000000000000, -28.50000000000000000, 15.69999999999999929 ) ) ;
#763 = LINE ( 'NONE', #1946, #841 ) ;
#764 = ORIENTED_EDGE ( 'NONE', *, *, #240, .F. ) ;
#765 = PLANE ( 'NONE',  #2196 ) ;
#766 = CARTESIAN_POINT ( 'NONE',  ( -42.50000000000000000, -15.00000000000000000, 35.00000000000000000 ) ) ;
#767 = EDGE_CURVE ( 'NONE', #2069, #33, #1616, .T. ) ;
#768 = CARTESIAN_POINT ( 'NONE',  ( -45.79999999999999716, -55.00000000000000000, 25.00000000000000000 ) ) ;
#769 = ORIENTED_EDGE ( 'NONE', *, *, #2083, .F. ) ;
#770 = EDGE_CURVE ( 'NONE', #478, #119, #588, .T. ) ;
#771 = DIRECTION ( 'NONE',  ( 1.000000000000000000, 0.000000000000000000, 0.000000000000000000 ) ) ;
#772 = DIRECTION ( 'NONE',  ( 0.000000000000000000, 0.000000000000000000, -1.000000000000000000 ) ) ;
#773 = CARTESIAN_POINT ( 'NONE',  ( -37.50000000000000711, -15.00000000000000000, 35.00000000000000000 ) ) ;
#774 = CARTESIAN_POINT ( 'NONE',  ( 50.00000000000000000, 0.000000000000000000, 35.00000000000000000 ) ) ;
#775 = EDGE_CURVE ( 'NONE', #678, #19, #2394, .T. ) ;
#776 = ORIENTED_EDGE ( 'NONE', *, *, #1124, .F. ) ;
#777 = CIRCLE ( 'NONE', #2262, 1.700000000000000178 ) ;
#778 = AXIS2_PLACEMENT_3D ( 'NONE', #1340, #970, #152 ) ;
#779 = CARTESIAN_POINT ( 'NONE',  ( -37.50000000000000711, -25.00000000000000000, 25.00000000000000000 ) ) ;
#780 = ORIENTED_EDGE ( 'NONE', *, *, #105, .F. ) ;
#781 = EDGE_CURVE ( 'NONE', #119, #1116, #439, .T. ) ;
#782 = LOCAL_TIME ( 16, 22, 44.00000000000000000, #685 ) ;
#783 = FACE_OUTER_BOUND ( 'NONE', #374, .T. ) ;
#784 = FACE_OUTER_BOUND ( 'NONE', #1839, .T. ) ;
#785 = FACE_OUTER_BOUND ( 'NONE', #225, .T. ) ;
#786 = VECTOR ( 'NONE', #1163, 1000.000000000000000 ) ;
#787 = ADVANCED_FACE ( 'NONE', ( #249 ), #2189, .F. ) ;
#788 = CARTESIAN_POINT ( 'NONE',  ( -55.00000000000000000, -26.00000000000000000, 25.00000000000000000 ) ) ;
#789 = CARTESIAN_POINT ( 'NONE',  ( -52.50000000000000000, -65.00000000000000000, 25.00000000000000000 ) ) ;
#790 = CARTESIAN_POINT ( 'NONE',  ( 45.79999999999999716, -55.00000000000000000, 35.00000000000000000 ) ) ;
#791 = EDGE_LOOP ( 'NONE', ( #567, #390, #907, #1698, #804, #216 ) ) ;
#792 = CARTESIAN_POINT ( 'NONE',  ( 42.50000000000000000, 40.00000000000000000, 33.00000000000000000 ) ) ;
#793 = VECTOR ( 'NONE', #1240, 1000.000000000000000 ) ;
#794 = ORIENTED_EDGE ( 'NONE', *, *, #2188, .F. ) ;
#795 = CARTESIAN_POINT ( 'NONE',  ( 42.50000000000000000, 40.00000000000000000, 33.00000000000000000 ) ) ;
#796 = VECTOR ( 'NONE', #1172, 1000.000000000000000 ) ;
#797 = EDGE_CURVE ( 'NONE', #1863, #1689, #161, .T. ) ;
#798 = LINE ( 'NONE', #201, #202 ) ;
#799 = AXIS2_PLACEMENT_3D ( 'NONE', #1296, #1096, #1470 ) ;
#800 = LINE ( 'NONE', #1405, #1328 ) ;
#801 = CARTESIAN_POINT ( 'NONE',  ( 40.80000000000000426, -20.00000000000000000, 25.00000000000000000 ) ) ;
#802 = DIRECTION ( 'NONE',  ( 0.000000000000000000, -1.000000000000000000, 0.000000000000000000 ) ) ;
#803 = CARTESIAN_POINT ( 'NONE',  ( 18.30000000000000071, -26.00000000000000355, 15.69999999999999929 ) ) ;
#804 = ORIENTED_EDGE ( 'NONE', *, *, #549, .F. ) ;
#805 = DIRECTION ( 'NONE',  ( -0.000000000000000000, 1.000000000000000000, -0.000000000000000000 ) ) ;
#806 = ORIENTED_EDGE ( 'NONE', *, *, #1784, .F. ) ;
#807 = CARTESIAN_POINT ( 'NONE',  ( -44.20000000000000284, -20.00000000000000000, 35.00000000000000000 ) ) ;
#808 = CARTESIAN_POINT ( 'NONE',  ( 42.50000000000000000, -65.00000000000000000, 25.00000000000000000 ) ) ;
#809 = LINE ( 'NONE', #2166, #1255 ) ;
#810 = CARTESIAN_POINT ( 'NONE',  ( 37.50000000000000711, -25.00000000000000000, 35.00000000000000000 ) ) ;
#811 = PRODUCT_DEFINITION_SHAPE ( 'NONE', 'NONE',  #1249 ) ;
#812 = CARTESIAN_POINT ( 'NONE',  ( -42.50000000000000000, -20.00000000000000000, 25.00000000000000000 ) ) ;
#813 = LINE ( 'NONE', #1202, #2471 ) ;
#814 = ADVANCED_FACE ( 'NONE', ( #1970 ), #1589, .F. ) ;
#815 = VERTEX_POINT ( 'NONE', #1577 ) ;
#816 = CARTESIAN_POINT ( 'NONE',  ( 47.50000000000000000, -55.00000000000000000, 35.00000000000000000 ) ) ;
#817 = ADVANCED_FACE ( 'NONE', ( #2218 ), #1375, .F. ) ;
#818 = ORIENTED_EDGE ( 'NONE', *, *, #2505, .T. ) ;
#819 = EDGE_LOOP ( 'NONE', ( #2274, #739 ) ) ;
#820 = CARTESIAN_POINT ( 'NONE',  ( -42.50000000000000000, -65.00000000000000000, 35.00000000000000000 ) ) ;
#821 = CIRCLE ( 'NONE', #1189, 1.700000000000000178 ) ;
#822 = VERTEX_POINT ( 'NONE', #1197 ) ;
#823 = DIRECTION ( 'NONE',  ( 0.000000000000000000, -0.000000000000000000, -1.000000000000000000 ) ) ;
#824 = VECTOR ( 'NONE', #1008, 1000.000000000000000 ) ;
#825 = LOCAL_TIME ( 16, 22, 44.00000000000000000, #1646 ) ;
#826 = DIRECTION ( 'NONE',  ( -1.000000000000000000, -0.000000000000000000, -0.000000000000000000 ) ) ;
#827 = DIRECTION ( 'NONE',  ( -0.000000000000000000, -1.000000000000000000, -0.000000000000000000 ) ) ;
#828 = DIRECTION ( 'NONE',  ( 0.000000000000000000, 0.000000000000000000, 1.000000000000000000 ) ) ;
#829 = CARTESIAN_POINT ( 'NONE',  ( 44.20000000000000284, -20.00000000000000000, 25.00000000000000000 ) ) ;
#830 = FACE_OUTER_BOUND ( 'NONE', #1629, .T. ) ;
#831 = ORIENTED_EDGE ( 'NONE', *, *, #1159, .T. ) ;
#832 = EDGE_LOOP ( 'NONE', ( #1819, #1712, #2460, #1904 ) ) ;
#833 = ORIENTED_EDGE ( 'NONE', *, *, #743, .T. ) ;
#834 = PLANE ( 'NONE',  #933 ) ;
#835 = ORIENTED_EDGE ( 'NONE', *, *, #1488, .T. ) ;
#836 = CARTESIAN_POINT ( 'NONE',  ( -47.50000000000000000, -55.00000000000000000, 25.00000000000000000 ) ) ;
#837 = VECTOR ( 'NONE', #1581, 1000.000000000000000 ) ;
#838 = DIRECTION ( 'NONE',  ( -0.000000000000000000, -0.000000000000000000, -1.000000000000000000 ) ) ;
#839 = CIRCLE ( 'NONE', #1455, 1.700000000000000178 ) ;
#840 = FACE_OUTER_BOUND ( 'NONE', #2451, .T. ) ;
#841 = VECTOR ( 'NONE', #1200, 1000.000000000000000 ) ;
#842 = CARTESIAN_POINT ( 'NONE',  ( 50.00000000000000000, -28.50000000000000000, 15.69999999999999929 ) ) ;
#843 = DIRECTION ( 'NONE',  ( -0.000000000000000000, -1.000000000000000000, -0.000000000000000000 ) ) ;
#844 = ORIENTED_EDGE ( 'NONE', *, *, #283, .F. ) ;
#845 = ADVANCED_FACE ( 'NONE', ( #423 ), #393, .F. ) ;
#846 = CARTESIAN_POINT ( 'NONE',  ( -47.50000000000000000, -15.00000000000000000, 25.00000000000000000 ) ) ;
#847 = ADVANCED_FACE ( 'NONE', ( #451 ), #1241, .F. ) ;
#848 = EDGE_LOOP ( 'NONE', ( #595, #1682, #835, #1604 ) ) ;
#849 = ADVANCED_FACE ( 'NONE', ( #1211, #1562 ), #980, .F. ) ;
#850 = FACE_OUTER_BOUND ( 'NONE', #1895, .T. ) ;
#851 = CARTESIAN_POINT ( 'NONE',  ( 18.30000000000000071, -26.00000000000000355, 15.69999999999999929 ) ) ;
#852 = DIRECTION ( 'NONE',  ( 0.000000000000000000, 0.000000000000000000, -1.000000000000000000 ) ) ;
#853 = EDGE_CURVE ( 'NONE', #1344, #1366, #798, .T. ) ;
#854 = CARTESIAN_POINT ( 'NONE',  ( 47.50000000000000000, -55.00000000000000000, 25.00000000000000000 ) ) ;
#855 = ORIENTED_EDGE ( 'NONE', *, *, #1039, .T. ) ;
#856 = EDGE_CURVE ( 'NONE', #1354, #2287, #1607, .T. ) ;
#857 = ORIENTED_EDGE ( 'NONE', *, *, #2375, .F. ) ;
#858 = ORIENTED_EDGE ( 'NONE', *, *, #481, .T. ) ;
#859 = CARTESIAN_POINT ( 'NONE',  ( 37.50000000000000711, -25.00000000000000000, 25.00000000000000000 ) ) ;
#860 = ORIENTED_EDGE ( 'NONE', *, *, #1000, .T. ) ;
#861 = DIRECTION ( 'NONE',  ( -0.000000000000000000, 0.000000000000000000, 1.000000000000000000 ) ) ;
#862 = AXIS2_PLACEMENT_3D ( 'NONE', #418, #170, #2184 ) ;
#863 = APPROVAL_PERSON_ORGANIZATION ( #2383, #1740, #2396 ) ;
#864 = PERSON_AND_ORGANIZATION ( #2439, #1513 ) ;
#865 = CARTESIAN_POINT ( 'NONE',  ( 0.000000000000000000, 0.000000000000000000, 0.000000000000000000 ) ) ;
#866 = VECTOR ( 'NONE', #155, 1000.000000000000000 ) ;
#867 = EDGE_CURVE ( 'NONE', #2050, #2327, #711, .T. ) ;
#868 = DIRECTION ( 'NONE',  ( 0.000000000000000000, 1.000000000000000000, 0.000000000000000000 ) ) ;
#869 = FACE_BOUND ( 'NONE', #363, .T. ) ;
#870 = ORIENTED_EDGE ( 'NONE', *, *, #1800, .F. ) ;
#871 = CIRCLE ( 'NONE', #1695, 1.700000000000000178 ) ;
#872 = APPROVAL_ROLE ( '' ) ;
#873 = VECTOR ( 'NONE', #1725, 1000.000000000000000 ) ;
#874 = ORIENTED_EDGE ( 'NONE', *, *, #1237, .T. ) ;
#875 = ADVANCED_FACE ( 'NONE', ( #2023 ), #87, .T. ) ;
#876 = AXIS2_PLACEMENT_3D ( 'NONE', #590, #602, #2342 ) ;
#878 = VERTEX_POINT ( 'NONE', #1384 ) ;
#877 = LINE ( 'NONE', #82, #5 ) ;
#879 = ORIENTED_EDGE ( 'NONE', *, *, #2038, .F. ) ;
#880 = VERTEX_POINT ( 'NONE', #2335 ) ;
#881 = CARTESIAN_POINT ( 'NONE',  ( 49.20000000000000284, -15.00000000000000000, 25.00000000000000000 ) ) ;
#882 = CARTESIAN_POINT ( 'NONE',  ( 0.000000000000000000, 0.000000000000000000, 0.000000000000000000 ) ) ;
#883 = ORIENTED_EDGE ( 'NONE', *, *, #2032, .F. ) ;
#884 = EDGE_CURVE ( 'NONE', #2323, #402, #1142, .T. ) ;
#885 = DIRECTION ( 'NONE',  ( 1.000000000000000000, 0.000000000000000000, 0.000000000000000000 ) ) ;
#886 = EDGE_LOOP ( 'NONE', ( #2414, #2387, #2377, #1050, #2304, #2246, #1601, #2461 ) ) ;
#887 = EDGE_LOOP ( 'NONE', ( #729, #1171, #168, #2520 ) ) ;
#888 = FACE_OUTER_BOUND ( 'NONE', #485, .T. ) ;
#889 = CARTESIAN_POINT ( 'NONE',  ( -52.50000000000000000, -28.49999999999999645, 25.00000000000000000 ) ) ;
#890 = EDGE_CURVE ( 'NONE', #900, #2270, #839, .T. ) ;
#891 = ORIENTED_EDGE ( 'NONE', *, *, #429, .F. ) ;
#892 = ORIENTED_EDGE ( 'NONE', *, *, #42, .T. ) ;
#893 = ORIENTED_EDGE ( 'NONE', *, *, #2153, .T. ) ;
#894 = DIRECTION ( 'NONE',  ( -0.000000000000000000, -1.000000000000000000, -0.000000000000000000 ) ) ;
#895 = FACE_OUTER_BOUND ( 'NONE', #36, .T. ) ;
#896 = VERTEX_POINT ( 'NONE', #1520 ) ;
#897 = CIRCLE ( 'NONE', #1102, 1.700000000000000178 ) ;
#898 = CARTESIAN_POINT ( 'NONE',  ( 42.50000000000000000, -25.00000000000000000, 35.00000000000000000 ) ) ;
#899 = DIRECTION ( 'NONE',  ( 0.000000000000000000, 0.000000000000000000, 1.000000000000000000 ) ) ;
#900 = VERTEX_POINT ( 'NONE', #2309 ) ;
#901 = EDGE_LOOP ( 'NONE', ( #199, #572, #2334, #21, #1229 ) ) ;
#902 = ORIENTED_EDGE ( 'NONE', *, *, #596, .F. ) ;
#903 = CARTESIAN_POINT ( 'NONE',  ( -52.50000000000000000, -65.00000000000000000, 25.00000000000000000 ) ) ;
#904 = VERTEX_POINT ( 'NONE', #2348 ) ;
#905 = ADVANCED_FACE ( 'NONE', ( #1951 ), #169, .F. ) ;
#906 = DATE_TIME_ROLE ( 'classification_date' ) ;
#907 = ORIENTED_EDGE ( 'NONE', *, *, #1498, .F. ) ;
#908 = DIRECTION ( 'NONE',  ( 1.000000000000000000, 0.000000000000000000, 0.000000000000000000 ) ) ;
#909 = CARTESIAN_POINT ( 'NONE',  ( -48.30000000000000426, -26.00000000000000355, 15.69999999999999929 ) ) ;
#910 = DIRECTION ( 'NONE',  ( -0.000000000000000000, -0.000000000000000000, 1.000000000000000000 ) ) ;
#911 = ORIENTED_EDGE ( 'NONE', *, *, #319, .T. ) ;
#912 = ORIENTED_EDGE ( 'NONE', *, *, #1486, .T. ) ;
#913 = EDGE_LOOP ( 'NONE', ( #62, #270, #1290, #1656 ) ) ;
#914 = AXIS2_PLACEMENT_3D ( 'NONE', #1389, #1827, #1795 ) ;
#915 = AXIS2_PLACEMENT_3D ( 'NONE', #935, #687, #1283 ) ;
#916 = ADVANCED_FACE ( 'NONE', ( #1345 ), #2133, .F. ) ;
#917 = CARTESIAN_POINT ( 'NONE',  ( 18.30000000000000071, -28.50000000000000000, 22.30000000000000071 ) ) ;
#918 = ORIENTED_EDGE ( 'NONE', *, *, #613, .F. ) ;
#919 = EDGE_CURVE ( 'NONE', #402, #1344, #939, .T. ) ;
#920 = EDGE_CURVE ( 'NONE', #2374, #2057, #513, .T. ) ;
#921 = CARTESIAN_POINT ( 'NONE',  ( 20.00000000000000000, -28.50000000000000000, 15.69999999999999929 ) ) ;
#922 = DIRECTION ( 'NONE',  ( 0.000000000000000000, 0.000000000000000000, -1.000000000000000000 ) ) ;
#923 = LINE ( 'NONE', #1001, #2239 ) ;
#924 = ORIENTED_EDGE ( 'NONE', *, *, #38, .T. ) ;
#925 = ORIENTED_EDGE ( 'NONE', *, *, #1800, .T. ) ;
#926 = ADVANCED_FACE ( 'NONE', ( #1166, #1533, #1747, #2522, #1369 ), #144, .F. ) ;
#927 = CARTESIAN_POINT ( 'NONE',  ( 55.00000000000000000, -26.00000000000000000, 10.00000000000000178 ) ) ;
#928 = DIRECTION ( 'NONE',  ( 0.000000000000000000, 0.000000000000000000, 1.000000000000000000 ) ) ;
#929 = ORIENTED_EDGE ( 'NONE', *, *, #515, .T. ) ;
#930 = CARTESIAN_POINT ( 'NONE',  ( 37.50000000000000711, -15.00000000000000000, 25.00000000000000000 ) ) ;
#931 = CARTESIAN_POINT ( 'NONE',  ( 45.79999999999999716, -55.00000000000000000, 25.00000000000000000 ) ) ;
#932 = DIRECTION ( 'NONE',  ( -0.000000000000000000, -0.000000000000000000, -1.000000000000000000 ) ) ;
#933 = AXIS2_PLACEMENT_3D ( 'NONE', #215, #965, #1586 ) ;
#934 = CARTESIAN_POINT ( 'NONE',  ( -42.50000000000000000, -26.00000000000000000, 25.00000000000000000 ) ) ;
#935 = CARTESIAN_POINT ( 'NONE',  ( 0.000000000000000000, 0.000000000000000000, 25.00000000000000000 ) ) ;
#936 = ORIENTED_EDGE ( 'NONE', *, *, #767, .F. ) ;
#937 = EDGE_CURVE ( 'NONE', #127, #551, #1763, .T. ) ;
#938 = VECTOR ( 'NONE', #2020, 1000.000000000000000 ) ;
#939 = LINE ( 'NONE', #1738, #1697 ) ;
#940 = CARTESIAN_POINT ( 'NONE',  ( -51.70000000000000284, -28.50000000000000000, 15.69999999999999929 ) ) ;
#941 = ORIENTED_EDGE ( 'NONE', *, *, #666, .T. ) ;
#942 = AXIS2_PLACEMENT_3D ( 'NONE', #1786, #2013, #1003 ) ;
#943 = DIRECTION ( 'NONE',  ( -0.000000000000000000, -1.000000000000000000, -0.000000000000000000 ) ) ;
#944 = DIRECTION ( 'NONE',  ( 1.000000000000000000, 0.000000000000000000, 0.000000000000000000 ) ) ;
#945 = CARTESIAN_POINT ( 'NONE',  ( 21.69999999999999929, -26.00000000000000355, 15.69999999999999929 ) ) ;
#946 = CARTESIAN_POINT ( 'NONE',  ( -20.00000000000000000, -28.50000000000000000, 15.69999999999999929 ) ) ;
#947 = ORIENTED_EDGE ( 'NONE', *, *, #1332, .F. ) ;
#948 = ADVANCED_FACE ( 'NONE', ( #1155 ), #765, .F. ) ;
#949 = EDGE_LOOP ( 'NONE', ( #2402, #1663, #2174, #626 ) ) ;
#950 = VECTOR ( 'NONE', #1127, 1000.000000000000000 ) ;
#951 = DIRECTION ( 'NONE',  ( 0.000000000000000000, 0.000000000000000000, -1.000000000000000000 ) ) ;
#952 = VECTOR ( 'NONE', #2482, 1000.000000000000000 ) ;
#953 = FACE_OUTER_BOUND ( 'NONE', #258, .T. ) ;
#954 = AXIS2_PLACEMENT_3D ( 'NONE', #2104, #1136, #137 ) ;
#955 = ADVANCED_FACE ( 'NONE', ( #1542 ), #568, .F. ) ;
#956 = VERTEX_POINT ( 'NONE', #370 ) ;
#957 = EDGE_CURVE ( 'NONE', #718, #2050, #976, .T. ) ;
#958 = DIRECTION ( 'NONE',  ( 0.000000000000000000, -1.000000000000000000, 0.000000000000000000 ) ) ;
#959 = CARTESIAN_POINT ( 'NONE',  ( 20.00000000000000000, -26.00000000000000355, 13.99999999999999822 ) ) ;
#960 = LINE ( 'NONE', #788, #2353 ) ;
#961 = DIRECTION ( 'NONE',  ( 0.000000000000000000, 0.000000000000000000, 1.000000000000000000 ) ) ;
#962 = ORIENTED_EDGE ( 'NONE', *, *, #191, .T. ) ;
#963 = EDGE_CURVE ( 'NONE', #419, #2069, #384, .T. ) ;
#964 = DIRECTION ( 'NONE',  ( 0.000000000000000000, 0.000000000000000000, -1.000000000000000000 ) ) ;
#965 = DIRECTION ( 'NONE',  ( -1.000000000000000000, 0.000000000000000000, 0.000000000000000000 ) ) ;
#966 = ORIENTED_EDGE ( 'NONE', *, *, #1557, .F. ) ;
#967 = DIRECTION ( 'NONE',  ( 0.000000000000000000, 0.000000000000000000, -1.000000000000000000 ) ) ;
#968 = ADVANCED_FACE ( 'NONE', ( #2138 ), #748, .F. ) ;
#969 = CARTESIAN_POINT ( 'NONE',  ( -50.00000000000000000, 0.000000000000000000, 35.00000000000000000 ) ) ;
#970 = DIRECTION ( 'NONE',  ( 0.000000000000000000, 0.000000000000000000, -1.000000000000000000 ) ) ;
#971 = CARTESIAN_POINT ( 'NONE',  ( 51.70000000000000284, -26.00000000000000000, 22.30000000000000071 ) ) ;
#972 = DIRECTION ( 'NONE',  ( 0.000000000000000000, 0.000000000000000000, 1.000000000000000000 ) ) ;
#973 = ORIENTED_EDGE ( 'NONE', *, *, #1226, .T. ) ;
#974 = ORIENTED_EDGE ( 'NONE', *, *, #1921, .F. ) ;
#975 = VECTOR ( 'NONE', #1309, 1000.000000000000000 ) ;
#976 = LINE ( 'NONE', #2362, #1126 ) ;
#977 = DIRECTION ( 'NONE',  ( 0.000000000000000000, -1.000000000000000000, 0.000000000000000000 ) ) ;
#978 = ORIENTED_EDGE ( 'NONE', *, *, #1996, .T. ) ;
#979 = CARTESIAN_POINT ( 'NONE',  ( 42.50000000000000000, -65.00000000000000000, 35.00000000000000000 ) ) ;
#980 = PLANE ( 'NONE',  #2356 ) ;
#981 = LINE ( 'NONE', #1981, #471 ) ;
#982 = DIRECTION ( 'NONE',  ( -0.000000000000000000, -1.000000000000000000, -0.000000000000000000 ) ) ;
#983 = DIRECTION ( 'NONE',  ( 1.000000000000000000, 0.000000000000000000, 0.000000000000000000 ) ) ;
#984 = CARTESIAN_POINT ( 'NONE',  ( 37.50000000000000711, -15.00000000000000000, 35.00000000000000000 ) ) ;
#985 = LINE ( 'NONE', #209, #1568 ) ;
#986 = ORIENTED_EDGE ( 'NONE', *, *, #2295, .T. ) ;
#987 = DIRECTION ( 'NONE',  ( 0.000000000000000000, -0.000000000000000000, 1.000000000000000000 ) ) ;
#988 = DIRECTION ( 'NONE',  ( -0.000000000000000000, 1.000000000000000000, -0.000000000000000000 ) ) ;
#989 = VECTOR ( 'NONE', #238, 1000.000000000000000 ) ;
#990 = DIRECTION ( 'NONE',  ( -0.000000000000000000, -0.000000000000000000, -1.000000000000000000 ) ) ;
#991 = CIRCLE ( 'NONE', #1370, 1.700000000000000178 ) ;
#992 = VERTEX_POINT ( 'NONE', #2294 ) ;
#993 = DIRECTION ( 'NONE',  ( 1.000000000000000000, 0.000000000000000000, 0.000000000000000000 ) ) ;
#994 = CIRCLE ( 'NONE', #1991, 1.700000000000000178 ) ;
#995 = EDGE_CURVE ( 'NONE', #1366, #463, #530, .T. ) ;
#996 = DIRECTION ( 'NONE',  ( -0.000000000000000000, -0.000000000000000000, -1.000000000000000000 ) ) ;
#997 = VECTOR ( 'NONE', #2351, 1000.000000000000000 ) ;
#998 = CARTESIAN_POINT ( 'NONE',  ( 52.50000000000000000, -65.00000000000000000, 25.00000000000000000 ) ) ;
#999 = LINE ( 'NONE', #810, #657 ) ;
#1000 = EDGE_CURVE ( 'NONE', #95, #700, #1414, .T. ) ;
#1001 = CARTESIAN_POINT ( 'NONE',  ( 48.30000000000000426, -26.00000000000000355, 22.30000000000000071 ) ) ;
#1002 = LINE ( 'NONE', #2169, #2361 ) ;
#1003 = DIRECTION ( 'NONE',  ( 0.000000000000000000, 0.000000000000000000, -1.000000000000000000 ) ) ;
#1004 = ORIENTED_EDGE ( 'NONE', *, *, #1066, .T. ) ;
#1005 = CARTESIAN_POINT ( 'NONE',  ( 52.50000000000000000, -65.00000000000000000, 25.00000000000000000 ) ) ;
#1006 = EDGE_LOOP ( 'NONE', ( #2240, #133 ) ) ;
#1007 = ORIENTED_EDGE ( 'NONE', *, *, #1760, .F. ) ;
#1008 = DIRECTION ( 'NONE',  ( -0.000000000000000000, 1.000000000000000000, -0.000000000000000000 ) ) ;
#1009 = VERTEX_POINT ( 'NONE', #1918 ) ;
#1010 = DIRECTION ( 'NONE',  ( 1.000000000000000000, 0.000000000000000000, 0.000000000000000000 ) ) ;
#1011 = CARTESIAN_POINT ( 'NONE',  ( 48.00000000000000000, 45.00000000000000000, 2.000000000000000000 ) ) ;
#1012 = CARTESIAN_POINT ( 'NONE',  ( -21.69999999999999929, -28.50000000000000000, 15.69999999999999929 ) ) ;
#1013 = CARTESIAN_POINT ( 'NONE',  ( 40.80000000000000426, -20.00000000000000000, 35.00000000000000000 ) ) ;
#1014 = CYLINDRICAL_SURFACE ( 'NONE', #1123, 1.700000000000000178 ) ;
#1015 = FACE_OUTER_BOUND ( 'NONE', #327, .T. ) ;
#1016 = VERTEX_POINT ( 'NONE', #163 ) ;
#1017 = EDGE_CURVE ( 'NONE', #2163, #1188, #1207, .T. ) ;
#1018 = ORIENTED_EDGE ( 'NONE', *, *, #6, .F. ) ;
#1019 = ORIENTED_EDGE ( 'NONE', *, *, #143, .T. ) ;
#1020 = CARTESIAN_POINT ( 'NONE',  ( 0.000000000000000000, -65.00000000000000000, 0.000000000000000000 ) ) ;
#1021 = AXIS2_PLACEMENT_3D ( 'NONE', #836, #2175, #1576 ) ;
#1022 = EDGE_LOOP ( 'NONE', ( #710, #1530, #2209, #262 ) ) ;
#1023 = CARTESIAN_POINT ( 'NONE',  ( -37.50000000000000711, -15.00000000000000000, 25.00000000000000000 ) ) ;
#1024 = LINE ( 'NONE', #1011, #1773 ) ;
#1025 = CARTESIAN_POINT ( 'NONE',  ( -50.00000000000000000, -26.00000000000000355, 15.69999999999999929 ) ) ;
#1026 = DIRECTION ( 'NONE',  ( 1.000000000000000000, 0.000000000000000000, 0.000000000000000000 ) ) ;
#1027 = DIRECTION ( 'NONE',  ( -0.000000000000000000, -1.000000000000000000, -0.000000000000000000 ) ) ;
#1028 = EDGE_CURVE ( 'NONE', #33, #1863, #1707, .T. ) ;
#1029 = LINE ( 'NONE', #1060, #1809 ) ;
#1030 = ORIENTED_EDGE ( 'NONE', *, *, #2112, .T. ) ;
#1031 = EDGE_CURVE ( 'NONE', #326, #1311, #1316, .T. ) ;
#1032 = CARTESIAN_POINT ( 'NONE',  ( -52.50000000000000000, -65.00000000000000000, 35.00000000000000000 ) ) ;
#1033 = ORIENTED_EDGE ( 'NONE', *, *, #682, .T. ) ;
#1034 = VERTEX_POINT ( 'NONE', #131 ) ;
#1035 = CARTESIAN_POINT ( 'NONE',  ( 55.00000000000000000, -28.50000000000000000, 10.00000000000000178 ) ) ;
#1036 = ADVANCED_FACE ( 'NONE', ( #2526 ), #2106, .T. ) ;
#1037 = VERTEX_POINT ( 'NONE', #931 ) ;
#1038 = CYLINDRICAL_SURFACE ( 'NONE', #699, 1.700000000000000178 ) ;
#1039 = EDGE_CURVE ( 'NONE', #2040, #956, #2080, .T. ) ;
#1040 = VECTOR ( 'NONE', #1810, 1000.000000000000000 ) ;
#1041 = CARTESIAN_POINT ( 'NONE',  ( 45.79999999999999716, -15.00000000000000000, 35.00000000000000000 ) ) ;
#1042 = AXIS2_PLACEMENT_3D ( 'NONE', #2550, #54, #2176 ) ;
#1043 = DATE_TIME_ROLE ( 'creation_date' ) ;
#1044 = EDGE_CURVE ( 'NONE', #448, #2163, #1107, .T. ) ;
#1045 = VECTOR ( 'NONE', #1539, 1000.000000000000000 ) ;
#1046 = DIRECTION ( 'NONE',  ( 0.000000000000000000, -1.000000000000000000, 0.000000000000000000 ) ) ;
#1047 = CARTESIAN_POINT ( 'NONE',  ( 42.50000000000000000, -65.00000000000000000, 25.00000000000000000 ) ) ;
#1048 = ORIENTED_EDGE ( 'NONE', *, *, #2266, .F. ) ;
#1049 = LINE ( 'NONE', #621, #1132 ) ;
#1050 = ORIENTED_EDGE ( 'NONE', *, *, #919, .T. ) ;
#1051 = ORIENTED_EDGE ( 'NONE', *, *, #1159, .F. ) ;
#1052 = LINE ( 'NONE', #261, #1894 ) ;
#1053 = EDGE_CURVE ( 'NONE', #815, #1246, #1158, .T. ) ;
#1054 = CARTESIAN_POINT ( 'NONE',  ( 50.00000000000000000, -28.50000000000000000, 13.99999999999999822 ) ) ;
#1055 = PRODUCT_RELATED_PRODUCT_CATEGORY ( 'detail', '', ( #1964 ) ) ;
#1056 = ORIENTED_EDGE ( 'NONE', *, *, #669, .F. ) ;
#1057 = CALENDAR_DATE ( 2026, 10, 9 ) ;
#1058 = DIRECTION ( 'NONE',  ( 1.000000000000000000, 0.000000000000000000, 0.000000000000000000 ) ) ;
#1059 = CARTESIAN_POINT ( 'NONE',  ( -49.20000000000000284, -15.00000000000000000, 35.00000000000000000 ) ) ;
#1060 = CARTESIAN_POINT ( 'NONE',  ( -21.69999999999999929, -26.00000000000000355, 15.69999999999999929 ) ) ;
#1061 = EDGE_LOOP ( 'NONE', ( #924, #717 ) ) ;
#1062 = ORIENTED_EDGE ( 'NONE', *, *, #180, .T. ) ;
#1063 = LINE ( 'NONE', #2065, #571 ) ;
#1064 = ORIENTED_EDGE ( 'NONE', *, *, #481, .F. ) ;
#1065 = CARTESIAN_POINT ( 'NONE',  ( -21.69999999999999929, -26.00000000000000355, 15.69999999999999929 ) ) ;
#1066 = EDGE_CURVE ( 'NONE', #1373, #461, #1730, .T. ) ;
#1067 = AXIS2_PLACEMENT_3D ( 'NONE', #1726, #548, #135 ) ;
#1068 = ORIENTED_EDGE ( 'NONE', *, *, #2043, .T. ) ;
#1069 = AXIS2_PLACEMENT_3D ( 'NONE', #1820, #681, #1464 ) ;
#1070 = APPROVAL_STATUS ( 'not_yet_approved' ) ;
#1071 = CC_DESIGN_APPROVAL ( #1403, ( #1554 ) ) ;
#1072 = CARTESIAN_POINT ( 'NONE',  ( -37.50000000000000711, -15.00000000000000000, 25.00000000000000000 ) ) ;
#1073 = EDGE_LOOP ( 'NONE', ( #2052, #1278, #1671, #941, #1615, #2437, #2466, #1264 ) ) ;
#1074 = EDGE_CURVE ( 'NONE', #561, #2327, #734, .T. ) ;
#1075 = CARTESIAN_POINT ( 'NONE',  ( -51.70000000000000284, -26.00000000000000355, 22.30000000000000071 ) ) ;
#1076 = ORIENTED_EDGE ( 'NONE', *, *, #387, .T. ) ;
#1077 = CARTESIAN_POINT ( 'NONE',  ( -42.50000000000000000, -65.00000000000000000, 25.00000000000000000 ) ) ;
#1078 = ORIENTED_EDGE ( 'NONE', *, *, #279, .F. ) ;
#1079 = FACE_OUTER_BOUND ( 'NONE', #1271, .T. ) ;
#1080 = VERTEX_POINT ( 'NONE', #1327 ) ;
#1081 = AXIS2_PLACEMENT_3D ( 'NONE', #66, #1105, #712 ) ;
#1082 = DATE_AND_TIME ( #75, #1317 ) ;
#1083 = EDGE_CURVE ( 'NONE', #992, #1703, #2502, .T. ) ;
#1084 = AXIS2_PLACEMENT_3D ( 'NONE', #2160, #359, #386 ) ;
#1085 = VECTOR ( 'NONE', #40, 1000.000000000000000 ) ;
#1086 = CARTESIAN_POINT ( 'NONE',  ( -48.00000000000000000, 2.000000000000001776, 33.00000000000000000 ) ) ;
#1088 = ORIENTED_EDGE ( 'NONE', *, *, #151, .F. ) ;
#1087 = CARTESIAN_POINT ( 'NONE',  ( -20.00000000000000000, -26.00000000000000355, 22.30000000000000071 ) ) ;
#1089 = EDGE_LOOP ( 'NONE', ( #714, #929 ) ) ;
#1090 = VERTEX_POINT ( 'NONE', #2127 ) ;
#1091 = DIRECTION ( 'NONE',  ( 0.000000000000000000, 0.000000000000000000, 1.000000000000000000 ) ) ;
#1092 = CARTESIAN_POINT ( 'NONE',  ( -55.00000000000000000, -26.00000000000000000, 10.00000000000000178 ) ) ;
#1093 = DIRECTION ( 'NONE',  ( 0.000000000000000000, 0.000000000000000000, 1.000000000000000000 ) ) ;
#1094 = ORIENTED_EDGE ( 'NONE', *, *, #2229, .T. ) ;
#1095 = CARTESIAN_POINT ( 'NONE',  ( -42.50000000000000000, -20.00000000000000000, 35.00000000000000000 ) ) ;
#1096 = DIRECTION ( 'NONE',  ( -1.000000000000000000, 0.000000000000000000, 0.000000000000000000 ) ) ;
#1097 = LINE ( 'NONE', #1461, #552 ) ;
#1098 = EDGE_LOOP ( 'NONE', ( #498, #2488, #1056, #740 ) ) ;
#1099 = FACE_OUTER_BOUND ( 'NONE', #1270, .T. ) ;
#1100 = LINE ( 'NONE', #2310, #1753 ) ;
#1101 = VERTEX_POINT ( 'NONE', #1148 ) ;
#1102 = AXIS2_PLACEMENT_3D ( 'NONE', #2547, #1781, #1387 ) ;
#1103 = APPROVAL_DATE_TIME ( #321, #16 ) ;
#1104 = AXIS2_PLACEMENT_3D ( 'NONE', #1444, #2422, #1580 ) ;
#1105 = DIRECTION ( 'NONE',  ( -0.000000000000000000, -0.000000000000000000, 1.000000000000000000 ) ) ;
#1106 = CARTESIAN_POINT ( 'NONE',  ( -18.30000000000000071, -28.50000000000000000, 22.30000000000000071 ) ) ;
#1107 = LINE ( 'NONE', #1896, #1167 ) ;
#1108 = CC_DESIGN_SECURITY_CLASSIFICATION ( #614, ( #1554 ) ) ;
#1109 = EDGE_CURVE ( 'NONE', #446, #419, #126, .T. ) ;
#1110 = DIRECTION ( 'NONE',  ( -0.000000000000000000, -0.000000000000000000, 1.000000000000000000 ) ) ;
#1111 = PLANE ( 'NONE',  #799 ) ;
#1112 = ADVANCED_FACE ( 'NONE', ( #1536 ), #2329, .F. ) ;
#1114 = ORIENTED_EDGE ( 'NONE', *, *, #1570, .T. ) ;
#1113 = DIRECTION ( 'NONE',  ( 1.000000000000000000, -0.000000000000000000, -0.000000000000000000 ) ) ;
#1115 = ORIENTED_EDGE ( 'NONE', *, *, #2497, .T. ) ;
#1116 = VERTEX_POINT ( 'NONE', #1579 ) ;
#1117 = EDGE_CURVE ( 'NONE', #2225, #2228, #375, .T. ) ;
#1118 = DIRECTION ( 'NONE',  ( 0.000000000000000000, 0.000000000000000000, 1.000000000000000000 ) ) ;
#1119 = CIRCLE ( 'NONE', #2110, 1.700000000000000178 ) ;
#1120 = EDGE_LOOP ( 'NONE', ( #925, #1232 ) ) ;
#1121 = ADVANCED_FACE ( 'NONE', ( #192 ), #616, .F. ) ;
#1122 = EDGE_CURVE ( 'NONE', #1614, #337, #991, .T. ) ;
#1123 = AXIS2_PLACEMENT_3D ( 'NONE', #2385, #252, #2207 ) ;
#1124 = EDGE_CURVE ( 'NONE', #1355, #2473, #1224, .T. ) ;
#1125 = CARTESIAN_POINT ( 'NONE',  ( 20.00000000000000000, -26.00000000000000355, 22.30000000000000071 ) ) ;
#1126 = VECTOR ( 'NONE', #2210, 1000.000000000000000 ) ;
#1127 = DIRECTION ( 'NONE',  ( 0.000000000000000000, 0.000000000000000000, 1.000000000000000000 ) ) ;
#1128 = LINE ( 'NONE', #107, #1170 ) ;
#1129 = EDGE_LOOP ( 'NONE', ( #1204, #1216 ) ) ;
#1130 = ORIENTED_EDGE ( 'NONE', *, *, #1596, .F. ) ;
#1131 = EDGE_LOOP ( 'NONE', ( #1990, #1880, #947, #2034 ) ) ;
#1132 = VECTOR ( 'NONE', #432, 1000.000000000000000 ) ;
#1133 = CIRCLE ( 'NONE', #2513, 1.700000000000000178 ) ;
#1134 = DIRECTION ( 'NONE',  ( -1.000000000000000000, 0.000000000000000000, -0.000000000000000000 ) ) ;
#1135 = ORIENTED_EDGE ( 'NONE', *, *, #1681, .T. ) ;
#1136 = DIRECTION ( 'NONE',  ( 0.000000000000000000, 0.000000000000000000, -1.000000000000000000 ) ) ;
#1137 = EDGE_CURVE ( 'NONE', #2199, #896, #574, .T. ) ;
#1138 = PLANE ( 'NONE',  #1909 ) ;
#1139 = CARTESIAN_POINT ( 'NONE',  ( -50.00000000000000000, -28.50000000000000000, 22.30000000000000071 ) ) ;
#1140 = DIRECTION ( 'NONE',  ( 1.000000000000000000, 0.000000000000000000, 0.000000000000000000 ) ) ;
#1141 = ORIENTED_EDGE ( 'NONE', *, *, #580, .T. ) ;
#1142 = LINE ( 'NONE', #2172, #424 ) ;
#1143 = FACE_BOUND ( 'NONE', #1164, .T. ) ;
#1144 = ORIENTED_EDGE ( 'NONE', *, *, #613, .T. ) ;
#1145 = EDGE_CURVE ( 'NONE', #2337, #1992, #800, .T. ) ;
#1146 = MANIFOLD_SOLID_BREP ( 'V3 four mounting slots 3.4 x 10 mm', #245 ) ;
#1147 = EDGE_CURVE ( 'NONE', #1710, #561, #2368, .T. ) ;
#1148 = CARTESIAN_POINT ( 'NONE',  ( -51.70000000000000284, -28.50000000000000000, 15.69999999999999929 ) ) ;
#1149 = CARTESIAN_POINT ( 'NONE',  ( -50.00000000000000000, 0.000000000000000000, 35.00000000000000000 ) ) ;
#1150 = CIRCLE ( 'NONE', #1713, 1.700000000000000178 ) ;
#1151 = DIRECTION ( 'NONE',  ( 0.000000000000000000, 0.000000000000000000, -1.000000000000000000 ) ) ;
#1152 = LINE ( 'NONE', #789, #1418 ) ;
#1153 = VERTEX_POINT ( 'NONE', #1012 ) ;
#1154 = ADVANCED_FACE ( 'NONE', ( #1184 ), #1419, .F. ) ;
#1155 = FACE_OUTER_BOUND ( 'NONE', #1541, .T. ) ;
#1156 = DIRECTION ( 'NONE',  ( 1.000000000000000000, 0.000000000000000000, 0.000000000000000000 ) ) ;
#1157 = ORIENTED_EDGE ( 'NONE', *, *, #1585, .F. ) ;
#1158 = LINE ( 'NONE', #2493, #1944 ) ;
#1159 = EDGE_CURVE ( 'NONE', #2069, #1992, #809, .T. ) ;
#1160 = DIRECTION ( 'NONE',  ( 1.000000000000000000, 0.000000000000000000, 0.000000000000000000 ) ) ;
#1161 = CARTESIAN_POINT ( 'NONE',  ( -42.50000000000000000, -28.49999999999999645, 25.00000000000000000 ) ) ;
#1162 = LINE ( 'NONE', #413, #343 ) ;
#1163 = DIRECTION ( 'NONE',  ( -0.000000000000000000, -1.000000000000000000, -0.000000000000000000 ) ) ;
#1164 = EDGE_LOOP ( 'NONE', ( #1915, #1887 ) ) ;
#1165 = VECTOR ( 'NONE', #280, 1000.000000000000000 ) ;
#1166 = FACE_BOUND ( 'NONE', #2360, .T. ) ;
#1167 = VECTOR ( 'NONE', #120, 1000.000000000000000 ) ;
#1168 = UNCERTAINTY_MEASURE_WITH_UNIT (LENGTH_MEASURE( 1.000000000000000082E-05 ), #632, 'distance_accuracy_value', 'NONE');
#1169 = CARTESIAN_POINT ( 'NONE',  ( -50.00000000000000000, -26.00000000000000355, 13.99999999999999822 ) ) ;
#1170 = VECTOR ( 'NONE', #899, 1000.000000000000000 ) ;
#1171 = ORIENTED_EDGE ( 'NONE', *, *, #2549, .F. ) ;
#1172 = DIRECTION ( 'NONE',  ( -0.000000000000000000, -0.000000000000000000, 1.000000000000000000 ) ) ;
#1173 = PLANE ( 'NONE',  #1803 ) ;
#1174 = DIRECTION ( 'NONE',  ( 0.000000000000000000, -1.000000000000000000, 0.000000000000000000 ) ) ;
#1175 = DIRECTION ( 'NONE',  ( -0.000000000000000000, 1.000000000000000000, -0.000000000000000000 ) ) ;
#1176 = CARTESIAN_POINT ( 'NONE',  ( 21.69999999999999929, -26.00000000000000355, 15.69999999999999929 ) ) ;
#1177 = EDGE_LOOP ( 'NONE', ( #2288, #1218, #639, #1018 ) ) ;
#1178 = CARTESIAN_POINT ( 'NONE',  ( -48.00000000000000000, 45.00000000000000000, 2.000000000000000000 ) ) ;
#1179 = PLANE ( 'NONE',  #609 ) ;
#1180 = EDGE_CURVE ( 'NONE', #461, #473, #1972, .T. ) ;
#1181 = VERTEX_POINT ( 'NONE', #1547 ) ;
#1182 = CARTESIAN_POINT ( 'NONE',  ( -50.00000000000000000, 45.00000000000000000, 35.00000000000000000 ) ) ;
#1183 = CARTESIAN_POINT ( 'NONE',  ( 50.00000000000000000, -28.50000000000000000, 15.69999999999999929 ) ) ;
#1184 = FACE_OUTER_BOUND ( 'NONE', #291, .T. ) ;
#1185 = DIRECTION ( 'NONE',  ( 0.000000000000000000, 0.000000000000000000, -1.000000000000000000 ) ) ;
#1186 = DIRECTION ( 'NONE',  ( 0.000000000000000000, 0.000000000000000000, -1.000000000000000000 ) ) ;
#1187 = CARTESIAN_POINT ( 'NONE',  ( -42.50000000000000000, -20.00000000000000000, 35.00000000000000000 ) ) ;
#1188 = VERTEX_POINT ( 'NONE', #220 ) ;
#1189 = AXIS2_PLACEMENT_3D ( 'NONE', #1766, #2392, #1010 ) ;
#1190 = VECTOR ( 'NONE', #932, 1000.000000000000000 ) ;
#1191 = FACE_OUTER_BOUND ( 'NONE', #2551, .T. ) ;
#1192 = EDGE_CURVE ( 'NONE', #1632, #718, #981, .T. ) ;
#1193 = ORIENTED_EDGE ( 'NONE', *, *, #743, .F. ) ;
#1194 = AXIS2_PLACEMENT_3D ( 'NONE', #357, #1735, #1540 ) ;
#1195 = DIRECTION ( 'NONE',  ( -0.000000000000000000, 1.000000000000000000, -0.000000000000000000 ) ) ;
#1196 = EDGE_CURVE ( 'NONE', #1575, #815, #1755, .T. ) ;
#1197 = CARTESIAN_POINT ( 'NONE',  ( 50.00000000000000000, 0.000000000000000000, 0.000000000000000000 ) ) ;
#1198 = DIRECTION ( 'NONE',  ( -0.000000000000000000, -0.000000000000000000, -1.000000000000000000 ) ) ;
#1199 = FACE_OUTER_BOUND ( 'NONE', #1750, .T. ) ;
#1200 = DIRECTION ( 'NONE',  ( 1.000000000000000000, 0.000000000000000000, 0.000000000000000000 ) ) ;
#1201 = ADVANCED_FACE ( 'NONE', ( #784 ), #175, .F. ) ;
#1202 = CARTESIAN_POINT ( 'NONE',  ( -55.00000000000000000, -26.00000000000000000, 25.00000000000000000 ) ) ;
#1203 = EDGE_LOOP ( 'NONE', ( #2088, #47, #662, #115 ) ) ;
#1204 = ORIENTED_EDGE ( 'NONE', *, *, #319, .F. ) ;
#1205 = VECTOR ( 'NONE', #2220, 1000.000000000000000 ) ;
#1206 = LINE ( 'NONE', #388, #2177 ) ;
#1207 = CIRCLE ( 'NONE', #1732, 1.700000000000000178 ) ;
#1208 = ORIENTED_EDGE ( 'NONE', *, *, #1122, .T. ) ;
#1209 = LINE ( 'NONE', #1995, #997 ) ;
#1210 = VECTOR ( 'NONE', #910, 1000.000000000000000 ) ;
#1211 = FACE_BOUND ( 'NONE', #1061, .T. ) ;
#1212 = DIRECTION ( 'NONE',  ( -0.000000000000000000, 1.000000000000000000, -0.000000000000000000 ) ) ;
#1213 = CARTESIAN_POINT ( 'NONE',  ( -18.30000000000000071, -28.50000000000000000, 15.69999999999999929 ) ) ;
#1214 = DIRECTION ( 'NONE',  ( 0.000000000000000000, 0.000000000000000000, -1.000000000000000000 ) ) ;
#1215 = CARTESIAN_POINT ( 'NONE',  ( -48.00000000000000000, 2.000000000000001776, 2.000000000000000000 ) ) ;
#1216 = ORIENTED_EDGE ( 'NONE', *, *, #1522, .F. ) ;
#1217 = DESIGN_CONTEXT ( 'detailed design', #1821, 'design' ) ;
#1218 = ORIENTED_EDGE ( 'NONE', *, *, #2521, .T. ) ;
#1219 = PLANE ( 'NONE',  #187 ) ;
#1220 = ORIENTED_EDGE ( 'NONE', *, *, #920, .F. ) ;
#1221 = LINE ( 'NONE', #2008, #1597 ) ;
#1222 = AXIS2_PLACEMENT_3D ( 'NONE', #497, #1720, #2470 ) ;
#1223 = DIRECTION ( 'NONE',  ( -1.000000000000000000, -0.000000000000000000, -0.000000000000000000 ) ) ;
#1224 = LINE ( 'NONE', #2010, #257 ) ;
#1225 = CALENDAR_DATE ( 2026, 10, 9 ) ;
#1226 = EDGE_CURVE ( 'NONE', #1236, #561, #2539, .T. ) ;
#1227 = CARTESIAN_POINT ( 'NONE',  ( 47.50000000000000000, -55.00000000000000000, 25.00000000000000000 ) ) ;
#1228 = CARTESIAN_POINT ( 'NONE',  ( 42.50000000000000000, -20.00000000000000000, 25.00000000000000000 ) ) ;
#1229 = ORIENTED_EDGE ( 'NONE', *, *, #2333, .T. ) ;
#1230 = ADVANCED_FACE ( 'NONE', ( #1390 ), #1998, .F. ) ;
#1231 = CARTESIAN_POINT ( 'NONE',  ( -52.50000000000000000, -25.99999999999999645, 25.00000000000000000 ) ) ;
#1232 = ORIENTED_EDGE ( 'NONE', *, *, #1791, .T. ) ;
#1233 = ORIENTED_EDGE ( 'NONE', *, *, #920, .T. ) ;
#1234 = ADVANCED_FACE ( 'NONE', ( #2152 ), #631, .F. ) ;
#1235 = DIRECTION ( 'NONE',  ( -0.000000000000000000, -0.000000000000000000, -1.000000000000000000 ) ) ;
#1236 = VERTEX_POINT ( 'NONE', #2410 ) ;
#1237 = EDGE_CURVE ( 'NONE', #1188, #156, #1434, .T. ) ;
#1238 = CYLINDRICAL_SURFACE ( 'NONE', #1021, 1.700000000000000178 ) ;
#1239 = AXIS2_PLACEMENT_3D ( 'NONE', #1035, #500, #1288 ) ;
#1240 = DIRECTION ( 'NONE',  ( -0.000000000000000000, -0.000000000000000000, 1.000000000000000000 ) ) ;
#1241 = CYLINDRICAL_SURFACE ( 'NONE', #1042, 1.700000000000000178 ) ;
#1242 = DIRECTION ( 'NONE',  ( 1.000000000000000000, 0.000000000000000000, 0.000000000000000000 ) ) ;
#1243 = DIRECTION ( 'NONE',  ( -1.000000000000000000, -0.000000000000000000, -0.000000000000000000 ) ) ;
#1244 = ADVANCED_FACE ( 'NONE', ( #840 ), #1624, .F. ) ;
#1245 = VERTEX_POINT ( 'NONE', #1269 ) ;
#1246 = VERTEX_POINT ( 'NONE', #1659 ) ;
#1247 = CARTESIAN_POINT ( 'NONE',  ( 45.79999999999999716, -15.00000000000000000, 25.00000000000000000 ) ) ;
#1248 = VECTOR ( 'NONE', #843, 1000.000000000000000 ) ;
#1249 = PRODUCT_DEFINITION ( '�', '', #1554, #1217 ) ;
#1250 = ORIENTED_EDGE ( 'NONE', *, *, #2031, .F. ) ;
#1251 = LINE ( 'NONE', #2056, #655 ) ;
#1252 = VECTOR ( 'NONE', #1341, 1000.000000000000000 ) ;
#1253 = CARTESIAN_POINT ( 'NONE',  ( -37.50000000000000711, -25.00000000000000000, 25.00000000000000000 ) ) ;
#1254 = ORIENTED_EDGE ( 'NONE', *, *, #118, .T. ) ;
#1255 = VECTOR ( 'NONE', #440, 1000.000000000000000 ) ;
#1256 = DATE_AND_TIME ( #1225, #1399 ) ;
#1257 = VECTOR ( 'NONE', #1590, 1000.000000000000000 ) ;
#1258 = FACE_OUTER_BOUND ( 'NONE', #2389, .T. ) ;
#1259 = DIRECTION ( 'NONE',  ( 0.000000000000000000, 0.000000000000000000, 1.000000000000000000 ) ) ;
#1260 = ORIENTED_EDGE ( 'NONE', *, *, #2300, .F. ) ;
#1261 = VERTEX_POINT ( 'NONE', #2447 ) ;
#1262 = VERTEX_POINT ( 'NONE', #1870 ) ;
#1263 = LINE ( 'NONE', #1247, #1479 ) ;
#1264 = ORIENTED_EDGE ( 'NONE', *, *, #698, .F. ) ;
#1265 = PLANE ( 'NONE',  #2381 ) ;
#1266 = ORIENTED_EDGE ( 'NONE', *, *, #1117, .T. ) ;
#1267 = SECURITY_CLASSIFICATION_LEVEL ( 'unclassified' ) ;
#1268 = CARTESIAN_POINT ( 'NONE',  ( -52.50000000000000000, -65.00000000000000000, 25.00000000000000000 ) ) ;
#1269 = CARTESIAN_POINT ( 'NONE',  ( 51.70000000000000284, -28.50000000000000000, 22.30000000000000071 ) ) ;
#1270 = EDGE_LOOP ( 'NONE', ( #1260, #1471, #730, #475 ) ) ;
#1271 = EDGE_LOOP ( 'NONE', ( #1859, #2195, #1660, #691 ) ) ;
#1272 = ORIENTED_EDGE ( 'NONE', *, *, #1017, .T. ) ;
#1273 = ORIENTED_EDGE ( 'NONE', *, *, #1422, .F. ) ;
#1274 = DIRECTION ( 'NONE',  ( -0.000000000000000000, -0.000000000000000000, 1.000000000000000000 ) ) ;
#1275 = EDGE_CURVE ( 'NONE', #1153, #904, #994, .T. ) ;
#1276 = CARTESIAN_POINT ( 'NONE',  ( -51.70000000000000284, -26.00000000000000355, 15.69999999999999929 ) ) ;
#1277 = AXIS2_PLACEMENT_3D ( 'NONE', #2216, #186, #640 ) ;
#1278 = ORIENTED_EDGE ( 'NONE', *, *, #1598, .F. ) ;
#1279 = CIRCLE ( 'NONE', #147, 1.700000000000000178 ) ;
#1280 = APPROVAL_DATE_TIME ( #2071, #1403 ) ;
#1281 = EDGE_LOOP ( 'NONE', ( #1511, #1473, #690, #148, #288 ) ) ;
#1282 = PLANE ( 'NONE',  #645 ) ;
#1283 = DIRECTION ( 'NONE',  ( -1.000000000000000000, 0.000000000000000000, -0.000000000000000000 ) ) ;
#1285 = ORIENTED_EDGE ( 'NONE', *, *, #2086, .T. ) ;
#1284 = FACE_OUTER_BOUND ( 'NONE', #286, .T. ) ;
#1286 = ORIENTED_EDGE ( 'NONE', *, *, #392, .T. ) ;
#1287 = ORIENTED_EDGE ( 'NONE', *, *, #1145, .T. ) ;
#1288 = DIRECTION ( 'NONE',  ( 0.000000000000000000, 0.000000000000000000, 1.000000000000000000 ) ) ;
#1289 = DIRECTION ( 'NONE',  ( 0.000000000000000000, 0.000000000000000000, 1.000000000000000000 ) ) ;
#1290 = ORIENTED_EDGE ( 'NONE', *, *, #1522, .T. ) ;
#1291 = VECTOR ( 'NONE', #2024, 1000.000000000000000 ) ;
#1292 = AXIS2_PLACEMENT_3D ( 'NONE', #808, #2165, #629 ) ;
#1293 = DIRECTION ( 'NONE',  ( 0.000000000000000000, 0.000000000000000000, -1.000000000000000000 ) ) ;
#1294 = CIRCLE ( 'NONE', #550, 1.700000000000000178 ) ;
#1295 = CARTESIAN_POINT ( 'NONE',  ( -52.50000000000000000, 0.000000000000000000, 25.00000000000000000 ) ) ;
#1296 = CARTESIAN_POINT ( 'NONE',  ( 18.30000000000000071, -26.00000000000000355, 15.69999999999999929 ) ) ;
#1297 = ORIENTED_EDGE ( 'NONE', *, *, #1145, .F. ) ;
#1298 = ORIENTED_EDGE ( 'NONE', *, *, #1877, .F. ) ;
#1299 = ORIENTED_EDGE ( 'NONE', *, *, #116, .F. ) ;
#1300 = CARTESIAN_POINT ( 'NONE',  ( 42.50000000000000000, -25.00000000000000000, 25.00000000000000000 ) ) ;
#1301 = FACE_BOUND ( 'NONE', #1535, .T. ) ;
#1302 = ORIENTED_EDGE ( 'NONE', *, *, #707, .T. ) ;
#1303 = SHAPE_DEFINITION_REPRESENTATION ( #811, #2316 ) ;
#1304 = DIRECTION ( 'NONE',  ( 0.000000000000000000, 1.000000000000000000, 0.000000000000000000 ) ) ;
#1305 = EDGE_CURVE ( 'NONE', #2093, #1595, #2095, .T. ) ;
#1306 = ORIENTED_EDGE ( 'NONE', *, *, #781, .T. ) ;
#1307 = ORIENTED_EDGE ( 'NONE', *, *, #180, .F. ) ;
#1308 = EDGE_CURVE ( 'NONE', #752, #1934, #1531, .T. ) ;
#1309 = DIRECTION ( 'NONE',  ( -0.000000000000000000, -1.000000000000000000, -0.000000000000000000 ) ) ;
#1310 = EDGE_CURVE ( 'NONE', #383, #344, #1657, .T. ) ;
#1311 = VERTEX_POINT ( 'NONE', #1716 ) ;
#1312 = VECTOR ( 'NONE', #2162, 1000.000000000000000 ) ;
#1313 = CALENDAR_DATE ( 2026, 10, 9 ) ;
#1314 = CIRCLE ( 'NONE', #1069, 1.700000000000000178 ) ;
#1315 = CARTESIAN_POINT ( 'NONE',  ( -20.00000000000000000, -28.50000000000000000, 15.69999999999999929 ) ) ;
#1316 = LINE ( 'NONE', #1742, #2552 ) ;
#1317 = LOCAL_TIME ( 16, 22, 44.00000000000000000, #520 ) ;
#1318 = PLANE ( 'NONE',  #915 ) ;
#1319 = VERTEX_POINT ( 'NONE', #1106 ) ;
#1320 = ORIENTED_EDGE ( 'NONE', *, *, #963, .F. ) ;
#1321 = ORIENTED_EDGE ( 'NONE', *, *, #2137, .F. ) ;
#1322 = FACE_BOUND ( 'NONE', #819, .T. ) ;
#1323 = ADVANCED_FACE ( 'NONE', ( #1706, #1502, #2492, #540, #1325 ), #1138, .F. ) ;
#1324 = ORIENTED_EDGE ( 'NONE', *, *, #1432, .F. ) ;
#1325 = FACE_OUTER_BOUND ( 'NONE', #134, .T. ) ;
#1326 = AXIS2_PLACEMENT_3D ( 'NONE', #812, #194, #983 ) ;
#1327 = CARTESIAN_POINT ( 'NONE',  ( -48.00000000000000000, 2.000000000000001776, 33.00000000000000000 ) ) ;
#1328 = VECTOR ( 'NONE', #1198, 1000.000000000000000 ) ;
#1329 = CARTESIAN_POINT ( 'NONE',  ( -21.69999999999999929, -28.50000000000000000, 15.69999999999999929 ) ) ;
#1330 = VERTEX_POINT ( 'NONE', #312 ) ;
#1331 = AXIS2_PLACEMENT_3D ( 'NONE', #2371, #577, #1364 ) ;
#1332 = EDGE_CURVE ( 'NONE', #2050, #1009, #2097, .T. ) ;
#1333 = CARTESIAN_POINT ( 'NONE',  ( -55.00000000000000000, -28.50000000000000000, 10.00000000000000178 ) ) ;
#1334 = CIRCLE ( 'NONE', #345, 1.700000000000000178 ) ;
#1335 = CARTESIAN_POINT ( 'NONE',  ( 48.30000000000000426, -26.00000000000000355, 15.69999999999999929 ) ) ;
#1336 = ADVANCED_FACE ( 'NONE', ( #1873 ), #1318, .F. ) ;
#1337 = VERTEX_POINT ( 'NONE', #738 ) ;
#1338 = ADVANCED_FACE ( 'NONE', ( #533 ), #1111, .F. ) ;
#1339 = DIRECTION ( 'NONE',  ( -0.000000000000000000, -0.000000000000000000, 1.000000000000000000 ) ) ;
#1340 = CARTESIAN_POINT ( 'NONE',  ( 0.000000000000000000, 0.000000000000000000, 25.00000000000000000 ) ) ;
#1341 = DIRECTION ( 'NONE',  ( 0.000000000000000000, 1.000000000000000000, 0.000000000000000000 ) ) ;
#1342 = DIRECTION ( 'NONE',  ( 1.000000000000000000, 0.000000000000000000, 0.000000000000000000 ) ) ;
#1343 = DIRECTION ( 'NONE',  ( -0.000000000000000000, -1.000000000000000000, -0.000000000000000000 ) ) ;
#1344 = VERTEX_POINT ( 'NONE', #889 ) ;
#1345 = FACE_OUTER_BOUND ( 'NONE', #637, .T. ) ;
#1346 = LINE ( 'NONE', #1704, #24 ) ;
#1347 = EDGE_LOOP ( 'NONE', ( #2486, #2452, #1208, #536, #2308 ) ) ;
#1348 = EDGE_CURVE ( 'NONE', #337, #431, #1128, .T. ) ;
#1349 = CARTESIAN_POINT ( 'NONE',  ( 20.00000000000000000, -26.00000000000000355, 15.69999999999999929 ) ) ;
#1350 = CARTESIAN_POINT ( 'NONE',  ( -48.00000000000000000, 2.000000000000001776, 2.000000000000000000 ) ) ;
#1351 = VECTOR ( 'NONE', #627, 1000.000000000000000 ) ;
#1352 = LINE ( 'NONE', #207, #506 ) ;
#1353 = LINE ( 'NONE', #774, #2281 ) ;
#1354 = VERTEX_POINT ( 'NONE', #1505 ) ;
#1355 = VERTEX_POINT ( 'NONE', #1685 ) ;
#1356 = VECTOR ( 'NONE', #894, 1000.000000000000000 ) ;
#1357 = DIRECTION ( 'NONE',  ( 1.000000000000000000, 0.000000000000000000, 0.000000000000000000 ) ) ;
#1358 = CYLINDRICAL_SURFACE ( 'NONE', #862, 1.700000000000000178 ) ;
#1359 = EDGE_LOOP ( 'NONE', ( #1462, #2019, #1447, #1765 ) ) ;
#1360 = CARTESIAN_POINT ( 'NONE',  ( 50.00000000000000000, 0.000000000000000000, 35.00000000000000000 ) ) ;
#1361 = DIRECTION ( 'NONE',  ( -0.000000000000000000, -1.000000000000000000, -0.000000000000000000 ) ) ;
#1362 = VECTOR ( 'NONE', #2194, 1000.000000000000000 ) ;
#1363 = DIRECTION ( 'NONE',  ( 0.000000000000000000, 0.000000000000000000, 1.000000000000000000 ) ) ;
#1364 = DIRECTION ( 'NONE',  ( 0.000000000000000000, 0.000000000000000000, -1.000000000000000000 ) ) ;
#1365 = CARTESIAN_POINT ( 'NONE',  ( 45.79999999999999716, -15.00000000000000000, 25.00000000000000000 ) ) ;
#1366 = VERTEX_POINT ( 'NONE', #2285 ) ;
#1367 = EDGE_CURVE ( 'NONE', #2228, #2270, #1898, .T. ) ;
#1368 = CIRCLE ( 'NONE', #1453, 1.700000000000000178 ) ;
#1369 = FACE_OUTER_BOUND ( 'NONE', #886, .T. ) ;
#1370 = AXIS2_PLACEMENT_3D ( 'NONE', #1025, #203, #377 ) ;
#1371 = DIRECTION ( 'NONE',  ( 1.000000000000000000, 0.000000000000000000, 0.000000000000000000 ) ) ;
#1372 = CIRCLE ( 'NONE', #633, 1.700000000000000178 ) ;
#1373 = VERTEX_POINT ( 'NONE', #2485 ) ;
#1374 = LINE ( 'NONE', #2536, #1351 ) ;
#1375 = PLANE ( 'NONE',  #914 ) ;
#1376 = EDGE_CURVE ( 'NONE', #1485, #1016, #728, .T. ) ;
#1377 = DIRECTION ( 'NONE',  ( 0.000000000000000000, -0.000000000000000000, 1.000000000000000000 ) ) ;
#1378 = CARTESIAN_POINT ( 'NONE',  ( 49.20000000000000284, -55.00000000000000000, 35.00000000000000000 ) ) ;
#1379 = CYLINDRICAL_SURFACE ( 'NONE', #1326, 1.700000000000000178 ) ;
#1380 = CARTESIAN_POINT ( 'NONE',  ( 44.20000000000000284, 40.00000000000000000, 33.00000000000000000 ) ) ;
#1381 = LINE ( 'NONE', #2121, #866 ) ;
#1382 = ADVANCED_FACE ( 'NONE', ( #178 ), #1772, .F. ) ;
#1383 = ORIENTED_EDGE ( 'NONE', *, *, #2524, .T. ) ;
#1384 = CARTESIAN_POINT ( 'NONE',  ( -48.30000000000000426, -28.50000000000000000, 15.69999999999999929 ) ) ;
#1385 = CARTESIAN_POINT ( 'NONE',  ( 40.80000000000000426, -20.00000000000000000, 25.00000000000000000 ) ) ;
#1386 = ORIENTED_EDGE ( 'NONE', *, *, #387, .F. ) ;
#1387 = DIRECTION ( 'NONE',  ( 1.000000000000000000, 0.000000000000000000, 0.000000000000000000 ) ) ;
#1388 = EDGE_CURVE ( 'NONE', #2272, #2007, #763, .T. ) ;
#1389 = CARTESIAN_POINT ( 'NONE',  ( 42.50000000000000000, -65.00000000000000000, 25.00000000000000000 ) ) ;
#1390 = FACE_OUTER_BOUND ( 'NONE', #1177, .T. ) ;
#1391 = PERSON_AND_ORGANIZATION_ROLE ( 'design_owner' ) ;
#1392 = LINE ( 'NONE', #2180, #544 ) ;
#1393 = CARTESIAN_POINT ( 'NONE',  ( 0.000000000000000000, 0.000000000000000000, 10.00000000000000178 ) ) ;
#1394 = DIRECTION ( 'NONE',  ( 1.000000000000000000, 0.000000000000000000, 0.000000000000000000 ) ) ;
#1395 = ORIENTED_EDGE ( 'NONE', *, *, #276, .T. ) ;
#1396 = AXIS2_PLACEMENT_3D ( 'NONE', #2255, #490, #292 ) ;
#1397 = AXIS2_PLACEMENT_3D ( 'NONE', #846, #2253, #488 ) ;
#1398 = CARTESIAN_POINT ( 'NONE',  ( 21.70000000000000284, -26.00000000000000000, 22.30000000000000071 ) ) ;
#1399 = LOCAL_TIME ( 16, 22, 44.00000000000000000, #251 ) ;
#1400 = EDGE_LOOP ( 'NONE', ( #1062, #1466, #2135, #1383 ) ) ;
#1401 = AXIS2_PLACEMENT_3D ( 'NONE', #2359, #594, #2131 ) ;
#1402 = CARTESIAN_POINT ( 'NONE',  ( -48.00000000000000000, 2.000000000000001776, 2.000000000000000000 ) ) ;
#1403 = APPROVAL ( #1855, '未' ) ;
#1404 = CARTESIAN_POINT ( 'NONE',  ( 48.00000000000000000, 2.000000000000001776, 2.000000000000000000 ) ) ;
#1405 = CARTESIAN_POINT ( 'NONE',  ( 48.30000000000000426, -28.50000000000000000, 15.69999999999999929 ) ) ;
#1406 = LINE ( 'NONE', #1840, #1205 ) ;
#1407 = DIRECTION ( 'NONE',  ( -0.000000000000000000, -0.000000000000000000, -1.000000000000000000 ) ) ;
#1408 = ORIENTED_EDGE ( 'NONE', *, *, #1557, .T. ) ;
#1409 = DIRECTION ( 'NONE',  ( 0.000000000000000000, 0.000000000000000000, -1.000000000000000000 ) ) ;
#1410 = ORIENTED_EDGE ( 'NONE', *, *, #50, .F. ) ;
#1411 = ORIENTED_EDGE ( 'NONE', *, *, #130, .T. ) ;
#1412 = AXIS2_PLACEMENT_3D ( 'NONE', #12, #1174, #592 ) ;
#1413 = DIRECTION ( 'NONE',  ( 0.000000000000000000, 0.000000000000000000, 1.000000000000000000 ) ) ;
#1414 = CIRCLE ( 'NONE', #1619, 1.700000000000000178 ) ;
#1415 = ORIENTED_EDGE ( 'NONE', *, *, #188, .F. ) ;
#1416 = EDGE_CURVE ( 'NONE', #2506, #2055, #1984, .T. ) ;
#1417 = DIRECTION ( 'NONE',  ( 0.000000000000000000, 0.000000000000000000, -1.000000000000000000 ) ) ;
#1418 = VECTOR ( 'NONE', #1567, 1000.000000000000000 ) ;
#1419 = PLANE ( 'NONE',  #587 ) ;
#1420 =( NAMED_UNIT ( * ) PLANE_ANGLE_UNIT ( ) SI_UNIT ( $, .RADIAN. ) );
#1421 = DIRECTION ( 'NONE',  ( 0.000000000000000000, -0.000000000000000000, -1.000000000000000000 ) ) ;
#1422 = EDGE_CURVE ( 'NONE', #1710, #1578, #1734, .T. ) ;
#1423 = DIRECTION ( 'NONE',  ( -0.000000000000000000, -0.000000000000000000, 1.000000000000000000 ) ) ;
#1424 = ORIENTED_EDGE ( 'NONE', *, *, #1636, .F. ) ;
#1425 = EDGE_CURVE ( 'NONE', #1355, #1037, #2245, .T. ) ;
#1426 = LINE ( 'NONE', #1005, #2481 ) ;
#1427 = EDGE_LOOP ( 'NONE', ( #51, #794, #2122, #78 ) ) ;
#1428 = CARTESIAN_POINT ( 'NONE',  ( -40.80000000000000426, 40.00000000000000000, 33.00000000000000000 ) ) ;
#1429 = ORIENTED_EDGE ( 'NONE', *, *, #2375, .T. ) ;
#1430 = CARTESIAN_POINT ( 'NONE',  ( 51.70000000000000284, -28.50000000000000000, 15.69999999999999929 ) ) ;
#1431 = VECTOR ( 'NONE', #1708, 1000.000000000000000 ) ;
#1432 = EDGE_CURVE ( 'NONE', #1851, #1101, #604, .T. ) ;
#1433 = DIRECTION ( 'NONE',  ( 0.000000000000000000, -1.000000000000000000, 0.000000000000000000 ) ) ;
#1434 = LINE ( 'NONE', #642, #1085 ) ;
#1435 = FACE_OUTER_BOUND ( 'NONE', #1620, .T. ) ;
#1436 = LINE ( 'NONE', #456, #643 ) ;
#1437 = EDGE_LOOP ( 'NONE', ( #1395, #883, #650, #510 ) ) ;
#1438 = ORIENTED_EDGE ( 'NONE', *, *, #1083, .F. ) ;
#1439 = AXIS2_PLACEMENT_3D ( 'NONE', #361, #1510, #1134 ) ;
#1440 = CARTESIAN_POINT ( 'NONE',  ( -50.00000000000000000, 0.000000000000000000, 0.000000000000000000 ) ) ;
#1441 = VECTOR ( 'NONE', #982, 1000.000000000000000 ) ;
#1442 = VERTEX_POINT ( 'NONE', #2332 ) ;
#1443 = DIRECTION ( 'NONE',  ( 0.000000000000000000, -1.000000000000000000, 0.000000000000000000 ) ) ;
#1444 = CARTESIAN_POINT ( 'NONE',  ( -50.00000000000000000, -26.00000000000000355, 22.30000000000000071 ) ) ;
#1445 = LINE ( 'NONE', #2012, #464 ) ;
#1446 = CARTESIAN_POINT ( 'NONE',  ( 48.00000000000000000, 45.00000000000000000, 2.000000000000000000 ) ) ;
#1447 = ORIENTED_EDGE ( 'NONE', *, *, #2549, .T. ) ;
#1448 = DIRECTION ( 'NONE',  ( 0.000000000000000000, -1.000000000000000000, 0.000000000000000000 ) ) ;
#1449 = VERTEX_POINT ( 'NONE', #367 ) ;
#1450 = ORIENTED_EDGE ( 'NONE', *, *, #42, .F. ) ;
#1451 = LINE ( 'NONE', #881, #2265 ) ;
#1452 = ORIENTED_EDGE ( 'NONE', *, *, #468, .T. ) ;
#1453 = AXIS2_PLACEMENT_3D ( 'NONE', #1095, #1480, #106 ) ;
#1454 = CARTESIAN_POINT ( 'NONE',  ( 42.50000000000000000, -65.00000000000000000, 25.00000000000000000 ) ) ;
#1455 = AXIS2_PLACEMENT_3D ( 'NONE', #1777, #754, #399 ) ;
#1456 = ORIENTED_EDGE ( 'NONE', *, *, #1074, .F. ) ;
#1457 = CIRCLE ( 'NONE', #679, 1.700000000000000178 ) ;
#1458 = CARTESIAN_POINT ( 'NONE',  ( 20.00000000000000000, -26.00000000000000355, 15.69999999999999929 ) ) ;
#1459 = LINE ( 'NONE', #2251, #298 ) ;
#1460 = EDGE_CURVE ( 'NONE', #2199, #992, #1133, .T. ) ;
#1462 = ORIENTED_EDGE ( 'NONE', *, *, #2521, .F. ) ;
#1461 = CARTESIAN_POINT ( 'NONE',  ( 42.50000000000000000, -65.00000000000000000, 25.00000000000000000 ) ) ;
#1463 = ORIENTED_EDGE ( 'NONE', *, *, #1196, .T. ) ;
#1464 = DIRECTION ( 'NONE',  ( 1.000000000000000000, 0.000000000000000000, 0.000000000000000000 ) ) ;
#1465 = EDGE_CURVE ( 'NONE', #1523, #1449, #195, .T. ) ;
#1466 = ORIENTED_EDGE ( 'NONE', *, *, #1545, .T. ) ;
#1467 = PLANE ( 'NONE',  #1396 ) ;
#1468 = ORIENTED_EDGE ( 'NONE', *, *, #2229, .F. ) ;
#1469 = CARTESIAN_POINT ( 'NONE',  ( -48.30000000000000426, -26.00000000000000355, 15.69999999999999929 ) ) ;
#1470 = DIRECTION ( 'NONE',  ( 0.000000000000000000, 0.000000000000000000, 1.000000000000000000 ) ) ;
#1471 = ORIENTED_EDGE ( 'NONE', *, *, #2406, .T. ) ;
#1472 = VERTEX_POINT ( 'NONE', #565 ) ;
#1473 = ORIENTED_EDGE ( 'NONE', *, *, #1488, .F. ) ;
#1474 = PLANE ( 'NONE',  #1239 ) ;
#1475 = ORIENTED_EDGE ( 'NONE', *, *, #797, .T. ) ;
#1476 = PLANE ( 'NONE',  #2339 ) ;
#1477 = AXIS2_PLACEMENT_3D ( 'NONE', #795, #1605, #993 ) ;
#1478 = ORIENTED_EDGE ( 'NONE', *, *, #1565, .T. ) ;
#1479 = VECTOR ( 'NONE', #1274, 1000.000000000000000 ) ;
#1480 = DIRECTION ( 'NONE',  ( 0.000000000000000000, 0.000000000000000000, 1.000000000000000000 ) ) ;
#1481 = CARTESIAN_POINT ( 'NONE',  ( 52.50000000000000000, -65.00000000000000000, 25.00000000000000000 ) ) ;
#1482 = ORIENTED_EDGE ( 'NONE', *, *, #1465, .T. ) ;
#1483 = DIRECTION ( 'NONE',  ( 0.000000000000000000, 0.000000000000000000, 1.000000000000000000 ) ) ;
#1484 = CARTESIAN_POINT ( 'NONE',  ( -47.50000000000000000, -15.00000000000000000, 35.00000000000000000 ) ) ;
#1485 = VERTEX_POINT ( 'NONE', #2 ) ;
#1486 = EDGE_CURVE ( 'NONE', #461, #478, #1353, .T. ) ;
#1487 = AXIS2_PLACEMENT_3D ( 'NONE', #1458, #373, #332 ) ;
#1488 = EDGE_CURVE ( 'NONE', #904, #1449, #1294, .T. ) ;
#1489 = VECTOR ( 'NONE', #541, 1000.000000000000000 ) ;
#1490 = DIRECTION ( 'NONE',  ( 0.000000000000000000, 0.000000000000000000, 1.000000000000000000 ) ) ;
#1491 = VECTOR ( 'NONE', #2130, 1000.000000000000000 ) ;
#1492 = EDGE_CURVE ( 'NONE', #678, #2007, #1002, .T. ) ;
#1493 = FACE_BOUND ( 'NONE', #1120, .T. ) ;
#1495 = ORIENTED_EDGE ( 'NONE', *, *, #890, .F. ) ;
#1494 = DIRECTION ( 'NONE',  ( 0.000000000000000000, 0.000000000000000000, -1.000000000000000000 ) ) ;
#1496 = ORIENTED_EDGE ( 'NONE', *, *, #2031, .T. ) ;
#1497 = ORIENTED_EDGE ( 'NONE', *, *, #1784, .T. ) ;
#1498 = EDGE_CURVE ( 'NONE', #1344, #1575, #1162, .T. ) ;
#1499 = LINE ( 'NONE', #2490, #569 ) ;
#1500 = EDGE_LOOP ( 'NONE', ( #1925, #558 ) ) ;
#1501 = ADVANCED_FACE ( 'NONE', ( #1551 ), #751, .F. ) ;
#1502 = FACE_BOUND ( 'NONE', #535, .T. ) ;
#1503 = DIRECTION ( 'NONE',  ( -0.000000000000000000, -0.000000000000000000, -1.000000000000000000 ) ) ;
#1504 = CARTESIAN_POINT ( 'NONE',  ( 40.80000000000000426, 40.00000000000000000, 33.00000000000000000 ) ) ;
#1505 = CARTESIAN_POINT ( 'NONE',  ( 42.49999999999999289, 0.000000000000000000, 35.00000000000000000 ) ) ;
#1506 = ORIENTED_EDGE ( 'NONE', *, *, #2161, .T. ) ;
#1507 = ORIENTED_EDGE ( 'NONE', *, *, #2112, .F. ) ;
#1508 = EDGE_LOOP ( 'NONE', ( #93, #1823, #918, #1297, #256 ) ) ;
#1509 = ADVANCED_FACE ( 'NONE', ( #2157 ), #557, .T. ) ;
#1510 = DIRECTION ( 'NONE',  ( 0.000000000000000000, 0.000000000000000000, -1.000000000000000000 ) ) ;
#1511 = ORIENTED_EDGE ( 'NONE', *, *, #2505, .F. ) ;
#1512 = AXIS2_PLACEMENT_3D ( 'NONE', #73, #2230, #462 ) ;
#1513 = ORGANIZATION ( '未', '未', '' ) ;
#1514 = DIRECTION ( 'NONE',  ( 0.000000000000000000, -1.000000000000000000, 0.000000000000000000 ) ) ;
#1515 = CARTESIAN_POINT ( 'NONE',  ( -55.00000000000000000, -26.00000000000000000, 25.00000000000000000 ) ) ;
#1516 = CARTESIAN_POINT ( 'NONE',  ( -40.80000000000000426, 40.00000000000000000, 33.00000000000000000 ) ) ;
#1517 = DIRECTION ( 'NONE',  ( 0.000000000000000000, 0.000000000000000000, 1.000000000000000000 ) ) ;
#1518 = ORIENTED_EDGE ( 'NONE', *, *, #2258, .F. ) ;
#1519 = ORIENTED_EDGE ( 'NONE', *, *, #1844, .T. ) ;
#1520 = CARTESIAN_POINT ( 'NONE',  ( -40.80000000000000426, -20.00000000000000000, 35.00000000000000000 ) ) ;
#1521 = CARTESIAN_POINT ( 'NONE',  ( 42.50000000000000000, -15.00000000000000000, 35.00000000000000000 ) ) ;
#1522 = EDGE_CURVE ( 'NONE', #1703, #896, #758, .T. ) ;
#1523 = VERTEX_POINT ( 'NONE', #356 ) ;
#1524 = CIRCLE ( 'NONE', #2312, 1.700000000000000178 ) ;
#1525 = CARTESIAN_POINT ( 'NONE',  ( 47.50000000000000000, -15.00000000000000000, 25.00000000000000000 ) ) ;
#1526 = CARTESIAN_POINT ( 'NONE',  ( -49.20000000000000284, -15.00000000000000000, 25.00000000000000000 ) ) ;
#1527 = AXIS2_PLACEMENT_3D ( 'NONE', #1139, #1908, #922 ) ;
#1528 = CYLINDRICAL_SURFACE ( 'NONE', #2264, 1.700000000000000178 ) ;
#1529 = DIRECTION ( 'NONE',  ( 1.000000000000000000, 0.000000000000000000, 0.000000000000000000 ) ) ;
#1530 = ORIENTED_EDGE ( 'NONE', *, *, #884, .F. ) ;
#1531 = CIRCLE ( 'NONE', #2555, 1.700000000000000178 ) ;
#1532 = EDGE_CURVE ( 'NONE', #2014, #1344, #1152, .T. ) ;
#1533 = FACE_BOUND ( 'NONE', #1281, .T. ) ;
#1534 = DIRECTION ( 'NONE',  ( -0.000000000000000000, -1.000000000000000000, -0.000000000000000000 ) ) ;
#1535 = EDGE_LOOP ( 'NONE', ( #1048, #1495 ) ) ;
#1536 = FACE_OUTER_BOUND ( 'NONE', #1359, .T. ) ;
#1537 = PLANE ( 'NONE',  #68 ) ;
#1538 = DIRECTION ( 'NONE',  ( 0.000000000000000000, 0.000000000000000000, 1.000000000000000000 ) ) ;
#1539 = DIRECTION ( 'NONE',  ( -0.000000000000000000, -1.000000000000000000, -0.000000000000000000 ) ) ;
#1540 = DIRECTION ( 'NONE',  ( 1.000000000000000000, 0.000000000000000000, 0.000000000000000000 ) ) ;
#1541 = EDGE_LOOP ( 'NONE', ( #89, #1299, #1939, #1913, #973, #1639 ) ) ;
#1542 = FACE_OUTER_BOUND ( 'NONE', #2072, .T. ) ;
#1543 = CARTESIAN_POINT ( 'NONE',  ( -42.50000000000000000, -20.00000000000000000, 25.00000000000000000 ) ) ;
#1544 = VERTEX_POINT ( 'NONE', #154 ) ;
#1545 = EDGE_CURVE ( 'NONE', #1080, #678, #2358, .T. ) ;
#1546 = VECTOR ( 'NONE', #449, 1000.000000000000000 ) ;
#1547 = CARTESIAN_POINT ( 'NONE',  ( 42.50000000000000000, -65.00000000000000000, 25.00000000000000000 ) ) ;
#1548 = CARTESIAN_POINT ( 'NONE',  ( -50.00000000000000000, -28.50000000000000000, 15.69999999999999929 ) ) ;
#1549 = VECTOR ( 'NONE', #990, 1000.000000000000000 ) ;
#1550 = CARTESIAN_POINT ( 'NONE',  ( -48.00000000000000000, 45.00000000000000000, 2.000000000000000000 ) ) ;
#1551 = FACE_OUTER_BOUND ( 'NONE', #653, .T. ) ;
#1552 = ORIENTED_EDGE ( 'NONE', *, *, #1376, .F. ) ;
#1553 = VECTOR ( 'NONE', #204, 1000.000000000000000 ) ;
#1554 = PRODUCT_DEFINITION_FORMATION_WITH_SPECIFIED_SOURCE ( '�', '', #1964, .NOT_KNOWN. ) ;
#1555 = DIRECTION ( 'NONE',  ( 0.000000000000000000, 0.000000000000000000, -1.000000000000000000 ) ) ;
#1556 = LINE ( 'NONE', #2349, #1312 ) ;
#1557 = EDGE_CURVE ( 'NONE', #33, #495, #1950, .T. ) ;
#1558 = EDGE_LOOP ( 'NONE', ( #1135, #860 ) ) ;
#1559 = EDGE_CURVE ( 'NONE', #561, #2511, #1426, .T. ) ;
#1560 = DIRECTION ( 'NONE',  ( 0.000000000000000000, 0.000000000000000000, 1.000000000000000000 ) ) ;
#1561 = EDGE_CURVE ( 'NONE', #1245, #2337, #1372, .T. ) ;
#1562 = FACE_OUTER_BOUND ( 'NONE', #1022, .T. ) ;
#1563 = CARTESIAN_POINT ( 'NONE',  ( -42.50000000000000000, 40.00000000000000000, 33.00000000000000000 ) ) ;
#1564 = CYLINDRICAL_SURFACE ( 'NONE', #362, 1.700000000000000178 ) ;
#1565 = EDGE_CURVE ( 'NONE', #2473, #46, #259, .T. ) ;
#1566 = DIRECTION ( 'NONE',  ( 1.000000000000000000, 0.000000000000000000, 0.000000000000000000 ) ) ;
#1567 = DIRECTION ( 'NONE',  ( -0.000000000000000000, 1.000000000000000000, -0.000000000000000000 ) ) ;
#1568 = VECTOR ( 'NONE', #3, 1000.000000000000000 ) ;
#1569 = EDGE_LOOP ( 'NONE', ( #1630, #1790, #489, #747, #1220 ) ) ;
#1570 = EDGE_CURVE ( 'NONE', #2074, #2143, #1049, .T. ) ;
#1571 = EDGE_CURVE ( 'NONE', #519, #4, #2003, .T. ) ;
#1572 = VECTOR ( 'NONE', #1608, 1000.000000000000000 ) ;
#1573 = EDGE_CURVE ( 'NONE', #344, #2374, #2401, .T. ) ;
#1574 = DIRECTION ( 'NONE',  ( 0.000000000000000000, 1.000000000000000000, 0.000000000000000000 ) ) ;
#1575 = VERTEX_POINT ( 'NONE', #1231 ) ;
#1576 = DIRECTION ( 'NONE',  ( 1.000000000000000000, 0.000000000000000000, 0.000000000000000000 ) ) ;
#1577 = CARTESIAN_POINT ( 'NONE',  ( -52.50000000000000000, 0.000000000000000000, 25.00000000000000000 ) ) ;
#1578 = VERTEX_POINT ( 'NONE', #2018 ) ;
#1579 = CARTESIAN_POINT ( 'NONE',  ( -50.00000000000000000, 45.00000000000000000, 0.000000000000000000 ) ) ;
#1580 = DIRECTION ( 'NONE',  ( 0.000000000000000000, 0.000000000000000000, -1.000000000000000000 ) ) ;
#1581 = DIRECTION ( 'NONE',  ( -0.000000000000000000, -0.000000000000000000, 1.000000000000000000 ) ) ;
#1582 = CARTESIAN_POINT ( 'NONE',  ( 47.50000000000000000, -55.00000000000000000, 25.00000000000000000 ) ) ;
#1583 = DIRECTION ( 'NONE',  ( -0.000000000000000000, 1.000000000000000000, -0.000000000000000000 ) ) ;
#1584 = ORIENTED_EDGE ( 'NONE', *, *, #1416, .F. ) ;
#1585 = EDGE_CURVE ( 'NONE', #1311, #433, #242, .T. ) ;
#1586 = DIRECTION ( 'NONE',  ( 0.000000000000000000, 0.000000000000000000, 1.000000000000000000 ) ) ;
#1587 = ORIENTED_EDGE ( 'NONE', *, *, #438, .F. ) ;
#1588 = CARTESIAN_POINT ( 'NONE',  ( -45.79999999999999716, -55.00000000000000000, 35.00000000000000000 ) ) ;
#1589 = PLANE ( 'NONE',  #547 ) ;
#1590 = DIRECTION ( 'NONE',  ( -0.000000000000000000, 1.000000000000000000, -0.000000000000000000 ) ) ;
#1591 = APPLICATION_PROTOCOL_DEFINITION ( 'international standard', 'config_control_design', 1994, #1684 ) ;
#1592 = FACE_OUTER_BOUND ( 'NONE', #1801, .T. ) ;
#1593 = FACE_OUTER_BOUND ( 'NONE', #529, .T. ) ;
#1594 = CARTESIAN_POINT ( 'NONE',  ( -48.30000000000000426, -28.50000000000000000, 15.69999999999999929 ) ) ;
#1595 = VERTEX_POINT ( 'NONE', #733 ) ;
#1596 = EDGE_CURVE ( 'NONE', #402, #273, #138, .T. ) ;
#1597 = VECTOR ( 'NONE', #1644, 1000.000000000000000 ) ;
#1598 = EDGE_CURVE ( 'NONE', #1246, #1899, #2514, .T. ) ;
#1599 = CIRCLE ( 'NONE', #2499, 1.700000000000000178 ) ;
#1600 = DIRECTION ( 'NONE',  ( 1.000000000000000000, 0.000000000000000000, 0.000000000000000000 ) ) ;
#1601 = ORIENTED_EDGE ( 'NONE', *, *, #222, .F. ) ;
#1602 = ORIENTED_EDGE ( 'NONE', *, *, #55, .F. ) ;
#1603 = DIRECTION ( 'NONE',  ( -0.000000000000000000, -0.000000000000000000, 1.000000000000000000 ) ) ;
#1604 = ORIENTED_EDGE ( 'NONE', *, *, #1465, .F. ) ;
#1605 = DIRECTION ( 'NONE',  ( 0.000000000000000000, 0.000000000000000000, 1.000000000000000000 ) ) ;
#1606 = ADVANCED_FACE ( 'NONE', ( #295 ), #2293, .F. ) ;
#1607 = LINE ( 'NONE', #2058, #2242 ) ;
#1608 = DIRECTION ( 'NONE',  ( -0.000000000000000000, -0.000000000000000000, -1.000000000000000000 ) ) ;
#1609 = PERSON_AND_ORGANIZATION ( #2439, #1513 ) ;
#1610 = LINE ( 'NONE', #1072, #1940 ) ;
#1611 = CYLINDRICAL_SURFACE ( 'NONE', #174, 1.700000000000000178 ) ;
#1612 = ORIENTED_EDGE ( 'NONE', *, *, #1376, .T. ) ;
#1613 = DIRECTION ( 'NONE',  ( -0.000000000000000000, -0.000000000000000000, 1.000000000000000000 ) ) ;
#1614 = VERTEX_POINT ( 'NONE', #697 ) ;
#1615 = ORIENTED_EDGE ( 'NONE', *, *, #2333, .F. ) ;
#1616 = CIRCLE ( 'NONE', #2151, 1.700000000000000178 ) ;
#1617 = CARTESIAN_POINT ( 'NONE',  ( 42.50000000000000000, 0.000000000000000000, 25.00000000000000000 ) ) ;
#1618 = EDGE_CURVE ( 'NONE', #338, #1578, #309, .T. ) ;
#1619 = AXIS2_PLACEMENT_3D ( 'NONE', #1525, #1490, #562 ) ;
#1620 = EDGE_LOOP ( 'NONE', ( #398, #122, #492, #1768 ) ) ;
#1621 = DIRECTION ( 'NONE',  ( 0.000000000000000000, 0.000000000000000000, 1.000000000000000000 ) ) ;
#1622 = VECTOR ( 'NONE', #2518, 1000.000000000000000 ) ;
#1623 = DIRECTION ( 'NONE',  ( 0.000000000000000000, -1.000000000000000000, 0.000000000000000000 ) ) ;
#1624 = CYLINDRICAL_SURFACE ( 'NONE', #88, 1.700000000000000178 ) ;
#1625 = DIRECTION ( 'NONE',  ( -0.000000000000000000, -1.000000000000000000, -0.000000000000000000 ) ) ;
#1626 = FACE_OUTER_BOUND ( 'NONE', #2254, .T. ) ;
#1627 = DIRECTION ( 'NONE',  ( -0.000000000000000000, -0.000000000000000000, 1.000000000000000000 ) ) ;
#1628 = ORIENTED_EDGE ( 'NONE', *, *, #770, .T. ) ;
#1629 = EDGE_LOOP ( 'NONE', ( #2426, #227, #2109, #294 ) ) ;
#1630 = ORIENTED_EDGE ( 'NONE', *, *, #1573, .F. ) ;
#1631 = DIRECTION ( 'NONE',  ( -0.000000000000000000, 1.000000000000000000, -0.000000000000000000 ) ) ;
#1632 = VERTEX_POINT ( 'NONE', #2051 ) ;
#1633 = LINE ( 'NONE', #1865, #450 ) ;
#1634 = EDGE_LOOP ( 'NONE', ( #1306, #260, #780, #1628 ) ) ;
#1635 = DIRECTION ( 'NONE',  ( -0.000000000000000000, -1.000000000000000000, -0.000000000000000000 ) ) ;
#1636 = EDGE_CURVE ( 'NONE', #511, #1670, #129, .T. ) ;
#1637 = DIRECTION ( 'NONE',  ( -0.000000000000000000, -0.000000000000000000, -1.000000000000000000 ) ) ;
#1638 = LINE ( 'NONE', #2145, #2417 ) ;
#1639 = ORIENTED_EDGE ( 'NONE', *, *, #1559, .T. ) ;
#1640 = ORIENTED_EDGE ( 'NONE', *, *, #775, .F. ) ;
#1641 = VERTEX_POINT ( 'NONE', #1481 ) ;
#1642 = DIRECTION ( 'NONE',  ( 0.000000000000000000, 0.000000000000000000, 1.000000000000000000 ) ) ;
#1643 =( GEOMETRIC_REPRESENTATION_CONTEXT ( 3 ) GLOBAL_UNCERTAINTY_ASSIGNED_CONTEXT ( ( #1168 ) ) GLOBAL_UNIT_ASSIGNED_CONTEXT ( ( #632, #1420, #617 ) ) REPRESENTATION_CONTEXT ( 'NONE', 'WORKASPACE' ) );
#1644 = DIRECTION ( 'NONE',  ( 1.000000000000000000, 0.000000000000000000, 0.000000000000000000 ) ) ;
#1645 = EDGE_CURVE ( 'NONE', #123, #956, #285, .T. ) ;
#1646 = COORDINATED_UNIVERSAL_TIME_OFFSET ( 8, 0, .AHEAD. ) ;
#1647 = EDGE_CURVE ( 'NONE', #1595, #2287, #1097, .T. ) ;
#1648 = CARTESIAN_POINT ( 'NONE',  ( -55.00000000000000000, -28.50000000000000000, 10.00000000000000178 ) ) ;
#1649 = DIRECTION ( 'NONE',  ( -0.000000000000000000, -0.000000000000000000, 1.000000000000000000 ) ) ;
#1650 = CARTESIAN_POINT ( 'NONE',  ( 42.50000000000000000, -65.00000000000000000, 25.00000000000000000 ) ) ;
#1651 = ORIENTED_EDGE ( 'NONE', *, *, #1618, .F. ) ;
#1652 = VECTOR ( 'NONE', #1027, 1000.000000000000000 ) ;
#1653 = EDGE_CURVE ( 'NONE', #1641, #1090, #877, .T. ) ;
#1654 = FACE_BOUND ( 'NONE', #2061, .T. ) ;
#1655 = VECTOR ( 'NONE', #996, 1000.000000000000000 ) ;
#1656 = ORIENTED_EDGE ( 'NONE', *, *, #1137, .F. ) ;
#1657 = CIRCLE ( 'NONE', #474, 1.700000000000000178 ) ;
#1658 = VECTOR ( 'NONE', #516, 1000.000000000000000 ) ;
#1659 = CARTESIAN_POINT ( 'NONE',  ( -50.00000000000000000, 0.000000000000000000, 25.00000000000000000 ) ) ;
#1660 = ORIENTED_EDGE ( 'NONE', *, *, #2341, .T. ) ;
#1661 = DIRECTION ( 'NONE',  ( 0.000000000000000000, 0.000000000000000000, 1.000000000000000000 ) ) ;
#1662 = ORIENTED_EDGE ( 'NONE', *, *, #2073, .T. ) ;
#1663 = ORIENTED_EDGE ( 'NONE', *, *, #957, .T. ) ;
#1664 = DIRECTION ( 'NONE',  ( -0.000000000000000000, -0.000000000000000000, 1.000000000000000000 ) ) ;
#1665 = VERTEX_POINT ( 'NONE', #2450 ) ;
#1666 = CARTESIAN_POINT ( 'NONE',  ( -42.50000000000000000, -65.00000000000000000, 25.00000000000000000 ) ) ;
#1667 = ORIENTED_EDGE ( 'NONE', *, *, #352, .T. ) ;
#1668 = CYLINDRICAL_SURFACE ( 'NONE', #2474, 1.700000000000000178 ) ;
#1669 = ADVANCED_FACE ( 'NONE', ( #1284 ), #703, .F. ) ;
#1670 = VERTEX_POINT ( 'NONE', #248 ) ;
#1671 = ORIENTED_EDGE ( 'NONE', *, *, #2443, .T. ) ;
#1672 = VERTEX_POINT ( 'NONE', #1253 ) ;
#1673 = DIRECTION ( 'NONE',  ( -0.000000000000000000, -0.000000000000000000, 1.000000000000000000 ) ) ;
#1674 = EDGE_CURVE ( 'NONE', #1016, #1442, #1334, .T. ) ;
#1675 = CARTESIAN_POINT ( 'NONE',  ( 49.20000000000000284, -15.00000000000000000, 35.00000000000000000 ) ) ;
#1676 = AXIS2_PLACEMENT_3D ( 'NONE', #1751, #1417, #1808 ) ;
#1677 = EDGE_CURVE ( 'NONE', #718, #463, #293, .T. ) ;
#1678 = ORIENTED_EDGE ( 'NONE', *, *, #116, .T. ) ;
#1679 = VECTOR ( 'NONE', #1812, 1000.000000000000000 ) ;
#1680 = ADVANCED_FACE ( 'NONE', ( #2289 ), #98, .F. ) ;
#1681 = EDGE_CURVE ( 'NONE', #700, #95, #1457, .T. ) ;
#1682 = ORIENTED_EDGE ( 'NONE', *, *, #2311, .T. ) ;
#1683 = CARTESIAN_POINT ( 'NONE',  ( -18.30000000000000071, -26.00000000000000355, 15.69999999999999929 ) ) ;
#1684 = APPLICATION_CONTEXT ( 'configuration controlled 3d designs of mechanical parts and assemblies' ) ;
#1685 = CARTESIAN_POINT ( 'NONE',  ( 49.20000000000000284, -55.00000000000000000, 25.00000000000000000 ) ) ;
#1686 = VECTOR ( 'NONE', #1814, 1000.000000000000000 ) ;
#1687 = EDGE_LOOP ( 'NONE', ( #1497, #986, #70, #1662 ) ) ;
#1688 = VERTEX_POINT ( 'NONE', #586 ) ;
#1689 = VERTEX_POINT ( 'NONE', #1430 ) ;
#1690 = EDGE_CURVE ( 'NONE', #1080, #2272, #1209, .T. ) ;
#1691 = CARTESIAN_POINT ( 'NONE',  ( -42.50000000000000000, -65.00000000000000000, 25.00000000000000000 ) ) ;
#1692 = AXIS2_PLACEMENT_3D ( 'NONE', #224, #1831, #648 ) ;
#1693 = CARTESIAN_POINT ( 'NONE',  ( 52.50000000000000000, 0.000000000000000000, 25.00000000000000000 ) ) ;
#1694 = EDGE_LOOP ( 'NONE', ( #2062, #2158, #486, #534 ) ) ;
#1695 = AXIS2_PLACEMENT_3D ( 'NONE', #153, #1959, #576 ) ;
#1696 = ADVANCED_FACE ( 'NONE', ( #783 ), #421, .F. ) ;
#1697 = VECTOR ( 'NONE', #582, 1000.000000000000000 ) ;
#1698 = ORIENTED_EDGE ( 'NONE', *, *, #1532, .F. ) ;
#1699 = DIRECTION ( 'NONE',  ( 0.000000000000000000, 0.000000000000000000, -1.000000000000000000 ) ) ;
#1700 = AXIS2_PLACEMENT_3D ( 'NONE', #1087, #677, #1494 ) ;
#1701 = FACE_BOUND ( 'NONE', #480, .T. ) ;
#1702 = EDGE_LOOP ( 'NONE', ( #142, #1705, #2261, #1836 ) ) ;
#1703 = VERTEX_POINT ( 'NONE', #807 ) ;
#1704 = CARTESIAN_POINT ( 'NONE',  ( 37.50000000000000711, -15.00000000000000000, 25.00000000000000000 ) ) ;
#1705 = ORIENTED_EDGE ( 'NONE', *, *, #2070, .T. ) ;
#1706 = FACE_BOUND ( 'NONE', #1347, .T. ) ;
#1707 = LINE ( 'NONE', #522, #1906 ) ;
#1708 = DIRECTION ( 'NONE',  ( -0.000000000000000000, -0.000000000000000000, -1.000000000000000000 ) ) ;
#1709 = ORIENTED_EDGE ( 'NONE', *, *, #1147, .F. ) ;
#1710 = VERTEX_POINT ( 'NONE', #200 ) ;
#1711 = CARTESIAN_POINT ( 'NONE',  ( 48.00000000000000000, 45.00000000000000000, 33.00000000000000000 ) ) ;
#1712 = ORIENTED_EDGE ( 'NONE', *, *, #1492, .F. ) ;
#1713 = AXIS2_PLACEMENT_3D ( 'NONE', #1543, #1118, #2125 ) ;
#1714 = VECTOR ( 'NONE', #1942, 1000.000000000000000 ) ;
#1715 = CARTESIAN_POINT ( 'NONE',  ( -42.50000000000000000, -65.00000000000000000, 25.00000000000000000 ) ) ;
#1716 = CARTESIAN_POINT ( 'NONE',  ( -52.50000000000000000, -65.00000000000000000, 35.00000000000000000 ) ) ;
#1717 = CARTESIAN_POINT ( 'NONE',  ( 42.50000000000000000, 0.000000000000000000, 35.00000000000000000 ) ) ;
#1718 = ADVANCED_FACE ( 'NONE', ( #2365 ), #1968, .F. ) ;
#1719 = CARTESIAN_POINT ( 'NONE',  ( 20.00000000000000000, -28.50000000000000000, 15.69999999999999929 ) ) ;
#1720 = DIRECTION ( 'NONE',  ( 0.000000000000000000, 0.000000000000000000, 1.000000000000000000 ) ) ;
#1721 = CARTESIAN_POINT ( 'NONE',  ( 55.00000000000000000, -28.50000000000000000, 25.00000000000000000 ) ) ;
#1722 = ORIENTED_EDGE ( 'NONE', *, *, #1053, .T. ) ;
#1723 = ADVANCED_FACE ( 'NONE', ( #37 ), #391, .F. ) ;
#1724 = VECTOR ( 'NONE', #1842, 1000.000000000000000 ) ;
#1725 = DIRECTION ( 'NONE',  ( -1.000000000000000000, -0.000000000000000000, -0.000000000000000000 ) ) ;
#1726 = CARTESIAN_POINT ( 'NONE',  ( -37.50000000000000711, -25.00000000000000000, 25.00000000000000000 ) ) ;
#1727 = DIRECTION ( 'NONE',  ( -0.000000000000000000, -0.000000000000000000, 1.000000000000000000 ) ) ;
#1728 = ORIENTED_EDGE ( 'NONE', *, *, #1109, .T. ) ;
#1729 = VECTOR ( 'NONE', #253, 1000.000000000000000 ) ;
#1730 = LINE ( 'NONE', #1717, #952 ) ;
#1731 = DIRECTION ( 'NONE',  ( 0.000000000000000000, 0.000000000000000000, 1.000000000000000000 ) ) ;
#1732 = AXIS2_PLACEMENT_3D ( 'NONE', #1125, #958, #1699 ) ;
#1733 = LINE ( 'NONE', #773, #2036 ) ;
#1734 = LINE ( 'NONE', #381, #1622 ) ;
#1735 = DIRECTION ( 'NONE',  ( 0.000000000000000000, 0.000000000000000000, 1.000000000000000000 ) ) ;
#1736 = EDGE_LOOP ( 'NONE', ( #2090, #2116, #2197, #1285 ) ) ;
#1737 = AXIS2_PLACEMENT_3D ( 'NONE', #416, #1448, #2033 ) ;
#1738 = CARTESIAN_POINT ( 'NONE',  ( -55.00000000000000000, -28.50000000000000000, 25.00000000000000000 ) ) ;
#1739 = FACE_BOUND ( 'NONE', #2099, .T. ) ;
#1740 = APPROVAL ( #2191, '未' ) ;
#1741 = VERTEX_POINT ( 'NONE', #1588 ) ;
#1742 = CARTESIAN_POINT ( 'NONE',  ( -52.50000000000000000, -65.00000000000000000, 35.00000000000000000 ) ) ;
#1743 = CARTESIAN_POINT ( 'NONE',  ( 20.00000000000000000, -26.00000000000000355, 22.30000000000000071 ) ) ;
#1744 = DIRECTION ( 'NONE',  ( -0.000000000000000000, -0.000000000000000000, 1.000000000000000000 ) ) ;
#1745 = CARTESIAN_POINT ( 'NONE',  ( -42.50000000000000000, -20.00000000000000000, 25.00000000000000000 ) ) ;
#1746 = ORIENTED_EDGE ( 'NONE', *, *, #2554, .F. ) ;
#1747 = FACE_BOUND ( 'NONE', #1569, .T. ) ;
#1748 = FACE_OUTER_BOUND ( 'NONE', #339, .T. ) ;
#1749 = ADVANCED_FACE ( 'NONE', ( #217 ), #1238, .F. ) ;
#1750 = EDGE_LOOP ( 'NONE', ( #1438, #457, #1804, #911 ) ) ;
#1751 = CARTESIAN_POINT ( 'NONE',  ( 0.000000000000000000, 0.000000000000000000, 25.00000000000000000 ) ) ;
#1752 = EDGE_CURVE ( 'NONE', #1665, #320, #2187, .T. ) ;
#1753 = VECTOR ( 'NONE', #1534, 1000.000000000000000 ) ;
#1754 = EDGE_CURVE ( 'NONE', #519, #2085, #821, .T. ) ;
#1755 = LINE ( 'NONE', #2190, #1257 ) ;
#1756 = CYLINDRICAL_SURFACE ( 'NONE', #328, 1.700000000000000178 ) ;
#1757 = VECTOR ( 'NONE', #1625, 1000.000000000000000 ) ;
#1758 = CYLINDRICAL_SURFACE ( 'NONE', #672, 1.700000000000000178 ) ;
#1759 = DIRECTION ( 'NONE',  ( 0.000000000000000000, 0.000000000000000000, 1.000000000000000000 ) ) ;
#1760 = EDGE_CURVE ( 'NONE', #4, #2543, #360, .T. ) ;
#1761 = DIRECTION ( 'NONE',  ( -0.000000000000000000, -0.000000000000000000, -1.000000000000000000 ) ) ;
#1762 = ORIENTED_EDGE ( 'NONE', *, *, #1573, .T. ) ;
#1763 = LINE ( 'NONE', #1178, #873 ) ;
#1764 = FACE_OUTER_BOUND ( 'NONE', #1818, .T. ) ;
#1765 = ORIENTED_EDGE ( 'NONE', *, *, #2449, .T. ) ;
#1766 = CARTESIAN_POINT ( 'NONE',  ( 42.50000000000000000, -20.00000000000000000, 25.00000000000000000 ) ) ;
#1767 = DIRECTION ( 'NONE',  ( 1.000000000000000000, 0.000000000000000000, 0.000000000000000000 ) ) ;
#1768 = ORIENTED_EDGE ( 'NONE', *, *, #666, .F. ) ;
#1769 = DIRECTION ( 'NONE',  ( 0.000000000000000000, 1.000000000000000000, 0.000000000000000000 ) ) ;
#1770 = CC_DESIGN_PERSON_AND_ORGANIZATION_ASSIGNMENT ( #2282, #296, ( #614 ) ) ;
#1771 = CARTESIAN_POINT ( 'NONE',  ( 50.00000000000000000, -26.00000000000000355, 15.69999999999999929 ) ) ;
#1772 = CYLINDRICAL_SURFACE ( 'NONE', #427, 1.700000000000000178 ) ;
#1773 = VECTOR ( 'NONE', #838, 1000.000000000000000 ) ;
#1774 = CARTESIAN_POINT ( 'NONE',  ( 50.00000000000000000, -26.00000000000000355, 13.99999999999999822 ) ) ;
#1775 = ORIENTED_EDGE ( 'NONE', *, *, #1192, .F. ) ;
#1776 = VECTOR ( 'NONE', #1503, 1000.000000000000000 ) ;
#1777 = CARTESIAN_POINT ( 'NONE',  ( -42.50000000000000000, 40.00000000000000000, 35.00000000000000000 ) ) ;
#1778 = VECTOR ( 'NONE', #1613, 1000.000000000000000 ) ;
#1779 = FACE_OUTER_BOUND ( 'NONE', #59, .T. ) ;
#1780 = EDGE_LOOP ( 'NONE', ( #1602, #2364, #2469, #2428 ) ) ;
#1781 = DIRECTION ( 'NONE',  ( 0.000000000000000000, 0.000000000000000000, 1.000000000000000000 ) ) ;
#1782 = DIRECTION ( 'NONE',  ( -0.000000000000000000, -0.000000000000000000, 1.000000000000000000 ) ) ;
#1783 = CARTESIAN_POINT ( 'NONE',  ( -55.00000000000000000, -26.00000000000000000, 25.00000000000000000 ) ) ;
#1784 = EDGE_CURVE ( 'NONE', #2093, #338, #1794, .T. ) ;
#1785 = CARTESIAN_POINT ( 'NONE',  ( -55.00000000000000000, -26.00000000000000000, 25.00000000000000000 ) ) ;
#1786 = CARTESIAN_POINT ( 'NONE',  ( -20.00000000000000000, -26.00000000000000355, 22.30000000000000071 ) ) ;
#1787 = ORIENTED_EDGE ( 'NONE', *, *, #143, .F. ) ;
#1788 = CARTESIAN_POINT ( 'NONE',  ( 50.00000000000000000, -28.50000000000000000, 22.30000000000000071 ) ) ;
#1789 = ORIENTED_EDGE ( 'NONE', *, *, #240, .T. ) ;
#1790 = ORIENTED_EDGE ( 'NONE', *, *, #1310, .F. ) ;
#1791 = EDGE_CURVE ( 'NONE', #2286, #1485, #897, .T. ) ;
#1792 = CARTESIAN_POINT ( 'NONE',  ( -40.80000000000000426, -20.00000000000000000, 25.00000000000000000 ) ) ;
#1793 = ORIENTED_EDGE ( 'NONE', *, *, #2409, .T. ) ;
#1794 = LINE ( 'NONE', #599, #1546 ) ;
#1795 = DIRECTION ( 'NONE',  ( -0.000000000000000000, 0.000000000000000000, -1.000000000000000000 ) ) ;
#1796 = DIRECTION ( 'NONE',  ( -0.000000000000000000, -1.000000000000000000, -0.000000000000000000 ) ) ;
#1797 = DATE_AND_TIME ( #1999, #2501 ) ;
#1798 = FACE_OUTER_BOUND ( 'NONE', #231, .T. ) ;
#1799 = DIRECTION ( 'NONE',  ( 1.000000000000000000, 0.000000000000000000, 0.000000000000000000 ) ) ;
#1800 = EDGE_CURVE ( 'NONE', #1485, #2286, #1889, .T. ) ;
#1801 = EDGE_LOOP ( 'NONE', ( #722, #870, #1612, #2525 ) ) ;
#1802 = AXIS2_PLACEMENT_3D ( 'NONE', #1454, #861, #885 ) ;
#1803 = AXIS2_PLACEMENT_3D ( 'NONE', #1350, #2527, #1483 ) ;
#1804 = ORIENTED_EDGE ( 'NONE', *, *, #1137, .T. ) ;
#1805 = ORIENTED_EDGE ( 'NONE', *, *, #1308, .T. ) ;
#1806 = DIRECTION ( 'NONE',  ( 0.000000000000000000, 0.000000000000000000, -1.000000000000000000 ) ) ;
#1807 = ORIENTED_EDGE ( 'NONE', *, *, #1388, .F. ) ;
#1808 = DIRECTION ( 'NONE',  ( -1.000000000000000000, 0.000000000000000000, -0.000000000000000000 ) ) ;
#1809 = VECTOR ( 'NONE', #605, 1000.000000000000000 ) ;
#1810 = DIRECTION ( 'NONE',  ( -0.000000000000000000, -0.000000000000000000, -1.000000000000000000 ) ) ;
#1811 = DIRECTION ( 'NONE',  ( 0.000000000000000000, 0.000000000000000000, 1.000000000000000000 ) ) ;
#1812 = DIRECTION ( 'NONE',  ( 0.000000000000000000, 0.000000000000000000, 1.000000000000000000 ) ) ;
#1813 = LINE ( 'NONE', #2434, #1986 ) ;
#1814 = DIRECTION ( 'NONE',  ( 1.000000000000000000, 0.000000000000000000, 0.000000000000000000 ) ) ;
#1815 = ORIENTED_EDGE ( 'NONE', *, *, #2406, .F. ) ;
#1816 = VECTOR ( 'NONE', #1259, 1000.000000000000000 ) ;
#1817 = DIRECTION ( 'NONE',  ( -0.000000000000000000, 1.000000000000000000, -0.000000000000000000 ) ) ;
#1818 = EDGE_LOOP ( 'NONE', ( #272, #310, #84, #1552 ) ) ;
#1819 = ORIENTED_EDGE ( 'NONE', *, *, #1388, .T. ) ;
#1820 = CARTESIAN_POINT ( 'NONE',  ( -47.50000000000000000, -15.00000000000000000, 25.00000000000000000 ) ) ;
#1821 = APPLICATION_CONTEXT ( 'configuration controlled 3d designs of mechanical parts and assemblies' ) ;
#1822 = AXIS2_PLACEMENT_3D ( 'NONE', #1563, #425, #11 ) ;
#1823 = ORIENTED_EDGE ( 'NONE', *, *, #797, .F. ) ;
#1824 = FACE_OUTER_BOUND ( 'NONE', #1437, .T. ) ;
#1825 = EDGE_CURVE ( 'NONE', #211, #1523, #777, .T. ) ;
#1826 = VECTOR ( 'NONE', #2108, 1000.000000000000000 ) ;
#1827 = DIRECTION ( 'NONE',  ( 1.000000000000000000, 0.000000000000000000, -0.000000000000000000 ) ) ;
#1828 = PERSON_AND_ORGANIZATION ( #2439, #1513 ) ;
#1829 = CARTESIAN_POINT ( 'NONE',  ( -51.70000000000000284, -26.00000000000000355, 15.69999999999999929 ) ) ;
#1830 = CYLINDRICAL_SURFACE ( 'NONE', #1081, 1.700000000000000178 ) ;
#1831 = DIRECTION ( 'NONE',  ( 0.000000000000000000, 0.000000000000000000, 1.000000000000000000 ) ) ;
#1832 = ORIENTED_EDGE ( 'NONE', *, *, #1877, .T. ) ;
#1833 = ORIENTED_EDGE ( 'NONE', *, *, #1305, .T. ) ;
#1834 = ORIENTED_EDGE ( 'NONE', *, *, #1074, .T. ) ;
#1835 = CARTESIAN_POINT ( 'NONE',  ( -42.50000000000000000, 0.000000000000000000, 25.00000000000000000 ) ) ;
#1836 = ORIENTED_EDGE ( 'NONE', *, *, #1031, .T. ) ;
#1837 = EDGE_CURVE ( 'NONE', #1641, #1236, #1374, .T. ) ;
#1838 = DIRECTION ( 'NONE',  ( 1.000000000000000000, 0.000000000000000000, 0.000000000000000000 ) ) ;
#1839 = EDGE_LOOP ( 'NONE', ( #1321, #2298, #132, #1793 ) ) ;
#1840 = CARTESIAN_POINT ( 'NONE',  ( -48.30000000000000426, -26.00000000000000355, 22.30000000000000071 ) ) ;
#1841 = LINE ( 'NONE', #1469, #2510 ) ;
#1842 = DIRECTION ( 'NONE',  ( -0.000000000000000000, 1.000000000000000000, -0.000000000000000000 ) ) ;
#1843 = VERTEX_POINT ( 'NONE', #2378 ) ;
#1844 = EDGE_CURVE ( 'NONE', #1843, #1116, #2164, .T. ) ;
#1845 = ORIENTED_EDGE ( 'NONE', *, *, #1422, .T. ) ;
#1846 = VERTEX_POINT ( 'NONE', #1402 ) ;
#1847 = VECTOR ( 'NONE', #1923, 1000.000000000000000 ) ;
#1848 = DIRECTION ( 'NONE',  ( 1.000000000000000000, 0.000000000000000000, 0.000000000000000000 ) ) ;
#1849 = CIRCLE ( 'NONE', #1222, 1.700000000000000178 ) ;
#1850 = VECTOR ( 'NONE', #2463, 1000.000000000000000 ) ;
#1851 = VERTEX_POINT ( 'NONE', #2202 ) ;
#1852 = DIRECTION ( 'NONE',  ( 0.000000000000000000, 0.000000000000000000, -1.000000000000000000 ) ) ;
#1853 = ORIENTED_EDGE ( 'NONE', *, *, #279, .T. ) ;
#1854 = CIRCLE ( 'NONE', #1401, 1.700000000000000178 ) ;
#1855 = APPROVAL_STATUS ( 'not_yet_approved' ) ;
#1856 = DIRECTION ( 'NONE',  ( -0.000000000000000000, -1.000000000000000000, -0.000000000000000000 ) ) ;
#1857 = ORIENTED_EDGE ( 'NONE', *, *, #324, .T. ) ;
#1858 = EDGE_CURVE ( 'NONE', #273, #1710, #1221, .T. ) ;
#1859 = ORIENTED_EDGE ( 'NONE', *, *, #746, .F. ) ;
#1860 = VERTEX_POINT ( 'NONE', #708 ) ;
#1861 = ORIENTED_EDGE ( 'NONE', *, *, #196, .T. ) ;
#1862 = CARTESIAN_POINT ( 'NONE',  ( -44.20000000000000284, 40.00000000000000000, 33.00000000000000000 ) ) ;
#1863 = VERTEX_POINT ( 'NONE', #1054 ) ;
#1864 = AXIS2_PLACEMENT_3D ( 'NONE', #618, #1046, #1421 ) ;
#1865 = CARTESIAN_POINT ( 'NONE',  ( -42.50000000000000000, -65.00000000000000000, 25.00000000000000000 ) ) ;
#1866 = AXIS2_PLACEMENT_3D ( 'NONE', #1333, #2124, #964 ) ;
#1867 = ORIENTED_EDGE ( 'NONE', *, *, #1348, .F. ) ;
#1868 = VECTOR ( 'NONE', #397, 1000.000000000000000 ) ;
#1869 = APPROVAL_ROLE ( '' ) ;
#1870 = CARTESIAN_POINT ( 'NONE',  ( -37.50000000000000711, -15.00000000000000000, 25.00000000000000000 ) ) ;
#1871 = EDGE_CURVE ( 'NONE', #705, #487, #2534, .T. ) ;
#1872 = DIRECTION ( 'NONE',  ( -0.000000000000000000, 0.000000000000000000, 1.000000000000000000 ) ) ;
#1873 = FACE_OUTER_BOUND ( 'NONE', #100, .T. ) ;
#1874 = ORIENTED_EDGE ( 'NONE', *, *, #2185, .F. ) ;
#1875 = ORIENTED_EDGE ( 'NONE', *, *, #963, .T. ) ;
#1876 = LINE ( 'NONE', #193, #237 ) ;
#1877 = EDGE_CURVE ( 'NONE', #2055, #1595, #2432, .T. ) ;
#1878 = DIRECTION ( 'NONE',  ( 1.000000000000000000, 0.000000000000000000, 0.000000000000000000 ) ) ;
#1879 = ADVANCED_FACE ( 'NONE', ( #2022, #670, #895 ), #2465, .F. ) ;
#1880 = ORIENTED_EDGE ( 'NONE', *, *, #458, .F. ) ;
#1881 = DIRECTION ( 'NONE',  ( 0.000000000000000000, 0.000000000000000000, 1.000000000000000000 ) ) ;
#1882 = CARTESIAN_POINT ( 'NONE',  ( -21.69999999999999929, -28.50000000000000000, 22.30000000000000071 ) ) ;
#1883 = DIRECTION ( 'NONE',  ( 0.000000000000000000, -0.000000000000000000, -1.000000000000000000 ) ) ;
#1884 = ADVANCED_FACE ( 'NONE', ( #2068 ), #1038, .F. ) ;
#1885 = DIRECTION ( 'NONE',  ( 1.000000000000000000, 0.000000000000000000, 0.000000000000000000 ) ) ;
#1886 = ORIENTED_EDGE ( 'NONE', *, *, #527, .T. ) ;
#1887 = ORIENTED_EDGE ( 'NONE', *, *, #1308, .F. ) ;
#1888 = CARTESIAN_POINT ( 'NONE',  ( -50.00000000000000000, 0.000000000000000000, 35.00000000000000000 ) ) ;
#1889 = CIRCLE ( 'NONE', #1477, 1.700000000000000178 ) ;
#1890 = CARTESIAN_POINT ( 'NONE',  ( -49.20000000000000284, -55.00000000000000000, 35.00000000000000000 ) ) ;
#1891 = AXIS2_PLACEMENT_3D ( 'NONE', #638, #2037, #1848 ) ;
#1892 = ORIENTED_EDGE ( 'NONE', *, *, #1645, .F. ) ;
#1893 = DIRECTION ( 'NONE',  ( 1.000000000000000000, 0.000000000000000000, 0.000000000000000000 ) ) ;
#1894 = VECTOR ( 'NONE', #1642, 1000.000000000000000 ) ;
#1895 = EDGE_LOOP ( 'NONE', ( #858, #1966, #2268, #2132 ) ) ;
#1896 = CARTESIAN_POINT ( 'NONE',  ( 21.69999999999999929, -26.00000000000000355, 15.69999999999999929 ) ) ;
#1897 = CARTESIAN_POINT ( 'NONE',  ( -42.50000000000000000, -65.00000000000000000, 35.00000000000000000 ) ) ;
#1898 = LINE ( 'NONE', #1516, #1210 ) ;
#1899 = VERTEX_POINT ( 'NONE', #2277 ) ;
#1900 = ORIENTED_EDGE ( 'NONE', *, *, #1460, .T. ) ;
#1901 = ORIENTED_EDGE ( 'NONE', *, *, #596, .T. ) ;
#1902 = DIRECTION ( 'NONE',  ( 0.000000000000000000, 0.000000000000000000, 1.000000000000000000 ) ) ;
#1903 = VECTOR ( 'NONE', #268, 1000.000000000000000 ) ;
#1904 = ORIENTED_EDGE ( 'NONE', *, *, #1690, .T. ) ;
#1905 = AXIS2_PLACEMENT_3D ( 'NONE', #189, #2009, #2366 ) ;
#1906 = VECTOR ( 'NONE', #943, 1000.000000000000000 ) ;
#1907 = DIRECTION ( 'NONE',  ( 1.000000000000000000, -0.000000000000000000, -0.000000000000000000 ) ) ;
#1908 = DIRECTION ( 'NONE',  ( 0.000000000000000000, -1.000000000000000000, 0.000000000000000000 ) ) ;
#1909 = AXIS2_PLACEMENT_3D ( 'NONE', #553, #508, #1883 ) ;
#1910 = CARTESIAN_POINT ( 'NONE',  ( 37.50000000000000711, -25.00000000000000000, 25.00000000000000000 ) ) ;
#1911 = EDGE_LOOP ( 'NONE', ( #1815, #649, #2487, #2314 ) ) ;
#1912 = ORIENTED_EDGE ( 'NONE', *, *, #1681, .F. ) ;
#1913 = ORIENTED_EDGE ( 'NONE', *, *, #1837, .T. ) ;
#1914 = PLANE ( 'NONE',  #494 ) ;
#1915 = ORIENTED_EDGE ( 'NONE', *, *, #2153, .F. ) ;
#1916 = ADVANCED_FACE ( 'NONE', ( #63 ), #1265, .F. ) ;
#1917 = AXIS2_PLACEMENT_3D ( 'NONE', #854, #619, #1799 ) ;
#1918 = CARTESIAN_POINT ( 'NONE',  ( 55.00000000000000000, -28.50000000000000000, 10.00000000000000178 ) ) ;
#1919 = CARTESIAN_POINT ( 'NONE',  ( -42.50000000000000000, -25.00000000000000000, 25.00000000000000000 ) ) ;
#1920 = ORIENTED_EDGE ( 'NONE', *, *, #2226, .T. ) ;
#1921 = EDGE_CURVE ( 'NONE', #273, #1688, #1633, .T. ) ;
#1922 = DIRECTION ( 'NONE',  ( 0.000000000000000000, -1.000000000000000000, 0.000000000000000000 ) ) ;
#1923 = DIRECTION ( 'NONE',  ( -0.000000000000000000, -1.000000000000000000, -0.000000000000000000 ) ) ;
#1924 = LINE ( 'NONE', #331, #372 ) ;
#1925 = ORIENTED_EDGE ( 'NONE', *, *, #2217, .F. ) ;
#1926 = VECTOR ( 'NONE', #1156, 1000.000000000000000 ) ;
#1927 = CIRCLE ( 'NONE', #2302, 1.700000000000000178 ) ;
#1928 = DIRECTION ( 'NONE',  ( -0.000000000000000000, 1.000000000000000000, -0.000000000000000000 ) ) ;
#1929 = PLANE ( 'NONE',  #778 ) ;
#1930 = APPROVAL_PERSON_ORGANIZATION ( #864, #16, #872 ) ;
#1931 = DIRECTION ( 'NONE',  ( 1.000000000000000000, 0.000000000000000000, 0.000000000000000000 ) ) ;
#1932 = DIRECTION ( 'NONE',  ( 0.000000000000000000, 0.000000000000000000, -1.000000000000000000 ) ) ;
#1933 = CARTESIAN_POINT ( 'NONE',  ( 44.20000000000000284, -20.00000000000000000, 35.00000000000000000 ) ) ;
#1934 = VERTEX_POINT ( 'NONE', #1675 ) ;
#1935 = CC_DESIGN_PERSON_AND_ORGANIZATION_ASSIGNMENT ( #92, #2468, ( #1554 ) ) ;
#1936 = DIRECTION ( 'NONE',  ( -1.000000000000000000, 0.000000000000000000, 0.000000000000000000 ) ) ;
#1937 = DIRECTION ( 'NONE',  ( 0.000000000000000000, 0.000000000000000000, 1.000000000000000000 ) ) ;
#1938 = CARTESIAN_POINT ( 'NONE',  ( -50.00000000000000000, 0.000000000000000000, 0.000000000000000000 ) ) ;
#1939 = ORIENTED_EDGE ( 'NONE', *, *, #1653, .F. ) ;
#1940 = VECTOR ( 'NONE', #2235, 1000.000000000000000 ) ;
#1941 = CARTESIAN_POINT ( 'NONE',  ( -42.50000000000000000, -20.00000000000000000, 25.00000000000000000 ) ) ;
#1942 = DIRECTION ( 'NONE',  ( 0.000000000000000000, 0.000000000000000000, 1.000000000000000000 ) ) ;
#1943 = EDGE_CURVE ( 'NONE', #2055, #1354, #1251, .T. ) ;
#1944 = VECTOR ( 'NONE', #908, 1000.000000000000000 ) ;
#1945 = DIRECTION ( 'NONE',  ( -1.000000000000000000, -0.000000000000000000, -0.000000000000000000 ) ) ;
#1946 = CARTESIAN_POINT ( 'NONE',  ( -48.00000000000000000, 45.00000000000000000, 33.00000000000000000 ) ) ;
#1947 = DIRECTION ( 'NONE',  ( -0.000000000000000000, -1.000000000000000000, -0.000000000000000000 ) ) ;
#1948 = ADVANCED_FACE ( 'NONE', ( #52, #654 ), #1476, .F. ) ;
#1949 = ORIENTED_EDGE ( 'NONE', *, *, #379, .F. ) ;
#1950 = CIRCLE ( 'NONE', #1737, 1.700000000000000178 ) ;
#1951 = FACE_OUTER_BOUND ( 'NONE', #1687, .T. ) ;
#1952 = ADVANCED_FACE ( 'NONE', ( #1824 ), #277, .F. ) ;
#1953 = FACE_OUTER_BOUND ( 'NONE', #2045, .T. ) ;
#1954 = EDGE_CURVE ( 'NONE', #156, #2436, #2462, .T. ) ;
#1955 = ORIENTED_EDGE ( 'NONE', *, *, #1305, .F. ) ;
#1956 = ADVANCED_FACE ( 'NONE', ( #850 ), #2267, .T. ) ;
#1957 = DIRECTION ( 'NONE',  ( -1.000000000000000000, 0.000000000000000000, 0.000000000000000000 ) ) ;
#1958 = DIRECTION ( 'NONE',  ( 0.000000000000000000, -1.000000000000000000, 0.000000000000000000 ) ) ;
#1959 = DIRECTION ( 'NONE',  ( 0.000000000000000000, -1.000000000000000000, 0.000000000000000000 ) ) ;
#1960 = DIRECTION ( 'NONE',  ( 0.000000000000000000, 0.000000000000000000, -1.000000000000000000 ) ) ;
#1961 = ORIENTED_EDGE ( 'NONE', *, *, #1677, .T. ) ;
#1962 = ADVANCED_FACE ( 'NONE', ( #869, #1654, #683 ), #1467, .F. ) ;
#1963 = CARTESIAN_POINT ( 'NONE',  ( 52.50000000000000000, -65.00000000000000000, 25.00000000000000000 ) ) ;
#1964 = PRODUCT ( 'F_car_battery_box_V3_100x45x35_t2', 'F_car_battery_box_V3_100x45x35_t2', '', ( #2205 ) ) ;
#1965 = CARTESIAN_POINT ( 'NONE',  ( -48.00000000000000000, 2.000000000000001776, 2.000000000000000000 ) ) ;
#1966 = ORIENTED_EDGE ( 'NONE', *, *, #2284, .T. ) ;
#1967 = VECTOR ( 'NONE', #1110, 1000.000000000000000 ) ;
#1968 = PLANE ( 'NONE',  #1676 ) ;
#1969 = CC_DESIGN_DATE_AND_TIME_ASSIGNMENT ( #1082, #906, ( #614 ) ) ;
#1970 = FACE_OUTER_BOUND ( 'NONE', #2249, .T. ) ;
#1971 = AXIS2_PLACEMENT_3D ( 'NONE', #1065, #2420, #1289 ) ;
#1972 = LINE ( 'NONE', #235, #1572 ) ;
#1973 = DIRECTION ( 'NONE',  ( -0.000000000000000000, -0.000000000000000000, 1.000000000000000000 ) ) ;
#1974 = LINE ( 'NONE', #2517, #340 ) ;
#1975 = DIRECTION ( 'NONE',  ( 0.000000000000000000, 0.000000000000000000, -1.000000000000000000 ) ) ;
#1976 = ORIENTED_EDGE ( 'NONE', *, *, #1647, .F. ) ;
#1977 = CARTESIAN_POINT ( 'NONE',  ( 37.50000000000000711, -15.00000000000000000, 25.00000000000000000 ) ) ;
#1978 = ORIENTED_EDGE ( 'NONE', *, *, #644, .F. ) ;
#1979 = CARTESIAN_POINT ( 'NONE',  ( 42.50000000000000000, -20.00000000000000000, 35.00000000000000000 ) ) ;
#1980 = CARTESIAN_POINT ( 'NONE',  ( 50.00000000000000000, -26.00000000000000355, 15.69999999999999929 ) ) ;
#1981 = CARTESIAN_POINT ( 'NONE',  ( -55.00000000000000000, -28.50000000000000000, 10.00000000000000178 ) ) ;
#1982 = CARTESIAN_POINT ( 'NONE',  ( 20.00000000000000000, -26.00000000000000355, 13.99999999999999822 ) ) ;
#1983 = CARTESIAN_POINT ( 'NONE',  ( 50.00000000000000000, 0.000000000000000000, 35.00000000000000000 ) ) ;
#1984 = LINE ( 'NONE', #984, #1868 ) ;
#1985 = ADVANCED_FACE ( 'NONE', ( #1079 ), #90, .F. ) ;
#1986 = VECTOR ( 'NONE', #2026, 1000.000000000000000 ) ;
#1987 = CARTESIAN_POINT ( 'NONE',  ( 45.79999999999999716, -55.00000000000000000, 25.00000000000000000 ) ) ;
#1988 = ORIENTED_EDGE ( 'NONE', *, *, #1653, .T. ) ;
#1989 = AXIS2_PLACEMENT_3D ( 'NONE', #546, #559, #1555 ) ;
#1990 = ORIENTED_EDGE ( 'NONE', *, *, #50, .T. ) ;
#1991 = AXIS2_PLACEMENT_3D ( 'NONE', #1315, #724, #1293 ) ;
#1992 = VERTEX_POINT ( 'NONE', #2290 ) ;
#1993 = LINE ( 'NONE', #1965, #824 ) ;
#1994 = VERTEX_POINT ( 'NONE', #721 ) ;
#1995 = CARTESIAN_POINT ( 'NONE',  ( -48.00000000000000000, 2.000000000000001776, 33.00000000000000000 ) ) ;
#1996 = EDGE_CURVE ( 'NONE', #992, #2199, #1150, .T. ) ;
#1997 = DIRECTION ( 'NONE',  ( -0.000000000000000000, 0.000000000000000000, 1.000000000000000000 ) ) ;
#1998 = CYLINDRICAL_SURFACE ( 'NONE', #306, 1.700000000000000178 ) ;
#1999 = CALENDAR_DATE ( 2026, 10, 9 ) ;
#2000 = DIRECTION ( 'NONE',  ( 0.000000000000000000, 0.000000000000000000, 1.000000000000000000 ) ) ;
#2001 = CARTESIAN_POINT ( 'NONE',  ( 52.50000000000000000, -65.00000000000000000, 35.00000000000000000 ) ) ;
#2002 = ORIENTED_EDGE ( 'NONE', *, *, #659, .T. ) ;
#2003 = LINE ( 'NONE', #31, #1778 ) ;
#2004 = ORIENTED_EDGE ( 'NONE', *, *, #1000, .F. ) ;
#2005 = ORIENTED_EDGE ( 'NONE', *, *, #726, .F. ) ;
#2006 = CARTESIAN_POINT ( 'NONE',  ( -47.50000000000000000, -55.00000000000000000, 35.00000000000000000 ) ) ;
#2007 = VERTEX_POINT ( 'NONE', #1711 ) ;
#2008 = CARTESIAN_POINT ( 'NONE',  ( -55.00000000000000000, -26.00000000000000000, 25.00000000000000000 ) ) ;
#2009 = DIRECTION ( 'NONE',  ( -0.000000000000000000, -1.000000000000000000, -0.000000000000000000 ) ) ;
#2010 = CARTESIAN_POINT ( 'NONE',  ( 49.20000000000000284, -55.00000000000000000, 25.00000000000000000 ) ) ;
#2011 = CARTESIAN_POINT ( 'NONE',  ( -37.50000000000000711, -25.00000000000000000, 35.00000000000000000 ) ) ;
#2012 = CARTESIAN_POINT ( 'NONE',  ( -50.00000000000000000, 0.000000000000000000, 35.00000000000000000 ) ) ;
#2013 = DIRECTION ( 'NONE',  ( -0.000000000000000000, -1.000000000000000000, -0.000000000000000000 ) ) ;
#2014 = VERTEX_POINT ( 'NONE', #903 ) ;
#2015 = AXIS2_PLACEMENT_3D ( 'NONE', #1484, #263, #1838 ) ;
#2016 = ADVANCED_FACE ( 'NONE', ( #158, #146, #1143, #2113, #731, #1739, #1301, #1322, #2476 ), #2092, .F. ) ;
#2017 = VECTOR ( 'NONE', #591, 1000.000000000000000 ) ;
#2018 = CARTESIAN_POINT ( 'NONE',  ( 42.50000000000000000, -25.00000000000000000, 25.00000000000000000 ) ) ;
#2019 = ORIENTED_EDGE ( 'NONE', *, *, #1954, .F. ) ;
#2020 = DIRECTION ( 'NONE',  ( -0.000000000000000000, -0.000000000000000000, 1.000000000000000000 ) ) ;
#2021 = ORIENTED_EDGE ( 'NONE', *, *, #867, .F. ) ;
#2022 = FACE_BOUND ( 'NONE', #67, .T. ) ;
#2023 = FACE_OUTER_BOUND ( 'NONE', #2067, .T. ) ;
#2024 = DIRECTION ( 'NONE',  ( 0.000000000000000000, 0.000000000000000000, 1.000000000000000000 ) ) ;
#2025 = COORDINATED_UNIVERSAL_TIME_OFFSET ( 8, 0, .AHEAD. ) ;
#2026 = DIRECTION ( 'NONE',  ( 1.000000000000000000, 0.000000000000000000, 0.000000000000000000 ) ) ;
#2027 = CARTESIAN_POINT ( 'NONE',  ( 21.69999999999999929, -26.00000000000000355, 22.30000000000000071 ) ) ;
#2028 = EDGE_CURVE ( 'NONE', #1188, #2057, #318, .T. ) ;
#2029 = DIRECTION ( 'NONE',  ( 0.000000000000000000, 0.000000000000000000, -1.000000000000000000 ) ) ;
#2030 = ORIENTED_EDGE ( 'NONE', *, *, #2059, .F. ) ;
#2031 = EDGE_CURVE ( 'NONE', #1544, #320, #2102, .T. ) ;
#2032 = EDGE_CURVE ( 'NONE', #1261, #1153, #2301, .T. ) ;
#2033 = DIRECTION ( 'NONE',  ( 0.000000000000000000, 0.000000000000000000, -1.000000000000000000 ) ) ;
#2034 = ORIENTED_EDGE ( 'NONE', *, *, #867, .T. ) ;
#2035 = ORIENTED_EDGE ( 'NONE', *, *, #6, .T. ) ;
#2036 = VECTOR ( 'NONE', #1945, 1000.000000000000000 ) ;
#2037 = DIRECTION ( 'NONE',  ( 0.000000000000000000, 0.000000000000000000, 1.000000000000000000 ) ) ;
#2038 = EDGE_CURVE ( 'NONE', #2323, #326, #2336, .T. ) ;
#2039 = AXIS2_PLACEMENT_3D ( 'NONE', #882, #2507, #987 ) ;
#2040 = VERTEX_POINT ( 'NONE', #350 ) ;
#2041 = CARTESIAN_POINT ( 'NONE',  ( 20.00000000000000000, -26.00000000000000355, 15.69999999999999929 ) ) ;
#2042 = VECTOR ( 'NONE', #325, 1000.000000000000000 ) ;
#2043 = EDGE_CURVE ( 'NONE', #956, #1101, #342, .T. ) ;
#2044 = ADVANCED_FACE ( 'NONE', ( #2508 ), #125, .F. ) ;
#2045 = EDGE_LOOP ( 'NONE', ( #160, #499, #110, #308 ) ) ;
#2046 = CARTESIAN_POINT ( 'NONE',  ( 52.50000000000000000, 0.000000000000000000, 25.00000000000000000 ) ) ;
#2047 = ADVANCED_FACE ( 'NONE', ( #953 ), #1914, .F. ) ;
#2048 = LINE ( 'NONE', #2060, #1652 ) ;
#2049 = CYLINDRICAL_SURFACE ( 'NONE', #942, 1.700000000000000178 ) ;
#2050 = VERTEX_POINT ( 'NONE', #744 ) ;
#2052 = ORIENTED_EDGE ( 'NONE', *, *, #2341, .F. ) ;
#2051 = CARTESIAN_POINT ( 'NONE',  ( -55.00000000000000000, -28.50000000000000000, 10.00000000000000178 ) ) ;
#2053 = ORIENTED_EDGE ( 'NONE', *, *, #2509, .F. ) ;
#2054 = CARTESIAN_POINT ( 'NONE',  ( -47.50000000000000000, -15.00000000000000000, 25.00000000000000000 ) ) ;
#2055 = VERTEX_POINT ( 'NONE', #1521 ) ;
#2056 = CARTESIAN_POINT ( 'NONE',  ( 42.50000000000000000, -65.00000000000000000, 35.00000000000000000 ) ) ;
#2057 = VERTEX_POINT ( 'NONE', #917 ) ;
#2058 = CARTESIAN_POINT ( 'NONE',  ( 42.50000000000000000, 0.000000000000000000, 25.00000000000000000 ) ) ;
#2059 = EDGE_CURVE ( 'NONE', #1670, #287, #1100, .T. ) ;
#2060 = CARTESIAN_POINT ( 'NONE',  ( -50.00000000000000000, 0.000000000000000000, 0.000000000000000000 ) ) ;
#2061 = EDGE_LOOP ( 'NONE', ( #85, #606 ) ) ;
#2062 = ORIENTED_EDGE ( 'NONE', *, *, #2338, .F. ) ;
#2063 = ORIENTED_EDGE ( 'NONE', *, *, #1921, .T. ) ;
#2064 = VECTOR ( 'NONE', #1902, 1000.000000000000000 ) ;
#2065 = CARTESIAN_POINT ( 'NONE',  ( 50.00000000000000000, 0.000000000000000000, 35.00000000000000000 ) ) ;
#2066 = CIRCLE ( 'NONE', #1891, 1.700000000000000178 ) ;
#2067 = EDGE_LOOP ( 'NONE', ( #136, #228, #301, #844 ) ) ;
#2068 = FACE_OUTER_BOUND ( 'NONE', #241, .T. ) ;
#2069 = VERTEX_POINT ( 'NONE', #1335 ) ;
#2070 = EDGE_CURVE ( 'NONE', #2014, #2323, #2325, .T. ) ;
#2071 = DATE_AND_TIME ( #1313, #782 ) ;
#2072 = EDGE_LOOP ( 'NONE', ( #818, #2089, #579, #1482 ) ) ;
#2073 = EDGE_CURVE ( 'NONE', #2506, #2093, #1346, .T. ) ;
#2074 = VERTEX_POINT ( 'NONE', #766 ) ;
#2075 = ORIENTED_EDGE ( 'NONE', *, *, #2073, .F. ) ;
#2076 = ORIENTED_EDGE ( 'NONE', *, *, #1752, .F. ) ;
#2077 = DIRECTION ( 'NONE',  ( 0.000000000000000000, 0.000000000000000000, 1.000000000000000000 ) ) ;
#2078 = CIRCLE ( 'NONE', #254, 1.700000000000000178 ) ;
#2079 = DIRECTION ( 'NONE',  ( -0.000000000000000000, 1.000000000000000000, -0.000000000000000000 ) ) ;
#2080 = CIRCLE ( 'NONE', #1527, 1.700000000000000178 ) ;
#2081 = VERTEX_POINT ( 'NONE', #1890 ) ;
#2082 = VECTOR ( 'NONE', #1893, 1000.000000000000000 ) ;
#2083 = EDGE_CURVE ( 'NONE', #1994, #1236, #1499, .T. ) ;
#2084 = CARTESIAN_POINT ( 'NONE',  ( -55.00000000000000000, -26.00000000000000000, 10.00000000000000178 ) ) ;
#2085 = VERTEX_POINT ( 'NONE', #1385 ) ;
#2086 = EDGE_CURVE ( 'NONE', #1034, #2457, #1556, .T. ) ;
#2087 = CARTESIAN_POINT ( 'NONE',  ( 55.00000000000000000, -28.50000000000000000, 10.00000000000000178 ) ) ;
#2088 = ORIENTED_EDGE ( 'NONE', *, *, #1122, .F. ) ;
#2089 = ORIENTED_EDGE ( 'NONE', *, *, #76, .F. ) ;
#2090 = ORIENTED_EDGE ( 'NONE', *, *, #30, .T. ) ;
#2091 = LINE ( 'NONE', #1888, #496 ) ;
#2092 = PLANE ( 'NONE',  #1439 ) ;
#2093 = VERTEX_POINT ( 'NONE', #1977 ) ;
#2094 = CARTESIAN_POINT ( 'NONE',  ( -44.20000000000000284, 40.00000000000000000, 33.00000000000000000 ) ) ;
#2095 = LINE ( 'NONE', #930, #2317 ) ;
#2096 = DIRECTION ( 'NONE',  ( 0.000000000000000000, 0.000000000000000000, 1.000000000000000000 ) ) ;
#2097 = LINE ( 'NONE', #2087, #1826 ) ;
#2098 = ORIENTED_EDGE ( 'NONE', *, *, #1226, .F. ) ;
#2099 = EDGE_LOOP ( 'NONE', ( #1007, #610 ) ) ;
#2100 = ADVANCED_FACE ( 'NONE', ( #1748 ), #2533, .F. ) ;
#2101 = AXIS2_PLACEMENT_3D ( 'NONE', #2041, #1443, #1852 ) ;
#2102 = LINE ( 'NONE', #329, #2221 ) ;
#2103 = EDGE_LOOP ( 'NONE', ( #1078, #8, #1254, #2391 ) ) ;
#2104 = CARTESIAN_POINT ( 'NONE',  ( -48.00000000000000000, 2.000000000000001776, 2.000000000000000000 ) ) ;
#2105 = ORIENTED_EDGE ( 'NONE', *, *, #884, .T. ) ;
#2106 = PLANE ( 'NONE',  #630 ) ;
#2107 = LINE ( 'NONE', #1329, #403 ) ;
#2108 = DIRECTION ( 'NONE',  ( -0.000000000000000000, -1.000000000000000000, -0.000000000000000000 ) ) ;
#2109 = ORIENTED_EDGE ( 'NONE', *, *, #1571, .T. ) ;
#2110 = AXIS2_PLACEMENT_3D ( 'NONE', #2530, #1517, #2322 ) ;
#2111 = EDGE_LOOP ( 'NONE', ( #1076, #351, #1307, #313 ) ) ;
#2112 = EDGE_CURVE ( 'NONE', #326, #2457, #230, .T. ) ;
#2113 = FACE_BOUND ( 'NONE', #1500, .T. ) ;
#2114 = EDGE_CURVE ( 'NONE', #1851, #1614, #234, .T. ) ;
#2115 = VECTOR ( 'NONE', #177, 1000.000000000000000 ) ;
#2116 = ORIENTED_EDGE ( 'NONE', *, *, #682, .F. ) ;
#2117 = AXIS2_PLACEMENT_3D ( 'NONE', #1360, #2382, #1811 ) ;
#2118 = EDGE_CURVE ( 'NONE', #1034, #1672, #570, .T. ) ;
#2119 = CARTESIAN_POINT ( 'NONE',  ( 48.30000000000000426, -26.00000000000000355, 15.69999999999999929 ) ) ;
#2120 = AXIS2_PLACEMENT_3D ( 'NONE', #334, #2233, #232 ) ;
#2121 = CARTESIAN_POINT ( 'NONE',  ( 42.50000000000000000, -65.00000000000000000, 35.00000000000000000 ) ) ;
#2122 = ORIENTED_EDGE ( 'NONE', *, *, #2524, .F. ) ;
#2123 = DIRECTION ( 'NONE',  ( -0.000000000000000000, -1.000000000000000000, -0.000000000000000000 ) ) ;
#2124 = DIRECTION ( 'NONE',  ( 1.000000000000000000, -0.000000000000000000, 0.000000000000000000 ) ) ;
#2125 = DIRECTION ( 'NONE',  ( 1.000000000000000000, 0.000000000000000000, 0.000000000000000000 ) ) ;
#2126 = ORIENTED_EDGE ( 'NONE', *, *, #1039, .F. ) ;
#2127 = CARTESIAN_POINT ( 'NONE',  ( 52.50000000000000000, -65.00000000000000000, 35.00000000000000000 ) ) ;
#2128 = LINE ( 'NONE', #1300, #1714 ) ;
#2129 = CARTESIAN_POINT ( 'NONE',  ( -45.79999999999999716, -15.00000000000000000, 35.00000000000000000 ) ) ;
#2130 = DIRECTION ( 'NONE',  ( -0.000000000000000000, -1.000000000000000000, -0.000000000000000000 ) ) ;
#2131 = DIRECTION ( 'NONE',  ( 0.000000000000000000, 0.000000000000000000, -1.000000000000000000 ) ) ;
#2132 = ORIENTED_EDGE ( 'NONE', *, *, #2118, .T. ) ;
#2133 = PLANE ( 'NONE',  #1866 ) ;
#2134 = DIRECTION ( 'NONE',  ( -0.000000000000000000, -0.000000000000000000, -1.000000000000000000 ) ) ;
#2135 = ORIENTED_EDGE ( 'NONE', *, *, #775, .T. ) ;
#2136 = AXIS2_PLACEMENT_3D ( 'NONE', #198, #1574, #2173 ) ;
#2137 = EDGE_CURVE ( 'NONE', #1614, #704, #2376, .T. ) ;
#2138 = FACE_OUTER_BOUND ( 'NONE', #913, .T. ) ;
#2139 = DIRECTION ( 'NONE',  ( 0.000000000000000000, -0.000000000000000000, 1.000000000000000000 ) ) ;
#2140 = ADVANCED_FACE ( 'NONE', ( #1953 ), #1358, .F. ) ;
#2141 = FACE_OUTER_BOUND ( 'NONE', #103, .T. ) ;
#2142 = DIRECTION ( 'NONE',  ( -0.000000000000000000, -1.000000000000000000, -0.000000000000000000 ) ) ;
#2143 = VERTEX_POINT ( 'NONE', #371 ) ;
#2144 = ADVANCED_FACE ( 'NONE', ( #1191 ), #1179, .F. ) ;
#2145 = CARTESIAN_POINT ( 'NONE',  ( 42.50000000000000000, -65.00000000000000000, 25.00000000000000000 ) ) ;
#2146 = VECTOR ( 'NONE', #1583, 1000.000000000000000 ) ;
#2147 = DIRECTION ( 'NONE',  ( 0.000000000000000000, 0.000000000000000000, -1.000000000000000000 ) ) ;
#2148 = ADVANCED_FACE ( 'NONE', ( #1779 ), #834, .F. ) ;
#2149 = DIRECTION ( 'NONE',  ( -0.000000000000000000, -1.000000000000000000, -0.000000000000000000 ) ) ;
#2150 = EDGE_LOOP ( 'NONE', ( #1587, #1463, #1722, #179, #636, #2241, #1064, #1033, #974 ) ) ;
#2151 = AXIS2_PLACEMENT_3D ( 'NONE', #1980, #1623, #2203 ) ;
#2152 = FACE_OUTER_BOUND ( 'NONE', #1073, .T. ) ;
#2153 = EDGE_CURVE ( 'NONE', #1934, #752, #401, .T. ) ;
#2154 = DIRECTION ( 'NONE',  ( 0.000000000000000000, 0.000000000000000000, -1.000000000000000000 ) ) ;
#2155 = AXIS2_PLACEMENT_3D ( 'NONE', #181, #1357, #2147 ) ;
#2156 = FACE_BOUND ( 'NONE', #444, .T. ) ;
#2157 = FACE_OUTER_BOUND ( 'NONE', #949, .T. ) ;
#2158 = ORIENTED_EDGE ( 'NONE', *, *, #38, .F. ) ;
#2159 = VECTOR ( 'NONE', #1928, 1000.000000000000000 ) ;
#2160 = CARTESIAN_POINT ( 'NONE',  ( -55.00000000000000000, -28.50000000000000000, 10.00000000000000178 ) ) ;
#2161 = EDGE_CURVE ( 'NONE', #2287, #473, #608, .T. ) ;
#2162 = DIRECTION ( 'NONE',  ( -1.000000000000000000, -0.000000000000000000, -0.000000000000000000 ) ) ;
#2163 = VERTEX_POINT ( 'NONE', #1398 ) ;
#2164 = LINE ( 'NONE', #1182, #145 ) ;
#2165 = DIRECTION ( 'NONE',  ( 1.000000000000000000, 0.000000000000000000, -0.000000000000000000 ) ) ;
#2166 = CARTESIAN_POINT ( 'NONE',  ( 48.30000000000000426, -26.00000000000000355, 15.69999999999999929 ) ) ;
#2167 = DIRECTION ( 'NONE',  ( -1.000000000000000000, -0.000000000000000000, -0.000000000000000000 ) ) ;
#2168 = DIRECTION ( 'NONE',  ( -0.000000000000000000, -1.000000000000000000, -0.000000000000000000 ) ) ;
#2169 = CARTESIAN_POINT ( 'NONE',  ( 48.00000000000000000, 2.000000000000001776, 33.00000000000000000 ) ) ;
#2170 = CARTESIAN_POINT ( 'NONE',  ( 48.00000000000000000, 2.000000000000001776, 2.000000000000000000 ) ) ;
#2171 = ORIENTED_EDGE ( 'NONE', *, *, #229, .F. ) ;
#2172 = CARTESIAN_POINT ( 'NONE',  ( -42.50000000000000000, -65.00000000000000000, 25.00000000000000000 ) ) ;
#2173 = DIRECTION ( 'NONE',  ( 0.000000000000000000, -0.000000000000000000, 1.000000000000000000 ) ) ;
#2174 = ORIENTED_EDGE ( 'NONE', *, *, #1332, .T. ) ;
#2175 = DIRECTION ( 'NONE',  ( -0.000000000000000000, -0.000000000000000000, 1.000000000000000000 ) ) ;
#2176 = DIRECTION ( 'NONE',  ( 1.000000000000000000, 0.000000000000000000, 0.000000000000000000 ) ) ;
#2177 = VECTOR ( 'NONE', #2149, 1000.000000000000000 ) ;
#2178 = DIRECTION ( 'NONE',  ( -0.000000000000000000, -0.000000000000000000, 1.000000000000000000 ) ) ;
#2179 = VECTOR ( 'NONE', #1635, 1000.000000000000000 ) ;
#2180 = CARTESIAN_POINT ( 'NONE',  ( 51.70000000000000284, -28.50000000000000000, 15.69999999999999929 ) ) ;
#2181 = DIRECTION ( 'NONE',  ( -1.000000000000000000, 0.000000000000000000, -0.000000000000000000 ) ) ;
#2182 = LINE ( 'NONE', #255, #1686 ) ;
#2183 = ORIENTED_EDGE ( 'NONE', *, *, #1752, .T. ) ;
#2184 = DIRECTION ( 'NONE',  ( 0.000000000000000000, 0.000000000000000000, -1.000000000000000000 ) ) ;
#2185 = EDGE_CURVE ( 'NONE', #446, #1245, #1206, .T. ) ;
#2186 = ORIENTED_EDGE ( 'NONE', *, *, #1618, .T. ) ;
#2187 = LINE ( 'NONE', #979, #322 ) ;
#2188 = EDGE_CURVE ( 'NONE', #1846, #551, #1993, .T. ) ;
#2189 = PLANE ( 'NONE',  #1292 ) ;
#2190 = CARTESIAN_POINT ( 'NONE',  ( -52.50000000000000000, -65.00000000000000000, 25.00000000000000000 ) ) ;
#2191 = APPROVAL_STATUS ( 'not_yet_approved' ) ;
#2192 = DIRECTION ( 'NONE',  ( 0.000000000000000000, -1.000000000000000000, 0.000000000000000000 ) ) ;
#2193 = VECTOR ( 'NONE', #2454, 1000.000000000000000 ) ;
#2194 = DIRECTION ( 'NONE',  ( 0.000000000000000000, 0.000000000000000000, 1.000000000000000000 ) ) ;
#2195 = ORIENTED_EDGE ( 'NONE', *, *, #503, .T. ) ;
#2196 = AXIS2_PLACEMENT_3D ( 'NONE', #1963, #1936, #157 ) ;
#2197 = ORIENTED_EDGE ( 'NONE', *, *, #2118, .F. ) ;
#2198 = VECTOR ( 'NONE', #445, 1000.000000000000000 ) ;
#2199 = VERTEX_POINT ( 'NONE', #1792 ) ;
#2200 = DIRECTION ( 'NONE',  ( 1.000000000000000000, 0.000000000000000000, 0.000000000000000000 ) ) ;
#2201 = ORIENTED_EDGE ( 'NONE', *, *, #2284, .F. ) ;
#2202 = CARTESIAN_POINT ( 'NONE',  ( -51.70000000000000284, -26.00000000000000355, 15.69999999999999929 ) ) ;
#2203 = DIRECTION ( 'NONE',  ( 0.000000000000000000, 0.000000000000000000, -1.000000000000000000 ) ) ;
#2204 = DIRECTION ( 'NONE',  ( 0.000000000000000000, 0.000000000000000000, 1.000000000000000000 ) ) ;
#2205 = MECHANICAL_CONTEXT ( 'NONE', #1684, 'mechanical' ) ;
#2206 = ADVANCED_FACE ( 'NONE', ( #1764 ), #20, .F. ) ;
#2207 = DIRECTION ( 'NONE',  ( 1.000000000000000000, 0.000000000000000000, 0.000000000000000000 ) ) ;
#2208 = LINE ( 'NONE', #2386, #1248 ) ;
#2209 = ORIENTED_EDGE ( 'NONE', *, *, #2070, .F. ) ;
#2210 = DIRECTION ( 'NONE',  ( 1.000000000000000000, 0.000000000000000000, 0.000000000000000000 ) ) ;
#2211 = CARTESIAN_POINT ( 'NONE',  ( 21.69999999999999929, -28.50000000000000000, 15.69999999999999929 ) ) ;
#2212 = ORIENTED_EDGE ( 'NONE', *, *, #493, .T. ) ;
#2213 = EDGE_LOOP ( 'NONE', ( #855, #1892, #197, #1901 ) ) ;
#2214 = CARTESIAN_POINT ( 'NONE',  ( -40.80000000000000426, 40.00000000000000000, 35.00000000000000000 ) ) ;
#2215 = ORIENTED_EDGE ( 'NONE', *, *, #1367, .T. ) ;
#2216 = CARTESIAN_POINT ( 'NONE',  ( -52.50000000000000000, -65.00000000000000000, 25.00000000000000000 ) ) ;
#2217 = EDGE_CURVE ( 'NONE', #1741, #2081, #406, .T. ) ;
#2218 = FACE_OUTER_BOUND ( 'NONE', #303, .T. ) ;
#2219 = ADVANCED_FACE ( 'NONE', ( #435 ), #1219, .F. ) ;
#2220 = DIRECTION ( 'NONE',  ( -0.000000000000000000, -1.000000000000000000, -0.000000000000000000 ) ) ;
#2221 = VECTOR ( 'NONE', #756, 1000.000000000000000 ) ;
#2222 = DIRECTION ( 'NONE',  ( 1.000000000000000000, 0.000000000000000000, 0.000000000000000000 ) ) ;
#2223 = VERTEX_POINT ( 'NONE', #2430 ) ;
#2224 = VECTOR ( 'NONE', #1631, 1000.000000000000000 ) ;
#2225 = VERTEX_POINT ( 'NONE', #1862 ) ;
#2226 = EDGE_CURVE ( 'NONE', #700, #1934, #1451, .T. ) ;
#2227 = FACE_OUTER_BOUND ( 'NONE', #1131, .T. ) ;
#2228 = VERTEX_POINT ( 'NONE', #1428 ) ;
#2229 = EDGE_CURVE ( 'NONE', #1330, #1710, #49, .T. ) ;
#2230 = DIRECTION ( 'NONE',  ( 1.000000000000000000, 0.000000000000000000, 0.000000000000000000 ) ) ;
#2231 = DIRECTION ( 'NONE',  ( -0.000000000000000000, -0.000000000000000000, -1.000000000000000000 ) ) ;
#2232 = VECTOR ( 'NONE', #1761, 1000.000000000000000 ) ;
#2233 = DIRECTION ( 'NONE',  ( -0.000000000000000000, -0.000000000000000000, 1.000000000000000000 ) ) ;
#2234 = DIRECTION ( 'NONE',  ( 0.000000000000000000, 1.000000000000000000, 0.000000000000000000 ) ) ;
#2235 = DIRECTION ( 'NONE',  ( -1.000000000000000000, -0.000000000000000000, -0.000000000000000000 ) ) ;
#2236 = LINE ( 'NONE', #1215, #1816 ) ;
#2237 = VERTEX_POINT ( 'NONE', #1440 ) ;
#2238 = VECTOR ( 'NONE', #1423, 1000.000000000000000 ) ;
#2239 = VECTOR ( 'NONE', #2168, 1000.000000000000000 ) ;
#2240 = ORIENTED_EDGE ( 'NONE', *, *, #382, .F. ) ;
#2241 = ORIENTED_EDGE ( 'NONE', *, *, #527, .F. ) ;
#2242 = VECTOR ( 'NONE', #2231, 1000.000000000000000 ) ;
#2243 = DIRECTION ( 'NONE',  ( 1.000000000000000000, 0.000000000000000000, 0.000000000000000000 ) ) ;
#2244 = CC_DESIGN_PERSON_AND_ORGANIZATION_ASSIGNMENT ( #465, #1391, ( #1964 ) ) ;
#2245 = CIRCLE ( 'NONE', #2441, 1.700000000000000178 ) ;
#2246 = ORIENTED_EDGE ( 'NONE', *, *, #493, .F. ) ;
#2247 = CARTESIAN_POINT ( 'NONE',  ( 42.50000000000000000, -65.00000000000000000, 25.00000000000000000 ) ) ;
#2248 = AXIS2_PLACEMENT_3D ( 'NONE', #1187, #1759, #1529 ) ;
#2249 = EDGE_LOOP ( 'NONE', ( #833, #243, #1640, #543 ) ) ;
#2250 = CARTESIAN_POINT ( 'NONE',  ( 51.70000000000000284, -26.00000000000000355, 15.69999999999999929 ) ) ;
#2251 = CARTESIAN_POINT ( 'NONE',  ( -45.79999999999999716, -15.00000000000000000, 25.00000000000000000 ) ) ;
#2252 = ORIENTED_EDGE ( 'NONE', *, *, #1645, .T. ) ;
#2253 = DIRECTION ( 'NONE',  ( -0.000000000000000000, -0.000000000000000000, 1.000000000000000000 ) ) ;
#2254 = EDGE_LOOP ( 'NONE', ( #1452, #1874, #857, #962 ) ) ;
#2255 = CARTESIAN_POINT ( 'NONE',  ( -52.50000000000000000, -65.00000000000000000, 25.00000000000000000 ) ) ;
#2256 = DIRECTION ( 'NONE',  ( 0.000000000000000000, 0.000000000000000000, 1.000000000000000000 ) ) ;
#2257 = ORIENTED_EDGE ( 'NONE', *, *, #1498, .T. ) ;
#2258 = EDGE_CURVE ( 'NONE', #95, #752, #1263, .T. ) ;
#2259 = ORIENTED_EDGE ( 'NONE', *, *, #698, .T. ) ;
#2260 = ORIENTED_EDGE ( 'NONE', *, *, #191, .F. ) ;
#2261 = ORIENTED_EDGE ( 'NONE', *, *, #2038, .T. ) ;
#2262 = AXIS2_PLACEMENT_3D ( 'NONE', #2407, #9, #967 ) ;
#2263 = CARTESIAN_POINT ( 'NONE',  ( 55.00000000000000000, -26.00000000000000000, 25.00000000000000000 ) ) ;
#2264 = AXIS2_PLACEMENT_3D ( 'NONE', #507, #2271, #2484 ) ;
#2265 = VECTOR ( 'NONE', #1664, 1000.000000000000000 ) ;
#2266 = EDGE_CURVE ( 'NONE', #2270, #900, #1927, .T. ) ;
#2267 = PLANE ( 'NONE',  #1512 ) ;
#2268 = ORIENTED_EDGE ( 'NONE', *, *, #2509, .T. ) ;
#2269 = CIRCLE ( 'NONE', #35, 1.700000000000000178 ) ;
#2270 = VERTEX_POINT ( 'NONE', #2214 ) ;
#2271 = DIRECTION ( 'NONE',  ( -0.000000000000000000, -0.000000000000000000, 1.000000000000000000 ) ) ;
#2272 = VERTEX_POINT ( 'NONE', #2404 ) ;
#2273 = ORIENTED_EDGE ( 'NONE', *, *, #190, .T. ) ;
#2274 = ORIENTED_EDGE ( 'NONE', *, *, #1674, .F. ) ;
#2275 = DIRECTION ( 'NONE',  ( 0.000000000000000000, -1.000000000000000000, 0.000000000000000000 ) ) ;
#2276 = AXIS2_PLACEMENT_3D ( 'NONE', #865, #455, #673 ) ;
#2277 = CARTESIAN_POINT ( 'NONE',  ( -42.50000000000000000, 0.000000000000000000, 25.00000000000000000 ) ) ;
#2278 = VECTOR ( 'NONE', #1339, 1000.000000000000000 ) ;
#2279 = LINE ( 'NONE', #1693, #2193 ) ;
#2280 = EDGE_LOOP ( 'NONE', ( #680, #2257, #512, #719 ) ) ;
#2281 = VECTOR ( 'NONE', #208, 1000.000000000000000 ) ;
#2282 = PERSON_AND_ORGANIZATION ( #2439, #1513 ) ;
#2283 = LINE ( 'NONE', #2094, #2548 ) ;
#2284 = EDGE_CURVE ( 'NONE', #1262, #664, #1052, .T. ) ;
#2285 = CARTESIAN_POINT ( 'NONE',  ( -55.00000000000000000, -28.50000000000000000, 25.00000000000000000 ) ) ;
#2286 = VERTEX_POINT ( 'NONE', #651 ) ;
#2287 = VERTEX_POINT ( 'NONE', #2453 ) ;
#2288 = ORIENTED_EDGE ( 'NONE', *, *, #659, .F. ) ;
#2289 = FACE_OUTER_BOUND ( 'NONE', #1694, .T. ) ;
#2290 = CARTESIAN_POINT ( 'NONE',  ( 48.30000000000000426, -28.50000000000000000, 15.69999999999999929 ) ) ;
#2291 = LINE ( 'NONE', #1938, #2398 ) ;
#2292 = ORIENTED_EDGE ( 'NONE', *, *, #190, .F. ) ;
#2293 = PLANE ( 'NONE',  #954 ) ;
#2294 = CARTESIAN_POINT ( 'NONE',  ( -44.20000000000000284, -20.00000000000000000, 25.00000000000000000 ) ) ;
#2295 = EDGE_CURVE ( 'NONE', #338, #1544, #61, .T. ) ;
#2296 = LINE ( 'NONE', #1683, #950 ) ;
#2297 = EDGE_LOOP ( 'NONE', ( #1875, #526, #1408, #1429, #1728 ) ) ;
#2298 = ORIENTED_EDGE ( 'NONE', *, *, #2114, .F. ) ;
#2299 = AXIS2_PLACEMENT_3D ( 'NONE', #182, #584, #2390 ) ;
#2300 = EDGE_CURVE ( 'NONE', #1472, #1860, #1314, .T. ) ;
#2301 = LINE ( 'NONE', #538, #1847 ) ;
#2302 = AXIS2_PLACEMENT_3D ( 'NONE', #274, #97, #460 ) ;
#2303 = EDGE_CURVE ( 'NONE', #1860, #1472, #1599, .T. ) ;
#2304 = ORIENTED_EDGE ( 'NONE', *, *, #853, .T. ) ;
#2305 = VECTOR ( 'NONE', #1343, 1000.000000000000000 ) ;
#2306 = CARTESIAN_POINT ( 'NONE',  ( 47.50000000000000000, -15.00000000000000000, 35.00000000000000000 ) ) ;
#2307 = CARTESIAN_POINT ( 'NONE',  ( -55.00000000000000000, -28.50000000000000000, 25.00000000000000000 ) ) ;
#2308 = ORIENTED_EDGE ( 'NONE', *, *, #2545, .T. ) ;
#2309 = CARTESIAN_POINT ( 'NONE',  ( -44.20000000000000284, 40.00000000000000000, 35.00000000000000000 ) ) ;
#2310 = CARTESIAN_POINT ( 'NONE',  ( -21.69999999999999929, -26.00000000000000355, 22.30000000000000071 ) ) ;
#2311 = EDGE_CURVE ( 'NONE', #211, #904, #447, .T. ) ;
#2312 = AXIS2_PLACEMENT_3D ( 'NONE', #1227, #2000, #1242 ) ;
#2313 = CARTESIAN_POINT ( 'NONE',  ( -37.50000000000000711, -15.00000000000000000, 35.00000000000000000 ) ) ;
#2314 = ORIENTED_EDGE ( 'NONE', *, *, #382, .T. ) ;
#2315 = AXIS2_PLACEMENT_3D ( 'NONE', #1941, #364, #725 ) ;
#2316 = ADVANCED_BREP_SHAPE_REPRESENTATION ( 'F_car_battery_box_V3_100x45x35_t2', ( #1146, #537 ), #1643 ) ;
#2317 = VECTOR ( 'NONE', #1907, 1000.000000000000000 ) ;
#2318 = DIRECTION ( 'NONE',  ( 0.000000000000000000, 1.000000000000000000, 0.000000000000000000 ) ) ;
#2319 = CYLINDRICAL_SURFACE ( 'NONE', #2384, 1.700000000000000178 ) ;
#2320 = CARTESIAN_POINT ( 'NONE',  ( 50.00000000000000000, 0.000000000000000000, 25.00000000000000000 ) ) ;
#2321 = DIRECTION ( 'NONE',  ( -0.000000000000000000, 1.000000000000000000, -0.000000000000000000 ) ) ;
#2322 = DIRECTION ( 'NONE',  ( 1.000000000000000000, 0.000000000000000000, 0.000000000000000000 ) ) ;
#2323 = VERTEX_POINT ( 'NONE', #1077 ) ;
#2324 = DIRECTION ( 'NONE',  ( -0.000000000000000000, 1.000000000000000000, -0.000000000000000000 ) ) ;
#2325 = LINE ( 'NONE', #560, #1926 ) ;
#2326 = EDGE_CURVE ( 'NONE', #1442, #1016, #2066, .T. ) ;
#2327 = VERTEX_POINT ( 'NONE', #2263 ) ;
#2328 = ADVANCED_FACE ( 'NONE', ( #2440 ), #2418, .F. ) ;
#2329 = CYLINDRICAL_SURFACE ( 'NONE', #2477, 1.700000000000000178 ) ;
#2330 = CARTESIAN_POINT ( 'NONE',  ( 0.000000000000000000, 2.000000000000001776, 0.000000000000000000 ) ) ;
#2331 = LINE ( 'NONE', #1550, #2115 ) ;
#2332 = CARTESIAN_POINT ( 'NONE',  ( 40.80000000000000426, 40.00000000000000000, 35.00000000000000000 ) ) ;
#2333 = EDGE_CURVE ( 'NONE', #473, #822, #1063, .T. ) ;
#2334 = ORIENTED_EDGE ( 'NONE', *, *, #1486, .F. ) ;
#2335 = CARTESIAN_POINT ( 'NONE',  ( 18.30000000000000071, -28.50000000000000000, 15.69999999999999929 ) ) ;
#2336 = LINE ( 'NONE', #1691, #2064 ) ;
#2337 = VERTEX_POINT ( 'NONE', #86 ) ;
#2338 = EDGE_CURVE ( 'NONE', #2223, #2081, #289, .T. ) ;
#2339 = AXIS2_PLACEMENT_3D ( 'NONE', #2247, #479, #518 ) ;
#2340 = AXIS2_PLACEMENT_3D ( 'NONE', #1548, #2275, #772 ) ;
#2341 = EDGE_CURVE ( 'NONE', #1899, #2143, #244, .T. ) ;
#2342 = DIRECTION ( 'NONE',  ( 0.000000000000000000, 0.000000000000000000, -1.000000000000000000 ) ) ;
#2343 = FACE_OUTER_BOUND ( 'NONE', #213, .T. ) ;
#2344 = LINE ( 'NONE', #801, #837 ) ;
#2345 = DIRECTION ( 'NONE',  ( 1.000000000000000000, 0.000000000000000000, 0.000000000000000000 ) ) ;
#2346 = CARTESIAN_POINT ( 'NONE',  ( 18.30000000000000071, -28.50000000000000000, 15.69999999999999929 ) ) ;
#2347 = ORIENTED_EDGE ( 'NONE', *, *, #188, .T. ) ;
#2348 = CARTESIAN_POINT ( 'NONE',  ( -20.00000000000000000, -28.50000000000000000, 13.99999999999999822 ) ) ;
#2349 = CARTESIAN_POINT ( 'NONE',  ( -37.50000000000000711, -25.00000000000000000, 35.00000000000000000 ) ) ;
#2350 = ORIENTED_EDGE ( 'NONE', *, *, #1028, .T. ) ;
#2351 = DIRECTION ( 'NONE',  ( -0.000000000000000000, 1.000000000000000000, -0.000000000000000000 ) ) ;
#2352 = DIRECTION ( 'NONE',  ( -1.000000000000000000, -0.000000000000000000, -0.000000000000000000 ) ) ;
#2353 = VECTOR ( 'NONE', #1566, 1000.000000000000000 ) ;
#2354 = DIRECTION ( 'NONE',  ( 0.000000000000000000, 1.000000000000000000, 0.000000000000000000 ) ) ;
#2355 = CARTESIAN_POINT ( 'NONE',  ( -52.50000000000000000, 0.000000000000000000, 35.00000000000000000 ) ) ;
#2356 = AXIS2_PLACEMENT_3D ( 'NONE', #233, #1997, #1767 ) ;
#2357 = FACE_OUTER_BOUND ( 'NONE', #1634, .T. ) ;
#2358 = LINE ( 'NONE', #593, #376 ) ;
#2359 = CARTESIAN_POINT ( 'NONE',  ( -20.00000000000000000, -26.00000000000000355, 15.69999999999999929 ) ) ;
#2360 = EDGE_LOOP ( 'NONE', ( #2292, #1949, #524, #484, #2126 ) ) ;
#2361 = VECTOR ( 'NONE', #2321, 1000.000000000000000 ) ;
#2362 = CARTESIAN_POINT ( 'NONE',  ( -55.00000000000000000, -26.00000000000000000, 10.00000000000000178 ) ) ;
#2363 = DIRECTION ( 'NONE',  ( 1.000000000000000000, 0.000000000000000000, 0.000000000000000000 ) ) ;
#2364 = ORIENTED_EDGE ( 'NONE', *, *, #2338, .T. ) ;
#2365 = FACE_OUTER_BOUND ( 'NONE', #539, .T. ) ;
#2366 = DIRECTION ( 'NONE',  ( 0.000000000000000000, 0.000000000000000000, -1.000000000000000000 ) ) ;
#2367 = EDGE_LOOP ( 'NONE', ( #874, #265, #2002, #620, #1272 ) ) ;
#2368 = LINE ( 'NONE', #1783, #2438 ) ;
#2369 = CARTESIAN_POINT ( 'NONE',  ( -48.00000000000000000, 2.000000000000001776, 2.000000000000000000 ) ) ;
#2370 = DIRECTION ( 'NONE',  ( 0.000000000000000000, -1.000000000000000000, 0.000000000000000000 ) ) ;
#2371 = CARTESIAN_POINT ( 'NONE',  ( -50.00000000000000000, 0.000000000000000000, 35.00000000000000000 ) ) ;
#2372 = LINE ( 'NONE', #1987, #2238 ) ;
#2373 = ADVANCED_FACE ( 'NONE', ( #2227 ), #1474, .F. ) ;
#2374 = VERTEX_POINT ( 'NONE', #305 ) ;
#2375 = EDGE_CURVE ( 'NONE', #495, #446, #1876, .T. ) ;
#2376 = LINE ( 'NONE', #1169, #104 ) ;
#2377 = ORIENTED_EDGE ( 'NONE', *, *, #757, .T. ) ;
#2378 = CARTESIAN_POINT ( 'NONE',  ( -50.00000000000000000, 45.00000000000000000, 35.00000000000000000 ) ) ;
#2379 = ADVANCED_FACE ( 'NONE', ( #514 ), #1173, .F. ) ;
#2380 = DIRECTION ( 'NONE',  ( -0.000000000000000000, 0.000000000000000000, -1.000000000000000000 ) ) ;
#2381 = AXIS2_PLACEMENT_3D ( 'NONE', #1276, #247, #1093 ) ;
#2382 = DIRECTION ( 'NONE',  ( -1.000000000000000000, 0.000000000000000000, 0.000000000000000000 ) ) ;
#2383 = PERSON_AND_ORGANIZATION ( #2439, #1513 ) ;
#2384 = AXIS2_PLACEMENT_3D ( 'NONE', #354, #1973, #944 ) ;
#2385 = CARTESIAN_POINT ( 'NONE',  ( 42.50000000000000000, 40.00000000000000000, 33.00000000000000000 ) ) ;
#2386 = CARTESIAN_POINT ( 'NONE',  ( 51.70000000000000284, -26.00000000000000355, 15.69999999999999929 ) ) ;
#2387 = ORIENTED_EDGE ( 'NONE', *, *, #389, .T. ) ;
#2388 = EDGE_LOOP ( 'NONE', ( #1286, #2030, #1424, #246 ) ) ;
#2389 = EDGE_LOOP ( 'NONE', ( #1832, #1955, #2075, #2400 ) ) ;
#2390 = DIRECTION ( 'NONE',  ( 1.000000000000000000, 0.000000000000000000, 0.000000000000000000 ) ) ;
#2391 = ORIENTED_EDGE ( 'NONE', *, *, #1571, .F. ) ;
#2392 = DIRECTION ( 'NONE',  ( 0.000000000000000000, 0.000000000000000000, 1.000000000000000000 ) ) ;
#2393 = ADVANCED_FACE ( 'NONE', ( #2503 ), #1756, .F. ) ;
#2394 = LINE ( 'NONE', #2408, #1655 ) ;
#2395 = DIRECTION ( 'NONE',  ( 0.000000000000000000, 0.000000000000000000, -1.000000000000000000 ) ) ;
#2396 = APPROVAL_ROLE ( '' ) ;
#2397 = CARTESIAN_POINT ( 'NONE',  ( -48.00000000000000000, 45.00000000000000000, 2.000000000000000000 ) ) ;
#2398 = VECTOR ( 'NONE', #2478, 1000.000000000000000 ) ;
#2399 = LINE ( 'NONE', #45, #290 ) ;
#2400 = ORIENTED_EDGE ( 'NONE', *, *, #1416, .T. ) ;
#2401 = LINE ( 'NONE', #2211, #2198 ) ;
#2402 = ORIENTED_EDGE ( 'NONE', *, *, #1192, .T. ) ;
#2403 = VECTOR ( 'NONE', #2504, 1000.000000000000000 ) ;
#2404 = CARTESIAN_POINT ( 'NONE',  ( -48.00000000000000000, 45.00000000000000000, 33.00000000000000000 ) ) ;
#2405 = EDGE_LOOP ( 'NONE', ( #185, #282, #1787, #109 ) ) ;
#2406 = EDGE_CURVE ( 'NONE', #1472, #705, #140, .T. ) ;
#2407 = CARTESIAN_POINT ( 'NONE',  ( -20.00000000000000000, -26.00000000000000355, 15.69999999999999929 ) ) ;
#2408 = CARTESIAN_POINT ( 'NONE',  ( 48.00000000000000000, 2.000000000000001776, 2.000000000000000000 ) ) ;
#2409 = EDGE_CURVE ( 'NONE', #1101, #704, #452, .T. ) ;
#2410 = CARTESIAN_POINT ( 'NONE',  ( 52.50000000000000000, -28.49999999999999645, 25.00000000000000000 ) ) ;
#2411 = CARTESIAN_POINT ( 'NONE',  ( 51.70000000000000284, -26.00000000000000355, 15.69999999999999929 ) ) ;
#2412 = EDGE_CURVE ( 'NONE', #1337, #1246, #395, .T. ) ;
#2413 = DIRECTION ( 'NONE',  ( 1.000000000000000000, 0.000000000000000000, 0.000000000000000000 ) ) ;
#2414 = ORIENTED_EDGE ( 'NONE', *, *, #2083, .T. ) ;
#2415 = EDGE_CURVE ( 'NONE', #1578, #320, #2128, .T. ) ;
#2416 = EDGE_LOOP ( 'NONE', ( #417, #1115, #1157, #622, #1030, #172, #2053, #502, #1114, #2259, #32, #1584, #1746, #1496, #2076, #1450, #1678, #1004, #912, #732 ) ) ;
#2417 = VECTOR ( 'NONE', #581, 1000.000000000000000 ) ;
#2418 = CYLINDRICAL_SURFACE ( 'NONE', #1397, 1.700000000000000178 ) ;
#2419 = ORIENTED_EDGE ( 'NONE', *, *, #890, .T. ) ;
#2420 = DIRECTION ( 'NONE',  ( -1.000000000000000000, 0.000000000000000000, 0.000000000000000000 ) ) ;
#2421 = ADVANCED_FACE ( 'NONE', ( #1099 ), #2319, .F. ) ;
#2422 = DIRECTION ( 'NONE',  ( 0.000000000000000000, -1.000000000000000000, 0.000000000000000000 ) ) ;
#2423 = DIRECTION ( 'NONE',  ( -0.000000000000000000, 1.000000000000000000, -0.000000000000000000 ) ) ;
#2424 = VECTOR ( 'NONE', #2498, 1000.000000000000000 ) ;
#2425 = FACE_OUTER_BOUND ( 'NONE', #2388, .T. ) ;
#2426 = ORIENTED_EDGE ( 'NONE', *, *, #420, .F. ) ;
#2427 = CC_DESIGN_DATE_AND_TIME_ASSIGNMENT ( #1256, #1043, ( #1249 ) ) ;
#2428 = ORIENTED_EDGE ( 'NONE', *, *, #665, .F. ) ;
#2429 = EDGE_LOOP ( 'NONE', ( #1068, #1324, #1978, #2252 ) ) ;
#2430 = CARTESIAN_POINT ( 'NONE',  ( -49.20000000000000284, -55.00000000000000000, 25.00000000000000000 ) ) ;
#2431 = ORIENTED_EDGE ( 'NONE', *, *, #1596, .T. ) ;
#2432 = LINE ( 'NONE', #501, #281 ) ;
#2433 = PERSON_AND_ORGANIZATION_ROLE ( 'creator' ) ;
#2434 = CARTESIAN_POINT ( 'NONE',  ( 42.50000000000000000, 0.000000000000000000, 25.00000000000000000 ) ) ;
#2435 = AXIS2_PLACEMENT_3D ( 'NONE', #762, #2370, #1186 ) ;
#2436 = VERTEX_POINT ( 'NONE', #959 ) ;
#2437 = ORIENTED_EDGE ( 'NONE', *, *, #2161, .F. ) ;
#2438 = VECTOR ( 'NONE', #771, 1000.000000000000000 ) ;
#2440 = FACE_OUTER_BOUND ( 'NONE', #1911, .T. ) ;
#2439 = PERSON ( '未', '未', '未', ('未'), ('未'), ('未') ) ;
#2441 = AXIS2_PLACEMENT_3D ( 'NONE', #1582, #961, #2345 ) ;
#2442 = EDGE_LOOP ( 'NONE', ( #1298, #2535, #585, #1976 ) ) ;
#2443 = EDGE_CURVE ( 'NONE', #1246, #2237, #2091, .T. ) ;
#2444 = DIRECTION ( 'NONE',  ( -0.000000000000000000, 1.000000000000000000, -0.000000000000000000 ) ) ;
#2445 = AXIS2_PLACEMENT_3D ( 'NONE', #1023, #173, #823 ) ;
#2446 = ORIENTED_EDGE ( 'NONE', *, *, #2415, .F. ) ;
#2447 = CARTESIAN_POINT ( 'NONE',  ( -21.69999999999999929, -26.00000000000000355, 15.69999999999999929 ) ) ;
#2448 = ORIENTED_EDGE ( 'NONE', *, *, #1109, .F. ) ;
#2449 = EDGE_CURVE ( 'NONE', #880, #383, #1279, .T. ) ;
#2450 = CARTESIAN_POINT ( 'NONE',  ( 42.50000000000000000, -65.00000000000000000, 35.00000000000000000 ) ) ;
#2451 = EDGE_LOOP ( 'NONE', ( #335, #275, #2448, #83 ) ) ;
#2452 = ORIENTED_EDGE ( 'NONE', *, *, #2114, .T. ) ;
#2453 = CARTESIAN_POINT ( 'NONE',  ( 42.50000000000000000, 0.000000000000000000, 25.00000000000000000 ) ) ;
#2454 = DIRECTION ( 'NONE',  ( 0.000000000000000000, 0.000000000000000000, 1.000000000000000000 ) ) ;
#2455 = ORIENTED_EDGE ( 'NONE', *, *, #1636, .T. ) ;
#2456 = DIRECTION ( 'NONE',  ( -1.000000000000000000, 0.000000000000000000, 0.000000000000000000 ) ) ;
#2457 = VERTEX_POINT ( 'NONE', #176 ) ;
#2458 = CIRCLE ( 'NONE', #101, 1.700000000000000178 ) ;
#2459 = DIRECTION ( 'NONE',  ( -0.000000000000000000, -0.000000000000000000, 1.000000000000000000 ) ) ;
#2460 = ORIENTED_EDGE ( 'NONE', *, *, #1545, .F. ) ;
#2461 = ORIENTED_EDGE ( 'NONE', *, *, #458, .T. ) ;
#2462 = CIRCLE ( 'NONE', #2101, 1.700000000000000178 ) ;
#2463 = DIRECTION ( 'NONE',  ( 0.000000000000000000, 1.000000000000000000, 0.000000000000000000 ) ) ;
#2464 = AXIS2_PLACEMENT_3D ( 'NONE', #1743, #1361, #2154 ) ;
#2465 = PLANE ( 'NONE',  #1802 ) ;
#2466 = ORIENTED_EDGE ( 'NONE', *, *, #856, .F. ) ;
#2467 = ADVANCED_FACE ( 'NONE', ( #365 ), #1929, .F. ) ;
#2468 = PERSON_AND_ORGANIZATION_ROLE ( 'design_supplier' ) ;
#2469 = ORIENTED_EDGE ( 'NONE', *, *, #311, .T. ) ;
#2470 = DIRECTION ( 'NONE',  ( 1.000000000000000000, 0.000000000000000000, 0.000000000000000000 ) ) ;
#2471 = VECTOR ( 'NONE', #1394, 1000.000000000000000 ) ;
#2472 = ORIENTED_EDGE ( 'NONE', *, *, #521, .T. ) ;
#2473 = VERTEX_POINT ( 'NONE', #1378 ) ;
#2474 = AXIS2_PLACEMENT_3D ( 'NONE', #737, #2459, #702 ) ;
#2475 = ADVANCED_FACE ( 'NONE', ( #2343 ), #1564, .F. ) ;
#2476 = FACE_OUTER_BOUND ( 'NONE', #2416, .T. ) ;
#2477 = AXIS2_PLACEMENT_3D ( 'NONE', #1349, #1796, #2553 ) ;
#2478 = DIRECTION ( 'NONE',  ( 1.000000000000000000, 0.000000000000000000, 0.000000000000000000 ) ) ;
#2479 = ORIENTED_EDGE ( 'NONE', *, *, #1028, .F. ) ;
#2480 = EDGE_CURVE ( 'NONE', #822, #119, #575, .T. ) ;
#2481 = VECTOR ( 'NONE', #988, 1000.000000000000000 ) ;
#2482 = DIRECTION ( 'NONE',  ( -1.000000000000000000, -0.000000000000000000, -0.000000000000000000 ) ) ;
#2483 = ADVANCED_FACE ( 'NONE', ( #761 ), #1537, .T. ) ;
#2484 = DIRECTION ( 'NONE',  ( 1.000000000000000000, 0.000000000000000000, 0.000000000000000000 ) ) ;
#2485 = CARTESIAN_POINT ( 'NONE',  ( 52.50000000000000000, 0.000000000000000000, 35.00000000000000000 ) ) ;
#2486 = ORIENTED_EDGE ( 'NONE', *, *, #644, .T. ) ;
#2487 = ORIENTED_EDGE ( 'NONE', *, *, #735, .T. ) ;
#2488 = ORIENTED_EDGE ( 'NONE', *, *, #1066, .F. ) ;
#2489 = ADVANCED_FACE ( 'NONE', ( #785 ), #164, .F. ) ;
#2490 = CARTESIAN_POINT ( 'NONE',  ( -55.00000000000000000, -28.50000000000000000, 25.00000000000000000 ) ) ;
#2491 = ORIENTED_EDGE ( 'NONE', *, *, #30, .F. ) ;
#2492 = FACE_BOUND ( 'NONE', #2367, .T. ) ;
#2493 = CARTESIAN_POINT ( 'NONE',  ( -52.50000000000000000, 0.000000000000000000, 25.00000000000000000 ) ) ;
#2494 = ORIENTED_EDGE ( 'NONE', *, *, #151, .T. ) ;
#2495 = ORIENTED_EDGE ( 'NONE', *, *, #2028, .F. ) ;
#2496 = ORIENTED_EDGE ( 'NONE', *, *, #1565, .F. ) ;
#2497 = EDGE_CURVE ( 'NONE', #1337, #433, #378, .T. ) ;
#2498 = DIRECTION ( 'NONE',  ( -0.000000000000000000, -0.000000000000000000, -1.000000000000000000 ) ) ;
#2499 = AXIS2_PLACEMENT_3D ( 'NONE', #2054, #476, #2243 ) ;
#2500 = ORIENTED_EDGE ( 'NONE', *, *, #53, .T. ) ;
#2501 = LOCAL_TIME ( 16, 22, 44.00000000000000000, #2025 ) ;
#2502 = LINE ( 'NONE', #554, #2278 ) ;
#2503 = FACE_OUTER_BOUND ( 'NONE', #2213, .T. ) ;
#2504 = DIRECTION ( 'NONE',  ( -0.000000000000000000, -0.000000000000000000, 1.000000000000000000 ) ) ;
#2505 = EDGE_CURVE ( 'NONE', #1449, #1319, #410, .T. ) ;
#2506 = VERTEX_POINT ( 'NONE', #236 ) ;
#2507 = DIRECTION ( 'NONE',  ( 0.000000000000000000, 1.000000000000000000, 0.000000000000000000 ) ) ;
#2508 = FACE_OUTER_BOUND ( 'NONE', #1736, .T. ) ;
#2509 = EDGE_CURVE ( 'NONE', #664, #1034, #221, .T. ) ;
#2510 = VECTOR ( 'NONE', #504, 1000.000000000000000 ) ;
#2511 = VERTEX_POINT ( 'NONE', #2046 ) ;
#2512 = VECTOR ( 'NONE', #2318, 1000.000000000000000 ) ;
#2513 = AXIS2_PLACEMENT_3D ( 'NONE', #1745, #972, #1342 ) ;
#2514 = LINE ( 'NONE', #271, #2082 ) ;
#2515 = DIRECTION ( 'NONE',  ( 0.000000000000000000, -1.000000000000000000, 0.000000000000000000 ) ) ;
#2516 = CARTESIAN_POINT ( 'NONE',  ( 47.50000000000000000, -15.00000000000000000, 25.00000000000000000 ) ) ;
#2517 = CARTESIAN_POINT ( 'NONE',  ( 55.00000000000000000, -28.50000000000000000, 10.00000000000000178 ) ) ;
#2518 = DIRECTION ( 'NONE',  ( -0.000000000000000000, 1.000000000000000000, -0.000000000000000000 ) ) ;
#2519 = LINE ( 'NONE', #1919, #2232 ) ;
#2520 = ORIENTED_EDGE ( 'NONE', *, *, #2028, .T. ) ;
#2521 = EDGE_CURVE ( 'NONE', #2436, #383, #453, .T. ) ;
#2522 = FACE_BOUND ( 'NONE', #1508, .T. ) ;
#2523 = DIRECTION ( 'NONE',  ( 0.000000000000000000, 1.000000000000000000, -0.000000000000000000 ) ) ;
#2524 = EDGE_CURVE ( 'NONE', #19, #1846, #41, .T. ) ;
#2525 = ORIENTED_EDGE ( 'NONE', *, *, #1674, .T. ) ;
#2526 = FACE_OUTER_BOUND ( 'NONE', #1098, .T. ) ;
#2527 = DIRECTION ( 'NONE',  ( -1.000000000000000000, 0.000000000000000000, 0.000000000000000000 ) ) ;
#2528 = DIRECTION ( 'NONE',  ( -0.000000000000000000, -1.000000000000000000, -0.000000000000000000 ) ) ;
#2529 = CARTESIAN_POINT ( 'NONE',  ( -18.30000000000000071, -26.00000000000000355, 15.69999999999999929 ) ) ;
#2530 = CARTESIAN_POINT ( 'NONE',  ( -47.50000000000000000, -55.00000000000000000, 25.00000000000000000 ) ) ;
#2531 = ORIENTED_EDGE ( 'NONE', *, *, #1367, .F. ) ;
#2532 = CARTESIAN_POINT ( 'NONE',  ( 50.00000000000000000, -26.00000000000000355, 22.30000000000000071 ) ) ;
#2533 = PLANE ( 'NONE',  #2136 ) ;
#2534 = CIRCLE ( 'NONE', #2015, 1.700000000000000178 ) ;
#2535 = ORIENTED_EDGE ( 'NONE', *, *, #1943, .T. ) ;
#2536 = CARTESIAN_POINT ( 'NONE',  ( 52.50000000000000000, -65.00000000000000000, 25.00000000000000000 ) ) ;
#2537 = VECTOR ( 'NONE', #2077, 1000.000000000000000 ) ;
#2538 = CC_DESIGN_PERSON_AND_ORGANIZATION_ASSIGNMENT ( #266, #2433, ( #1554 ) ) ;
#2539 = LINE ( 'NONE', #998, #676 ) ;
#2540 = CARTESIAN_POINT ( 'NONE',  ( 50.00000000000000000, 0.000000000000000000, 0.000000000000000000 ) ) ;
#2541 = CARTESIAN_POINT ( 'NONE',  ( -52.50000000000000000, 0.000000000000000000, 35.00000000000000000 ) ) ;
#2542 = CARTESIAN_POINT ( 'NONE',  ( -51.70000000000000284, -26.00000000000000355, 15.69999999999999929 ) ) ;
#2543 = VERTEX_POINT ( 'NONE', #1013 ) ;
#2544 = CARTESIAN_POINT ( 'NONE',  ( -50.00000000000000000, -26.00000000000000355, 15.69999999999999929 ) ) ;
#2545 = EDGE_CURVE ( 'NONE', #431, #123, #454, .T. ) ;
#2546 = ORIENTED_EDGE ( 'NONE', *, *, #1858, .T. ) ;
#2547 = CARTESIAN_POINT ( 'NONE',  ( 42.50000000000000000, 40.00000000000000000, 33.00000000000000000 ) ) ;
#2548 = VECTOR ( 'NONE', #1649, 1000.000000000000000 ) ;
#2549 = EDGE_CURVE ( 'NONE', #156, #880, #658, .T. ) ;
#2550 = CARTESIAN_POINT ( 'NONE',  ( 42.50000000000000000, -20.00000000000000000, 25.00000000000000000 ) ) ;
#2551 = EDGE_LOOP ( 'NONE', ( #1762, #96, #671, #2035 ) ) ;
#2552 = VECTOR ( 'NONE', #139, 1000.000000000000000 ) ;
#2553 = DIRECTION ( 'NONE',  ( 0.000000000000000000, 0.000000000000000000, -1.000000000000000000 ) ) ;
#2554 = EDGE_CURVE ( 'NONE', #1544, #2506, #999, .T. ) ;
#2555 = AXIS2_PLACEMENT_3D ( 'NONE', #2306, #1881, #102 ) ;
ENDSEC;
END-ISO-10303-21;
